{
"type": "FeatureCollection",
"name": "states_2021",
"crs": { "type": "name", "properties": { "name": "urn:ogc:def:crs:OGC:1.3:CRS84" } },
"features": [
{ "type": "Feature", "properties": { "STE_NAME21": "Australian Capital Territory" }, "geometry": { "type": "Polygon", "coordinates": [ [ [ 148.801132849460146, -35.321713977297541 ], [ 149.120913017119051, -35.124447979207211 ], [ 149.185560754840452, -35.161145937772133 ], [ 149.204981680164167, -35.22910083265419 ], [ 149.238768769425974, -35.222270613236745 ], [ 149.234512128259126, -35.240445942873002 ], [ 149.27162471843252, -35.270776747743696 ], [ 149.341460237576001, -35.286636748763868 ], [ 149.361679283118491, -35.308979669909078 ], [ 149.394801272197981, -35.30319134836887 ], [ 149.397195632854306, -35.324260838775231 ], [ 149.356225461623467, -35.350655584998584 ], [ 149.254997213874532, -35.330164926746242 ], [ 149.206444900565259, -35.345909161335612 ], [ 149.138205621859356, -35.429724057237841 ], [ 149.15509916649026, -35.436206977362879 ], [ 149.135146161020685, -35.453687708414307 ], [ 149.151640645542187, -35.493164061318538 ], [ 149.132618780327874, -35.549195013827763 ], [ 149.142728303099119, -35.592723191810137 ], [ 149.078213585414204, -35.586356038115902 ], [ 149.109473293983172, -35.696565680241491 ], [ 149.090717468841774, -35.765562473000784 ], [ 149.100560951540103, -35.814647439661755 ], [ 149.049082197428618, -35.920226424555175 ], [ 149.012368667364626, -35.89961999987203 ], [ 148.959160652779104, -35.895452408363077 ], [ 148.907814918704105, -35.850766566072664 ], [ 148.886664732906354, -35.810016782429592 ], [ 148.903292237464342, -35.757921888567708 ], [ 148.886664732906354, -35.719255900679109 ], [ 148.854872944191527, -35.759311085737359 ], [ 148.791156346725359, -35.703395899658936 ], [ 148.798472448730877, -35.666929473955619 ], [ 148.767478780234825, -35.647364947149711 ], [ 148.783441184610467, -35.628495018928625 ], [ 148.768942000635917, -35.604299834890554 ], [ 148.788761986069034, -35.588324067439579 ], [ 148.762823078958576, -35.495479389934623 ], [ 148.785835545266821, -35.408886099693092 ], [ 148.808714991538579, -35.382491353469739 ], [ 148.801132849460146, -35.321713977297541 ] ] ] } },
{ "type": "Feature", "properties": { "STE_NAME21": "New South Wales" }, "geometry": { "type": "MultiPolygon", "coordinates": [ [ [ [ 149.977961112055141, -37.502406234355966 ], [ 148.194960543294741, -36.796231006450441 ], [ 148.108896579702702, -36.800861663682603 ], [ 148.101580477697183, -36.789979619187008 ], [ 148.130844885719199, -36.735453630278244 ], [ 148.168888616147854, -36.713921074148665 ], [ 148.211188987743327, -36.650481070067968 ], [ 148.219569250040536, -36.619571433043255 ], [ 148.203606845664893, -36.609962819286501 ], [ 148.217440929457126, -36.598849241929301 ], [ 148.189639741836203, -36.576622087214901 ], [ 148.16077439392356, -36.57974778084661 ], [ 148.151729031444034, -36.560993619056333 ], [ 148.13337226641201, -36.566897707027344 ], [ 148.124725964041886, -36.464791715058055 ], [ 148.087746393904951, -36.45194164123879 ], [ 148.080297271862975, -36.422073902091313 ], [ 148.038662000449818, -36.391164265066593 ], [ 148.058215945809991, -36.318578712952373 ], [ 148.035070459465288, -36.310822362088494 ], [ 148.026956237240995, -36.225965568309022 ], [ 148.04065730099677, -36.20686410722633 ], [ 148.021901475855373, -36.176996368078854 ], [ 148.034671399355915, -36.141224540960359 ], [ 148.004342831042152, -36.14006687665232 ], [ 147.990774787322863, -36.120618116277214 ], [ 147.996893709000204, -36.100474757317286 ], [ 147.980399224478674, -36.086351252759179 ], [ 147.997558809182522, -36.047801031301383 ], [ 147.923333628835735, -36.041781176899569 ], [ 147.912825045955088, -35.995474604577893 ], [ 147.777011588725571, -35.968616792631323 ], [ 147.708373249910267, -35.928561607573073 ], [ 147.646784973027536, -35.946042338624508 ], [ 147.600627020374617, -35.979035771403701 ], [ 147.552739807247661, -35.966764529738455 ], [ 147.548217126007899, -35.978804238542089 ], [ 147.583866495780171, -35.985634457959534 ], [ 147.555267187940473, -36.003230955441772 ], [ 147.522145198860983, -35.987139421559995 ], [ 147.523475399225617, -35.961439273921464 ], [ 147.494077971167144, -35.943495477146811 ], [ 147.464015442926325, -35.944074309300838 ], [ 147.45337384000922, -35.960397376044227 ], [ 147.404289446554088, -35.943495477146811 ], [ 147.390322342725398, -35.949631097979434 ], [ 147.391652543090032, -35.973942048448315 ], [ 147.353209752552004, -36.000336794671668 ], [ 147.352278612296743, -36.032288329573625 ], [ 147.317959442889105, -36.060303805828234 ], [ 147.285635574028419, -36.039581614714287 ], [ 147.207286772551242, -36.050116359917467 ], [ 147.145299435559139, -36.037729351821419 ], [ 147.123085089469669, -35.997326867470761 ], [ 147.097279202395697, -36.022563949386075 ], [ 147.095416921885203, -36.052663221395157 ], [ 147.061496812586967, -36.066670959522469 ], [ 147.052983530253272, -36.107883808888758 ], [ 147.035025825330649, -36.114945561167808 ], [ 147.013210539350609, -36.103253151656588 ], [ 147.016136980152794, -36.089476946390889 ], [ 146.960268564838032, -36.081489062665405 ], [ 146.941911799806036, -36.115408626891025 ], [ 146.924087114919871, -36.098159428701202 ], [ 146.907725650434827, -36.111241035382079 ], [ 146.90187276883043, -36.082994026265858 ], [ 146.880589562996221, -36.087508917067218 ], [ 146.873007420917787, -36.073616945370716 ], [ 146.825785307973149, -36.088782347806067 ], [ 146.804103042029567, -36.058335776504563 ], [ 146.750362947298186, -36.06146147013628 ], [ 146.750495967334643, -36.041549644037957 ], [ 146.735996783360093, -36.048148330593797 ], [ 146.727217460953483, -36.026847307325824 ], [ 146.682655748738142, -36.039002782560267 ], [ 146.681458568409965, -36.0233743144017 ], [ 146.65684986166417, -36.026384241602607 ], [ 146.650863960023287, -36.007745846243139 ], [ 146.612820229594661, -35.994664239562262 ], [ 146.612554189521717, -35.972900150571078 ], [ 146.583954881682018, -35.983897961497476 ], [ 146.563469796066585, -35.968848325492928 ], [ 146.549635712274352, -35.992464677376987 ], [ 146.501216419001537, -35.958313580289747 ], [ 146.494166357068963, -35.991422779499743 ], [ 146.467961409885618, -35.984592560082298 ], [ 146.455058466348618, -35.962712704660312 ], [ 146.445214983650288, -35.974752413463946 ], [ 146.426060098399518, -35.963870368968351 ], [ 146.380833286001831, -36.012608036336914 ], [ 146.386819187642715, -36.036803220374985 ], [ 146.369792622975353, -36.050579425640684 ], [ 146.339863114770992, -36.026615774464219 ], [ 146.298493883430751, -36.047801031301383 ], [ 146.283595639346828, -36.038192417544636 ], [ 146.284925839711462, -36.013997233506565 ], [ 146.185958932582423, -36.042012709761174 ], [ 146.173854109264198, -36.019669788615964 ], [ 146.133682058252134, -36.019901321477576 ], [ 146.134746218543853, -36.00253635685695 ], [ 146.11785267391295, -36.018049058584708 ], [ 146.093510007240099, -36.009482342705198 ], [ 146.092179806875464, -36.021290518647227 ], [ 146.031522670247966, -35.994664239562262 ], [ 145.97179667387573, -36.015617963537821 ], [ 145.944926626510068, -35.981119567158174 ], [ 145.953040848734332, -35.961091974629049 ], [ 145.925372681149895, -35.972437084847861 ], [ 145.902759274951052, -35.952525258749539 ], [ 145.855005081860554, -35.959587011028596 ], [ 145.859261723027373, -35.974057814879117 ], [ 145.812172630119221, -35.991770078792158 ], [ 145.778252520820956, -35.960281609613418 ], [ 145.716132163792366, -35.950209930133454 ], [ 145.726241686563611, -35.942337812838772 ], [ 145.700169759416724, -35.937012557021781 ], [ 145.695647078176961, -35.920457957416779 ], [ 145.673831792196893, -35.925898979664581 ], [ 145.620490757574913, -35.883991531713463 ], [ 145.625013438814676, -35.86211167629147 ], [ 145.599606611850106, -35.873341020079479 ], [ 145.592423529881074, -35.848798536748994 ], [ 145.55797134043695, -35.82819211206585 ], [ 145.562227981603797, -35.813026709630499 ], [ 145.536688134602741, -35.819856929047944 ], [ 145.532431493435894, -35.804807293043403 ], [ 145.521390830409416, -35.818583498309096 ], [ 145.471508316735481, -35.811290213168434 ], [ 145.442243908713465, -35.835601163637314 ], [ 145.420295602696939, -35.82819211206585 ], [ 145.410319099962152, -35.848798536748994 ], [ 145.358175245668349, -35.866047734938817 ], [ 145.324787216515944, -35.850766566072664 ], [ 145.26639142050837, -35.852503062534723 ], [ 145.246571435075253, -35.830391674251125 ], [ 145.153058349441238, -35.841157952315918 ], [ 145.159443311191495, -35.831317805697559 ], [ 145.121266560726383, -35.820551527632773 ], [ 144.968160498756589, -35.865816202077205 ], [ 144.974944520616248, -35.883412699559443 ], [ 144.94900561350579, -35.932034600497197 ], [ 144.956853795657167, -35.961786573213878 ], [ 144.930914888546738, -35.968501026200521 ], [ 144.92359878654122, -35.988760151591251 ], [ 144.962041577079248, -36.019090956461945 ], [ 144.982393642658195, -36.071533149616243 ], [ 144.946478232812979, -36.082299427681029 ], [ 144.932644149020746, -36.067018258814876 ], [ 144.863473730059582, -36.059146141520195 ], [ 144.840860323860767, -36.100706290178898 ], [ 144.810398735510546, -36.103831983810608 ], [ 144.805743034234325, -36.123859576339733 ], [ 144.797096731864173, -36.113672130428967 ], [ 144.777941846613402, -36.129879430741553 ], [ 144.740297176294149, -36.107536509596343 ], [ 144.727128192684233, -36.117955488368722 ], [ 144.719413030569342, -36.086119719897567 ], [ 144.683896680833499, -36.095149501500295 ], [ 144.687887281927402, -36.061229937274668 ], [ 144.663943675363925, -36.076626872571623 ], [ 144.632683966794957, -36.048032564162995 ], [ 144.616721562419286, -36.076626872571623 ], [ 144.615125321981736, -36.034950957482117 ], [ 144.583333533266881, -36.039002782560267 ], [ 144.565109788271343, -36.010408474151632 ], [ 144.515759354743295, -35.994432706700657 ], [ 144.517887675326705, -35.96907985835454 ], [ 144.439139813740155, -35.931108469050763 ], [ 144.408146145244103, -35.904250657104193 ], [ 144.405618764551292, -35.859912114106194 ], [ 144.374891136128156, -35.840579120161891 ], [ 144.382340258170132, -35.818583498309096 ], [ 144.366776913903863, -35.824371819849311 ], [ 144.377152476748051, -35.794504080701827 ], [ 144.352410749965799, -35.786400430545534 ], [ 144.346557868361373, -35.767877801616869 ], [ 144.325008622454249, -35.768225100909277 ], [ 144.328733183475237, -35.755027727797604 ], [ 144.294946094213429, -35.75410159635117 ], [ 144.296675354687466, -35.737431230315366 ], [ 144.261292024988109, -35.749123639826585 ], [ 144.213537831897611, -35.686725533623132 ], [ 144.16338927815076, -35.671907430480196 ], [ 144.153279755379515, -35.646091516410863 ], [ 144.117497365570756, -35.625948157450935 ], [ 144.1048604621067, -35.590755162486467 ], [ 144.062161030401825, -35.576631657928353 ], [ 144.047794866463761, -35.55614099967601 ], [ 143.993389671550062, -35.556488298968425 ], [ 143.996981212534592, -35.536808005731714 ], [ 143.974367806335749, -35.532061582068742 ], [ 143.965455463892681, -35.502193842921265 ], [ 143.907192687921537, -35.499762747874378 ], [ 143.790135055833417, -35.422430772097179 ], [ 143.763797088613586, -35.423588436405218 ], [ 143.762466888248952, -35.391984200795676 ], [ 143.708593773481141, -35.391984200795676 ], [ 143.683053926480085, -35.368715148204039 ], [ 143.642349795322161, -35.401013982398403 ], [ 143.61960336908686, -35.386890477840296 ], [ 143.596191842669242, -35.350424052136979 ], [ 143.562271733370977, -35.337689744748516 ], [ 143.590871041210704, -35.281658792239291 ], [ 143.563734953772098, -35.243340103643106 ], [ 143.580894538475917, -35.218913386743424 ], [ 143.570785015704672, -35.20687367793979 ], [ 143.471552068502689, -35.219260686035838 ], [ 143.446411281611034, -35.189856012611571 ], [ 143.396395747900669, -35.19309747267409 ], [ 143.38242864407195, -35.170291485805663 ], [ 143.391207966478561, -35.146675133921612 ], [ 143.359549197800192, -35.102105058062001 ], [ 143.347045314372593, -35.104767685970494 ], [ 143.348109474664312, -35.062628705157771 ], [ 143.322702647699742, -35.035539360349595 ], [ 143.337999951893067, -35.010533811295893 ], [ 143.319643186861072, -34.993631912398477 ], [ 143.319776206897529, -34.948367237954045 ], [ 143.341192432768196, -34.940495120659357 ], [ 143.342256593059915, -34.91919409739139 ], [ 143.322303587590341, -34.891757453290801 ], [ 143.352499135867617, -34.858069421926778 ], [ 143.341724512914055, -34.845335114538322 ], [ 143.359416177763734, -34.817319638283706 ], [ 143.349306654992489, -34.792429855660806 ], [ 143.307538363542847, -34.780042847564758 ], [ 143.275879594864477, -34.791735257075985 ], [ 143.273485234208124, -34.777032920363851 ], [ 143.252601088483317, -34.774601825316964 ], [ 143.271356913624714, -34.759667955743225 ], [ 143.265637052056775, -34.748438611955216 ], [ 143.224666880825936, -34.758741824296791 ], [ 143.218813999221538, -34.729452917303334 ], [ 143.200856294298916, -34.733388975950675 ], [ 143.193540192293398, -34.713014084129135 ], [ 143.164275784271382, -34.71729744206889 ], [ 143.161748403578571, -34.697848681693792 ], [ 143.146584119421703, -34.7147505805912 ], [ 143.117319711399659, -34.702016273202737 ], [ 143.125433933623952, -34.69240765944599 ], [ 143.109604549284768, -34.70166897391033 ], [ 143.114127230524531, -34.681757147812007 ], [ 143.090050603924595, -34.701321674617915 ], [ 143.0716938388926, -34.679557585626725 ], [ 143.0525389536418, -34.699353645294245 ], [ 143.040434130323604, -34.68592473932096 ], [ 143.040035070214202, -34.702479338925954 ], [ 143.032718968208712, -34.683030578550856 ], [ 143.013830123030857, -34.694838754492878 ], [ 143.016224483687211, -34.672380066916865 ], [ 142.990684636686154, -34.667633643253893 ], [ 142.976717532857464, -34.67018050473159 ], [ 142.973525051982335, -34.695186053785292 ], [ 142.956897547424347, -34.665434081068618 ], [ 142.924706698600119, -34.649574080048446 ], [ 142.902093292401275, -34.65443627014222 ], [ 142.88679598820795, -34.679789118488337 ], [ 142.862054261425698, -34.666707511807459 ], [ 142.871897744123999, -34.652352474387747 ], [ 142.855137219529581, -34.639733933430087 ], [ 142.866842982738376, -34.627231158903236 ], [ 142.844229576539533, -34.626652326749216 ], [ 142.822813350668866, -34.600141814095053 ], [ 142.805387725892132, -34.608592763543761 ], [ 142.81070852735067, -34.589259769599465 ], [ 142.787962101115369, -34.590648966769116 ], [ 142.80911228691312, -34.561938891929678 ], [ 142.793016862500991, -34.550478015280063 ], [ 142.770004396192746, -34.568884877777926 ], [ 142.780512979073393, -34.579188090119501 ], [ 142.748322130249164, -34.576756995072614 ], [ 142.763752454478976, -34.591343565353938 ], [ 142.754707091999421, -34.602109843418731 ], [ 142.699769816939892, -34.599678748371836 ], [ 142.690192374314506, -34.61901174231614 ], [ 142.707617999091241, -34.6235266331175 ], [ 142.689394254095703, -34.651426342941313 ], [ 142.710411419856996, -34.67677919128743 ], [ 142.678885671215085, -34.680136417780751 ], [ 142.699503776866948, -34.722854230747494 ], [ 142.677688490886908, -34.723201530039901 ], [ 142.679550771397402, -34.739061531060081 ], [ 142.663322326948816, -34.722506931455079 ], [ 142.617829474478214, -34.729221384441722 ], [ 142.621687055535659, -34.758510291435179 ], [ 142.646428782317912, -34.763951313682981 ], [ 142.638713620203021, -34.780737446149587 ], [ 142.525247529099431, -34.759783722174028 ], [ 142.499574662061917, -34.739177297490883 ], [ 142.518862567349146, -34.703984302526408 ], [ 142.499707682098375, -34.703173937510783 ], [ 142.513541765890608, -34.691365761568754 ], [ 142.497978421624339, -34.672380066916865 ], [ 142.516069146583419, -34.664276416760572 ], [ 142.474300855133805, -34.671917001193648 ], [ 142.484011317795648, -34.638113203398831 ], [ 142.452352549117279, -34.633482546166661 ], [ 142.468314953492921, -34.612181522898695 ], [ 142.467915893383548, -34.564254220545756 ], [ 142.448627988096291, -34.559970862606008 ], [ 142.44969214838801, -34.58289261590523 ], [ 142.42641364200685, -34.562517724083698 ], [ 142.406327616500818, -34.565990717007821 ], [ 142.405795536354958, -34.541795532969751 ], [ 142.392493532708585, -34.549320350972017 ], [ 142.367618785889846, -34.529987357027721 ], [ 142.398213394276524, -34.523851736195098 ], [ 142.374934887895364, -34.515285020315588 ], [ 142.392227492635641, -34.492247500585556 ], [ 142.360036643811412, -34.499656552157028 ], [ 142.384113270411348, -34.478123996027449 ], [ 142.353917722134071, -34.470599178025175 ], [ 142.36735274581693, -34.434943117337482 ], [ 142.351656381514204, -34.421745744225809 ], [ 142.352055441623577, -34.394540632986825 ], [ 142.377196228515231, -34.367219755317038 ], [ 142.364027244905316, -34.361199900915217 ], [ 142.389035011760512, -34.363283696669697 ], [ 142.396750173875404, -34.338046614754383 ], [ 142.283417102808272, -34.326354205243163 ], [ 142.298847427038083, -34.305168948405992 ], [ 142.28607750353757, -34.296486466095679 ], [ 142.235928949790718, -34.306905444868057 ], [ 142.249630013546494, -34.266966026240617 ], [ 142.232470428842646, -34.253884419559739 ], [ 142.243378071832694, -34.209198577269326 ], [ 142.228080767639369, -34.189518284032616 ], [ 142.165960410610779, -34.182688064615164 ], [ 142.165827390574321, -34.152241493313667 ], [ 142.149465926089277, -34.148884266820346 ], [ 142.120334538103691, -34.156640617684225 ], [ 142.119004337739057, -34.175047480182094 ], [ 142.084951208404334, -34.173774049443246 ], [ 142.065264243007704, -34.14726353678909 ], [ 142.074442625523687, -34.130477404322477 ], [ 142.028816753016628, -34.124110250628249 ], [ 142.035866814949202, -34.099915066590178 ], [ 142.013253408750359, -34.105356088837972 ], [ 142.022298771229913, -34.125267914936295 ], [ 141.975076658285275, -34.113459738994266 ], [ 141.971618137337202, -34.135223827985449 ], [ 141.942885809461018, -34.119826892688494 ], [ 141.929583805814644, -34.137423390170731 ], [ 141.922400723845612, -34.114385870440699 ], [ 141.903644898704215, -34.111375943239793 ], [ 141.885421153708677, -34.114733169733114 ], [ 141.877839011630243, -34.136844558016712 ], [ 141.77647774384485, -34.116701199056784 ], [ 141.775147543480216, -34.102346161637065 ], [ 141.756923798484678, -34.112070541824615 ], [ 141.759052119068087, -34.096557840096857 ], [ 141.731516971520108, -34.091001051418253 ], [ 141.717017787545558, -34.114964702594719 ], [ 141.704912964227333, -34.095631708650423 ], [ 141.677510836715811, -34.101188497329019 ], [ 141.631751944172265, -34.122721053458598 ], [ 141.629756643625313, -34.144137843157374 ], [ 141.611931958739177, -34.139854485217619 ], [ 141.620312221036386, -34.15490412122216 ], [ 141.583465670935908, -34.153051858329299 ], [ 141.603817736514884, -34.16555463285615 ], [ 141.589983652722651, -34.175279013043699 ], [ 141.600891295712671, -34.192180911941108 ], [ 141.536376578027756, -34.191602079787089 ], [ 141.533051077116141, -34.211398139454602 ], [ 141.512832031573652, -34.216376095979186 ], [ 141.518684913178049, -34.180951568153105 ], [ 141.494608286578114, -34.154556821929752 ], [ 141.444060672721889, -34.167638428610623 ], [ 141.434749270169419, -34.146916237496676 ], [ 141.40827828291313, -34.14726353678909 ], [ 141.409076403131905, -34.128509374998806 ], [ 141.386462996933062, -34.133718864384996 ], [ 141.357597649020448, -34.110681344654964 ], [ 141.323278479612782, -34.137539156601534 ], [ 141.318090698190701, -34.112880906840246 ], [ 141.261025102547734, -34.078961342614619 ], [ 141.243333437698055, -34.087875357786537 ], [ 141.24253531747928, -34.061712144424796 ], [ 141.231760694525718, -34.07317302107441 ], [ 141.207151987779923, -34.061133312270776 ], [ 141.184272541508136, -34.091927182864687 ], [ 141.175493219101526, -34.074099152520844 ], [ 141.157003434033072, -34.084170832000808 ], [ 141.145962771006566, -34.055808056453778 ], [ 141.120289903969081, -34.064837838056505 ], [ 141.093153816530446, -34.051177399221615 ], [ 141.092089656238755, -34.076530247567732 ], [ 141.066283769164784, -34.050714333498398 ], [ 141.041009962236672, -34.059744115101125 ], [ 141.036753321069824, -34.036359296078679 ], [ 141.023318297386965, -34.059744115101125 ], [ 141.002833211771559, -34.040642654018434 ], [ 140.999241670787029, -28.999130358927001 ], [ 148.958096492487414, -28.999014592496195 ], [ 148.972196616352562, -28.978292401382248 ], [ 149.034583013454068, -28.952823786605325 ], [ 149.08007586592467, -28.843424509495371 ], [ 149.127830059015167, -28.835552392200686 ], [ 149.139535822223991, -28.806726550930446 ], [ 149.179175793090195, -28.803022025144713 ], [ 149.194606117319978, -28.770954723811954 ], [ 149.246350911504408, -28.739234721771606 ], [ 149.268299217520934, -28.743633846142163 ], [ 149.293706044485504, -28.711219245516993 ], [ 149.357954722097503, -28.684245667139617 ], [ 149.388017250338322, -28.694317346619581 ], [ 149.439096944340406, -28.611660115025394 ], [ 149.496694620129205, -28.57831938295379 ], [ 149.593134146565461, -28.576119820768511 ], [ 149.605505009956573, -28.598346975482915 ], [ 149.629847676629453, -28.594873982558788 ], [ 149.664033826000633, -28.612238947179417 ], [ 149.669354627459199, -28.630645809677279 ], [ 149.702476616538661, -28.633887269739798 ], [ 149.724823982664589, -28.609344786409309 ], [ 149.864761061024467, -28.602861866284275 ], [ 149.88950278780672, -28.61895340016606 ], [ 149.942045702209924, -28.618374568012037 ], [ 150.026912485473815, -28.579013981538615 ], [ 150.07692801918418, -28.583528872339979 ], [ 150.090895123012871, -28.565237776272916 ], [ 150.151685279676826, -28.551114271714805 ], [ 150.213539596632472, -28.573341426429209 ], [ 150.289094977343893, -28.537222300018303 ], [ 150.350018154044307, -28.57473062359886 ], [ 150.370104179550339, -28.621152962351339 ], [ 150.412936631291672, -28.633539970447387 ], [ 150.414399851692764, -28.651946832945249 ], [ 150.442201039313716, -28.664333841041298 ], [ 150.524540441884767, -28.654493694422943 ], [ 150.539172645895803, -28.659703183809132 ], [ 150.52746688268698, -28.669311797565879 ], [ 150.551543509286915, -28.671511359751157 ], [ 150.553405789797409, -28.653220263684098 ], [ 150.632951771602762, -28.676720849137347 ], [ 150.67299080257834, -28.650673402206404 ], [ 150.680306904583858, -28.661439680271194 ], [ 150.752137724274291, -28.634697634755426 ], [ 150.874383137784491, -28.694433113050387 ], [ 150.907904186973354, -28.688876324371787 ], [ 150.937833695177716, -28.730668005892095 ], [ 151.009930554941093, -28.740971218233668 ], [ 151.028420340009546, -28.762619540794052 ], [ 151.025227859134418, -28.793992243541986 ], [ 151.041323283546518, -28.797812535758524 ], [ 151.04637804493214, -28.845276772388239 ], [ 151.10331062053865, -28.836594290077926 ], [ 151.27477344754044, -28.938584515616412 ], [ 151.28408485009291, -29.006770943360078 ], [ 151.271847006738255, -29.030734594536543 ], [ 151.290602831879625, -29.051109486358079 ], [ 151.279030088707287, -29.099152555141817 ], [ 151.316142678880681, -29.134808615829506 ], [ 151.315610598734821, -29.166065552146634 ], [ 151.39542262061309, -29.17729489593464 ], [ 151.502769790039366, -29.069863648148356 ], [ 151.490265906611768, -29.057360873621505 ], [ 151.497848048690201, -29.020894447918188 ], [ 151.544804121561896, -28.953286852328542 ], [ 151.611713199903193, -28.923534879611868 ], [ 151.633262445810317, -28.93024933259851 ], [ 151.706423465865385, -28.871671518611592 ], [ 151.733825593376935, -28.871439985749983 ], [ 151.770672143477384, -28.95571794737543 ], [ 151.806853593395545, -28.945298968603055 ], [ 151.8257424385734, -28.963937363962529 ], [ 151.847291684480524, -28.908485243607323 ], [ 151.91632908340523, -28.929323201152076 ], [ 151.998003385793965, -28.895403636926449 ], [ 152.010640289258021, -28.906632980714456 ], [ 152.037510336623711, -28.86437823347093 ], [ 152.037510336623711, -28.85164392608247 ], [ 152.014896930424868, -28.85025472891282 ], [ 152.036579196368479, -28.817724361856843 ], [ 152.042299057936418, -28.731825670200138 ], [ 152.076086147198197, -28.708325084746889 ], [ 152.066508704572811, -28.68123573993871 ], [ 152.001993986887896, -28.650673402206404 ], [ 151.985898562475768, -28.582139675170328 ], [ 151.95676717449021, -28.563269746949246 ], [ 151.955303954089089, -28.519162736812852 ], [ 151.982573061564182, -28.503302735792676 ], [ 151.988825003277981, -28.525645656937886 ], [ 152.016759210935362, -28.525182591214669 ], [ 152.06970118544794, -28.468572806551421 ], [ 152.121845039741743, -28.460700689256736 ], [ 152.156430249222325, -28.434537475894992 ], [ 152.21722040588628, -28.449124046176319 ], [ 152.309403291155661, -28.362878055227203 ], [ 152.385224711939998, -28.368782143198217 ], [ 152.41768160083717, -28.331621118910071 ], [ 152.413158919597407, -28.301521846900986 ], [ 152.444152588093459, -28.297238488961231 ], [ 152.463440493380716, -28.259151333226654 ], [ 152.50933240596072, -28.249195420177493 ], [ 152.536468493399326, -28.265865786213297 ], [ 152.525959910518679, -28.305920971271544 ], [ 152.579566985213575, -28.339145936912345 ], [ 152.61242293422012, -28.27095950916868 ], [ 152.639692041695213, -28.312172358534969 ], [ 152.666562089060875, -28.31159352638095 ], [ 152.750896792178906, -28.363919953104439 ], [ 152.777367779435224, -28.34597615632979 ], [ 152.804237826800886, -28.353500974332064 ], [ 152.849464639198573, -28.311130460657733 ], [ 152.934331422462463, -28.337640973311888 ], [ 153.04487107276384, -28.339030170481539 ], [ 153.102335728516209, -28.357900098702622 ], [ 153.126811415225546, -28.336251776142241 ], [ 153.125880274970285, -28.317266081490352 ], [ 153.169244806857478, -28.293070897452278 ], [ 153.161130584633185, -28.279757757909799 ], [ 153.176693928899454, -28.249542719469904 ], [ 153.23282838428716, -28.265055421197665 ], [ 153.28204579777875, -28.233798484880538 ], [ 153.357335138417255, -28.249311186608296 ], [ 153.476920151198186, -28.156929574826556 ], [ 153.534650847023471, -28.177651765940507 ], [ 153.552209491836692, -28.164338626398024 ], [ 153.546755670341668, -28.173252641569949 ], [ 153.547553790560443, -28.184018919634738 ], [ 153.538375408044459, -28.182629722465087 ], [ 153.529064005491989, -28.190386073328966 ], [ 153.511638380715226, -28.18934417545173 ], [ 153.493015575610286, -28.216317753829106 ], [ 153.518289382538427, -28.2217587760769 ], [ 153.51562898180913, -28.197100526315609 ], [ 153.535049907132844, -28.191659504067815 ], [ 153.537178227716282, -28.185060817511975 ], [ 153.561653914425619, -28.208098337242006 ], [ 153.537577287825656, -28.240628704297983 ], [ 153.550746271435571, -28.239239507128332 ], [ 153.564314315154888, -28.20705643936477 ], [ 153.555934052857651, -28.170474247230647 ], [ 153.571231357051005, -28.200920818532147 ], [ 153.569103036467567, -28.240281405005572 ], [ 153.585730541025555, -28.257993668918612 ], [ 153.55181043172729, -28.499482443576142 ], [ 153.574689877999049, -28.601819968407039 ], [ 153.609275087479631, -28.638980992695181 ], [ 153.638539495501675, -28.635739532632666 ], [ 153.596904224088519, -28.770723190950346 ], [ 153.606614686750362, -28.843308743064568 ], [ 153.589588122083001, -28.873871080796874 ], [ 153.571098337014547, -28.841340713740898 ], [ 153.576552158509543, -28.869471956426313 ], [ 153.526536624799178, -28.873871080796874 ], [ 153.585730541025555, -28.876996774428587 ], [ 153.464017207661186, -29.018694885732909 ], [ 153.432757499092219, -29.101120584465487 ], [ 153.453907684889941, -29.141175769523734 ], [ 153.346028435317834, -29.291324830276761 ], [ 153.34363407466148, -29.342609359123017 ], [ 153.375957943522195, -29.3670360760227 ], [ 153.358399298708974, -29.465784841498667 ], [ 153.3674446611885, -29.482339441103665 ], [ 153.331662271379741, -29.593590981106487 ], [ 153.341239714005127, -29.612576675758373 ], [ 153.320621608353264, -29.657494050910397 ], [ 153.330598111088023, -29.684930695010991 ], [ 153.292022300513537, -29.753348655616264 ], [ 153.303195983576501, -29.776154642484688 ], [ 153.267679633840658, -29.865294794203908 ], [ 153.271803254971047, -29.919010418097052 ], [ 153.197578074624261, -30.038944440410187 ], [ 153.199839415244156, -30.104584006676159 ], [ 153.212476318708212, -30.113382255417278 ], [ 153.140246438908378, -30.255890731737228 ], [ 153.140512478981293, -30.31296358212369 ], [ 153.031702089153953, -30.499000236426014 ], [ 153.0101528432468, -30.607820681381948 ], [ 153.019198205726354, -30.649033530748238 ], [ 152.988470577303218, -30.73180652877323 ], [ 153.011483043611435, -30.856371208318532 ], [ 153.037155910648949, -30.882418655249474 ], [ 153.075997761296378, -30.878251063740525 ], [ 153.089831845088611, -30.920621577414856 ], [ 153.038885171122985, -31.003626108301457 ], [ 153.040747451633479, -31.040902899020402 ], [ 153.065755218488675, -31.04935384846911 ], [ 153.055246635608029, -31.079453120478195 ], [ 152.989800777667853, -31.145903051759799 ], [ 152.964127910630339, -31.21872013673563 ], [ 152.973040253073407, -31.318163500796423 ], [ 152.915176537211664, -31.407998251100473 ], [ 152.937922963446994, -31.471669788042774 ], [ 152.845341018068183, -31.572965414996435 ], [ 152.843345717521231, -31.644509069233422 ], [ 152.798650985269404, -31.692320605155551 ], [ 152.802242526253934, -31.732607323075406 ], [ 152.7366636482773, -31.809476233129384 ], [ 152.7366636482773, -31.83644981150676 ], [ 152.752093972507083, -31.846058425263507 ], [ 152.635967480674225, -31.92026470740899 ], [ 152.543784595404816, -32.036146904643978 ], [ 152.548041236571663, -32.073307928932124 ], [ 152.51664850796621, -32.10838515746579 ], [ 152.505341804866788, -32.155386328372288 ], [ 152.513855087200483, -32.178423848102319 ], [ 152.57092068284345, -32.215584872390465 ], [ 152.52383158993527, -32.293727213183288 ], [ 152.523565549862326, -32.311786776388743 ], [ 152.551632777556193, -32.334476996826361 ], [ 152.516249447856836, -32.409840943279882 ], [ 152.540060034383828, -32.443181675351489 ], [ 152.335608238339034, -32.527112337684521 ], [ 152.287321965102677, -32.592057305365671 ], [ 152.194606999687437, -32.649593221475349 ], [ 152.1862267373902, -32.682586654254543 ], [ 152.204982562531598, -32.701225049614017 ], [ 152.173057753780284, -32.678303296314787 ], [ 152.13128946233067, -32.684670450009023 ], [ 152.125303560689815, -32.661285630986576 ], [ 152.114395917699767, -32.681081690654089 ], [ 152.068770045192707, -32.689532640102797 ], [ 152.050546300197169, -32.676798332714334 ], [ 152.061187903114273, -32.649940520767764 ], [ 152.044826438629229, -32.67841906274559 ], [ 151.968339917662547, -32.654339645138322 ], [ 151.952510533323363, -32.683860084993391 ], [ 151.978183400360876, -32.705855706846187 ], [ 151.943066110734435, -32.718358481373038 ], [ 151.943066110734435, -32.739196438917787 ], [ 151.990554263751989, -32.719979211404294 ], [ 152.058261462312061, -32.722410306451181 ], [ 152.06970118544794, -32.735839212424466 ], [ 152.065577564317579, -32.699257020290347 ], [ 152.091117411318606, -32.728198627991389 ], [ 152.188887138119497, -32.712570159832829 ], [ 152.168136012431148, -32.761770892924609 ], [ 152.126367720981506, -32.766285783725969 ], [ 152.114927997845626, -32.792333230656908 ], [ 152.061719983260133, -32.784229580500615 ], [ 151.925241425848299, -32.822200969804392 ], [ 151.810179094307131, -32.878231922313617 ], [ 151.785171327451934, -32.920255136695538 ], [ 151.790226088837557, -32.860635424831379 ], [ 151.816963116166789, -32.82393746626645 ], [ 151.772667444024336, -32.825210897005299 ], [ 151.756705039648693, -32.852647541105888 ], [ 151.726509491371417, -32.83516681005446 ], [ 151.685938380249979, -32.823127101250826 ], [ 151.69006200138034, -32.841070898025471 ], [ 151.70921688663114, -32.86862330855687 ], [ 151.729701972246545, -32.879042287329248 ], [ 151.696446963130597, -32.832967247869178 ], [ 151.744467196294039, -32.852994840398303 ], [ 151.774396704498372, -32.856699366184039 ], [ 151.777323145300585, -32.90207980705928 ], [ 151.774662744571287, -32.889577032532429 ], [ 151.744467196294039, -32.876611192282354 ], [ 151.733825593376935, -32.877653090159598 ], [ 151.768011742748115, -32.894902288349421 ], [ 151.763356041471894, -32.924306961773681 ], [ 151.793684609785629, -32.926506523958963 ], [ 151.737949214507296, -32.96297294966228 ], [ 151.728105731808995, -33.011131784876817 ], [ 151.674365637077614, -33.046556312702897 ], [ 151.660531553285381, -33.084064636283458 ], [ 151.64137666803461, -33.085222300591496 ], [ 151.65747209244671, -33.035905801068914 ], [ 151.628340704461152, -33.015530909247381 ], [ 151.644037068763879, -32.975359957758329 ], [ 151.616634941252329, -32.962509883939063 ], [ 151.616767961288815, -33.00557499619822 ], [ 151.587370533230313, -32.989714995178048 ], [ 151.584178052355185, -32.995619083149059 ], [ 151.619029301908682, -33.046787845564509 ], [ 151.595750795527522, -33.027570618051016 ], [ 151.578325170750787, -33.033358939591224 ], [ 151.598145156183875, -33.039263027562235 ], [ 151.599209316475594, -33.059406386522163 ], [ 151.58803563341263, -33.049797772765416 ], [ 151.582315771844691, -33.070288431017758 ], [ 151.610649039611474, -33.072024927479823 ], [ 151.613841520486602, -33.082096606959787 ], [ 151.552652303713273, -33.061142882984228 ], [ 151.50981985197194, -33.093673250040204 ], [ 151.525250176201723, -33.107449455305904 ], [ 151.547065462181791, -33.092168286439751 ], [ 151.565156187140872, -33.100619235888452 ], [ 151.561431626119884, -33.118678799093907 ], [ 151.540680500431534, -33.114395441154151 ], [ 151.51194817255535, -33.136622595868559 ], [ 151.527511516821619, -33.139748289500268 ], [ 151.530304937587346, -33.16023894775261 ], [ 151.540281440322133, -33.143337048855201 ], [ 151.567683567833683, -33.175057050895546 ], [ 151.557174984953036, -33.131760405774777 ], [ 151.589365833777265, -33.115437339031388 ], [ 151.596016835600466, -33.161628144922261 ], [ 151.633794525956176, -33.070635730310173 ], [ 151.639381367487658, -33.095062447209855 ], [ 151.665453294634546, -33.090200257116081 ], [ 151.629670904825787, -33.155492524089638 ], [ 151.629271844716385, -33.18709675969918 ], [ 151.564092026849153, -33.249379099471831 ], [ 151.57047698859941, -33.289434284530081 ], [ 151.501838649784105, -33.336435455436579 ], [ 151.545735261817157, -33.275773845695184 ], [ 151.528974737222711, -33.263155304737531 ], [ 151.557574045062438, -33.25204172738033 ], [ 151.585774292792735, -33.208166250105542 ], [ 151.562495786411574, -33.194968876993862 ], [ 151.562229746338659, -33.238960120699453 ], [ 151.513278372919984, -33.220784791063195 ], [ 151.518599174378551, -33.260955742552248 ], [ 151.446502314615174, -33.302052825487735 ], [ 151.465391159793029, -33.326363775956615 ], [ 151.440250372901374, -33.332267863927626 ], [ 151.448896675271527, -33.354726551503639 ], [ 151.474037462163182, -33.365840128860839 ], [ 151.494788587851531, -33.336666988298184 ], [ 151.504898110622776, -33.354147719349619 ], [ 151.484945105153201, -33.39871779520923 ], [ 151.443974933922362, -33.437846848821046 ], [ 151.452621236292515, -33.450928455501916 ], [ 151.435461651588696, -33.468061887260937 ], [ 151.446768354688118, -33.485079552589148 ], [ 151.417237906593158, -33.523282474754531 ], [ 151.34261366613697, -33.543425833714458 ], [ 151.337425884714889, -33.52189327758488 ], [ 151.3623006315336, -33.522819409031314 ], [ 151.343677826428689, -33.494803932776705 ], [ 151.375735655216459, -33.500592254316913 ], [ 151.382785717149034, -33.47211371233908 ], [ 151.365227072335813, -33.477207435294467 ], [ 151.37001579364852, -33.491909772006601 ], [ 151.34261366613697, -33.48137502680342 ], [ 151.36948371350266, -33.43877298026748 ], [ 151.342879706209885, -33.449770791193878 ], [ 151.338357024970122, -33.429743198664752 ], [ 151.320399320047528, -33.430322030818772 ], [ 151.331972063219865, -33.436689184513 ], [ 151.313482278151412, -33.459842470673841 ], [ 151.324256901104974, -33.475818238124816 ], [ 151.306964296364669, -33.481143493941808 ], [ 151.33636172442317, -33.485774151173977 ], [ 151.331573003110492, -33.500360721455301 ], [ 151.350195808215403, -33.515873423183066 ], [ 151.312684157932637, -33.529765394879568 ], [ 151.310156777239825, -33.554307878210054 ], [ 151.273576267212263, -33.551066418147535 ], [ 151.25814594298248, -33.570052112799424 ], [ 151.237261797257673, -33.510895466658482 ], [ 151.262668624222243, -33.491330939852574 ], [ 151.231009855543874, -33.508580138042397 ], [ 151.231408915653248, -33.523050941892926 ], [ 151.199484106901963, -33.502676050071386 ], [ 151.206401148798079, -33.481490793234222 ], [ 151.233537236236685, -33.475470938832402 ], [ 151.23127589561679, -33.462505098582334 ], [ 151.195227465735115, -33.489247144098101 ], [ 151.200016187047822, -33.536016782142994 ], [ 151.182191502161658, -33.50105532004013 ], [ 151.159844136035758, -33.510895466658482 ], [ 151.165830037676614, -33.466209624368069 ], [ 151.152395013993782, -33.459842470673841 ], [ 151.172348019463357, -33.438541447405868 ], [ 151.166495137858931, -33.426733271463846 ], [ 151.141354350967276, -33.467483055106918 ], [ 151.11315410323698, -33.464704660767616 ], [ 151.101581360064614, -33.480680428218591 ], [ 151.081229294485667, -33.447108163285378 ], [ 151.072716012151972, -33.449191959039851 ], [ 151.097457738934253, -33.483458822557893 ], [ 151.155587494868911, -33.467830354399325 ], [ 151.135235429289963, -33.492025538437403 ], [ 151.155321454795995, -33.49908729071646 ], [ 151.154523334577192, -33.519809481830407 ], [ 151.111823902872317, -33.508927437334812 ], [ 151.141354350967276, -33.531617657772436 ], [ 151.123795706154056, -33.540878972236769 ], [ 151.147739312717533, -33.544004665868478 ], [ 151.151463873738521, -33.562179995504735 ], [ 151.130845768086658, -33.567968317044951 ], [ 151.116479604148566, -33.585333281665577 ], [ 151.116213564075622, -33.590774303913371 ], [ 151.123662686117598, -33.600035618377703 ], [ 151.133506168815927, -33.57109401067666 ], [ 151.159046015816955, -33.567968317044951 ], [ 151.148803473009252, -33.536827147158618 ], [ 151.174476340046766, -33.51529459102904 ], [ 151.199750146974878, -33.546898826638582 ], [ 151.231408915653248, -33.538795176482296 ], [ 151.212786110548336, -33.571788609261482 ], [ 151.231142875580332, -33.561485396919913 ], [ 151.246839239883059, -33.578155762955717 ], [ 151.233005156090826, -33.593899997545087 ], [ 151.20174544752183, -33.589963938897739 ], [ 151.213052150621252, -33.608023502103194 ], [ 151.170751779025778, -33.623999269554176 ], [ 151.158513935671124, -33.64113270131319 ], [ 151.159711115999272, -33.660465695257493 ], [ 151.175939560447858, -33.627240729616688 ], [ 151.223693753538356, -33.608833867118825 ], [ 151.218372952079818, -33.601540581978163 ], [ 151.254288361925035, -33.603624377732636 ], [ 151.249499640612328, -33.588690508158898 ], [ 151.291933032244287, -33.572020142123094 ], [ 151.310688857385657, -33.578966127971341 ], [ 151.292465112390119, -33.605360874194702 ], [ 151.304702955744801, -33.604087443455853 ], [ 151.302840675234307, -33.620526276630045 ], [ 151.274640427503982, -33.634302481895745 ], [ 151.274507407467524, -33.656761169471757 ], [ 151.284749950275227, -33.644374161375708 ], [ 151.310555837349199, -33.666717082520918 ], [ 151.300978394723813, -33.650509782208331 ], [ 151.318137979427632, -33.615548320105468 ], [ 151.326518241724841, -33.621568174507281 ], [ 151.316142678880681, -33.601077516254946 ], [ 151.329444682527054, -33.578155762955717 ], [ 151.340618365590018, -33.622031240230498 ], [ 151.314945498552504, -33.696584821668395 ], [ 151.269718686154818, -33.716033582043501 ], [ 151.294061352827697, -33.721011538568078 ], [ 151.30736335647407, -33.703067741793433 ], [ 151.299914234432094, -33.724947597215419 ], [ 151.316541738990082, -33.742428328266854 ], [ 151.291400952098428, -33.746595919775807 ], [ 151.302574635161363, -33.766044680150905 ], [ 151.288075451186813, -33.794523222128738 ], [ 151.307629396546986, -33.807604828809609 ], [ 151.300047254468552, -33.823927895552998 ], [ 151.281823509473014, -33.798690813637684 ], [ 151.260939363748207, -33.815245413242685 ], [ 151.236862737148272, -33.80436336874709 ], [ 151.232207035872051, -33.777852856092935 ], [ 151.202942627850007, -33.773569498153179 ], [ 151.233005156090826, -33.789776798465766 ], [ 151.219171072298593, -33.818255340443592 ], [ 151.237793877403533, -33.808067894532826 ], [ 151.266393185243231, -33.823580596260584 ], [ 151.254421381961492, -33.843955488082123 ], [ 151.19296612511522, -33.84754424743705 ], [ 151.189108544057774, -33.833652275740548 ], [ 151.155720514905369, -33.829716217093207 ], [ 151.144147771733032, -33.802974171577439 ], [ 151.14374871162363, -33.829137384939187 ], [ 151.174609360083224, -33.842334758050868 ], [ 151.128185367357361, -33.841640159466039 ], [ 151.092802037658004, -33.819644537613243 ], [ 151.073248092297831, -33.818718406166809 ], [ 151.051166766244847, -33.824275194845413 ], [ 151.084022715251393, -33.822538698383347 ], [ 151.080564194303349, -33.839440597280763 ], [ 151.093866197949723, -33.824390961276215 ], [ 151.099320019444747, -33.842566290912472 ], [ 151.120603225278927, -33.841640159466039 ], [ 151.118873964804919, -33.86467767919607 ], [ 151.122199465716506, -33.848123079591076 ], [ 151.151862933847923, -33.842103225189256 ], [ 151.163568697056746, -33.854721766146909 ], [ 151.144546831842405, -33.863172715595617 ], [ 151.150532733483288, -33.872086730767542 ], [ 151.180728281760565, -33.847775780298662 ], [ 151.19655766609975, -33.859352423379079 ], [ 151.173545199791505, -33.87127636575191 ], [ 151.189374584130718, -33.875559723691666 ], [ 151.205603028579276, -33.85414293399289 ], [ 151.228349454814605, -33.857847459778625 ], [ 151.230610795434472, -33.874054760091212 ], [ 151.266260165206774, -33.870929066459496 ], [ 151.264264864659822, -33.851711838946002 ], [ 151.28248860965536, -33.838051400111112 ], [ 151.285947130603404, -33.891882790435055 ], [ 151.25814594298248, -33.920940164566908 ], [ 151.265595065024456, -33.968635934058227 ], [ 151.251760981232223, -33.964931408272498 ], [ 151.241651458460979, -33.998735206067316 ], [ 151.22555603404885, -33.976623817783718 ], [ 151.209726649709665, -33.982412139323927 ], [ 151.220634292699685, -33.968404401196622 ], [ 151.202144507631232, -33.971298561966726 ], [ 151.199085046792561, -33.959837685317112 ], [ 151.208130409272087, -33.964815641841689 ], [ 151.2110568500743, -33.961805714640782 ], [ 151.193498205261079, -33.954628195930923 ], [ 151.19136988467767, -33.972687759136377 ], [ 151.186714183401421, -33.953123232330469 ], [ 151.182191502161658, -33.967941335473405 ], [ 151.168091378296509, -33.949766005837148 ], [ 151.149468573191569, -33.994220315265956 ], [ 151.127919327284445, -34.005796958346373 ], [ 151.130180667904341, -33.983801336493578 ], [ 151.109163502143048, -34.000587468960184 ], [ 151.058881928359739, -33.977202649937738 ], [ 151.036667582270297, -33.990978855203437 ], [ 151.046511064968627, -33.970719729812707 ], [ 151.044648784458133, -33.947682210082675 ], [ 151.044648784458133, -33.969214766212254 ], [ 151.0179117571289, -33.974540022029245 ], [ 151.034539261686888, -33.97743418279935 ], [ 151.035337381905663, -33.993409950250324 ], [ 151.064601789927679, -33.994683380989173 ], [ 151.043983684275815, -34.006491556931195 ], [ 151.044382744385189, -34.029297543799622 ], [ 151.068858431094526, -33.995956811728014 ], [ 151.089077476637016, -33.997230242466863 ], [ 151.09040767700165, -34.011932579178996 ], [ 151.094398278095582, -33.997809074620882 ], [ 151.126988187029184, -34.009964549855326 ], [ 151.147872332754019, -34.038790391125566 ], [ 151.160376216181618, -34.027445280906754 ], [ 151.141753411076678, -34.014595207087488 ], [ 151.163169636947345, -34.000240169667769 ], [ 151.175407480301999, -34.015058272810705 ], [ 151.162637556801485, -34.022930390105394 ], [ 151.222762613283123, -34.001397833975815 ], [ 151.231674955726191, -34.01737360142679 ], [ 151.220634292699685, -34.039369223279586 ], [ 151.165164937494296, -34.040989953310849 ], [ 151.156518635124144, -34.071552291043147 ], [ 151.149734613264513, -34.054997691438153 ], [ 151.140290190675586, -34.07375185322843 ], [ 151.13443730907116, -34.071668057473957 ], [ 151.13802885005569, -34.056734187900211 ], [ 151.1339052289253, -34.055576523592173 ], [ 151.111823902872317, -34.072478422489581 ], [ 151.111158802689999, -34.043305281926926 ], [ 151.072316952042598, -34.06263827587123 ], [ 151.097324718897767, -34.060670246547559 ], [ 151.107434241669011, -34.083128934123572 ], [ 151.169022518551742, -34.075604116121298 ], [ 151.171815939317497, -34.086486160616893 ], [ 151.128318387393847, -34.137307623739929 ], [ 150.987716208851623, -34.23293069558418 ], [ 150.928123232515873, -34.316514058624804 ], [ 150.91947693014572, -34.358537273006725 ], [ 150.930118533062824, -34.370461215379557 ], [ 150.902583385514816, -34.404959611759203 ], [ 150.901253185150182, -34.459832899960382 ], [ 150.885423800810997, -34.456475673467061 ], [ 150.917747669671684, -34.490974069846708 ], [ 150.874649177857435, -34.537049109306778 ], [ 150.862810394612154, -34.529061225581287 ], [ 150.886620981139174, -34.491552902000734 ], [ 150.832880886407793, -34.487038011199367 ], [ 150.796832456526118, -34.546194657340308 ], [ 150.81026748020895, -34.548625752387196 ], [ 150.795635276197942, -34.555224438943036 ], [ 150.804281578568094, -34.561360059775652 ], [ 150.863209454721527, -34.537975240753212 ], [ 150.875181258003266, -34.589375536030268 ], [ 150.904312645988853, -34.59666882117093 ], [ 150.856292412825411, -34.614265318653167 ], [ 150.860283013919343, -34.688818900091064 ], [ 150.828491225204488, -34.769276569499972 ], [ 150.776613410983629, -34.797176279323779 ], [ 150.74961034358148, -34.854712195433457 ], [ 150.751472624091974, -34.890599788982755 ], [ 150.770893549415689, -34.895809278368944 ], [ 150.765971808066524, -34.917920666652542 ], [ 150.781003072186934, -34.933086069087892 ], [ 150.784727633207922, -34.986570160119427 ], [ 150.817184522105066, -35.014817169235648 ], [ 150.83407806673597, -35.003240526155224 ], [ 150.849375370929295, -35.012501840619564 ], [ 150.833013906444251, -35.075131479684629 ], [ 150.80401553849515, -35.094580240059727 ], [ 150.786323873645472, -35.072584618206932 ], [ 150.773553950144958, -35.079530604055186 ], [ 150.786722933754874, -35.03438169604155 ], [ 150.760384966535042, -34.992242715228826 ], [ 150.675651203307609, -35.028130308778124 ], [ 150.674321002942975, -35.061471040849732 ], [ 150.697599509324135, -35.071774253191307 ], [ 150.70198917052744, -35.12305878203756 ], [ 150.661418059406003, -35.117849292651371 ], [ 150.633749891821537, -35.148990462537697 ], [ 150.593843880882389, -35.144012506013112 ], [ 150.605948704200614, -35.156978346263188 ], [ 150.593311800736558, -35.191708275504439 ], [ 150.539571706005177, -35.216598058127339 ], [ 150.531191443707968, -35.241372074319436 ], [ 150.544360427317883, -35.24935995804492 ], [ 150.479712689596482, -35.289762442395585 ], [ 150.474923968283804, -35.355749307953971 ], [ 150.492482613096996, -35.366284053157152 ], [ 150.452044522012017, -35.389900405041203 ], [ 150.396708186843085, -35.458897197800496 ], [ 150.389392084837596, -35.488301871224763 ], [ 150.407615829833134, -35.529630487021855 ], [ 150.322616026532785, -35.613908448647301 ], [ 150.323813206860933, -35.63937706342422 ], [ 150.299337520151624, -35.647249180718909 ], [ 150.296677119422327, -35.695986848087465 ], [ 150.26541741085336, -35.722728893603232 ], [ 150.228836900825826, -35.702585534643305 ], [ 150.179752507370694, -35.708721155475928 ], [ 150.234556762393765, -35.775286853188334 ], [ 150.224314219586034, -35.808511818829132 ], [ 150.234423742357279, -35.832475470005598 ], [ 150.18666954926681, -35.833054302159624 ], [ 150.177491166750798, -35.848798536748994 ], [ 150.191325250543031, -35.860490946260214 ], [ 150.165519363469059, -35.8655846692156 ], [ 150.150222059275734, -35.891169050423322 ], [ 150.160996682229296, -35.933192264805243 ], [ 150.151020179494509, -35.978804238542089 ], [ 150.164056143067967, -35.994085407408242 ], [ 150.124283152165276, -36.141919139545188 ], [ 150.148093738692296, -36.26729418410612 ], [ 150.130801133952019, -36.288826740235699 ], [ 150.134658715009465, -36.311864259965731 ], [ 150.066685476376477, -36.399036382361281 ], [ 150.084510161262614, -36.429714486524389 ], [ 150.054846693131196, -36.488060767649699 ], [ 150.068281716814028, -36.554047633208086 ], [ 149.983148893477221, -36.701418299621807 ], [ 149.979291312419775, -36.722256257166563 ], [ 149.991928215883831, -36.725613483659885 ], [ 149.971044070159024, -36.781412903307505 ], [ 149.942045702209924, -36.808039182392463 ], [ 149.937922081079535, -36.902504589928675 ], [ 149.915973775063037, -36.897295100542493 ], [ 149.904134991817756, -36.918711890241262 ], [ 149.910386933531555, -36.941749409971294 ], [ 149.942444762319326, -36.949274227973568 ], [ 149.926615377980113, -36.991760508078706 ], [ 149.944041002756876, -37.055663577882612 ], [ 149.924354037360246, -37.045939197695063 ], [ 149.91477659473486, -37.075691170411737 ], [ 149.873008303285218, -37.082289856967577 ], [ 149.878329104743784, -37.101044018757854 ], [ 149.912914314224366, -37.111926063253449 ], [ 149.936724900751358, -37.098728690141769 ], [ 150.005097199493747, -37.142835700278162 ], [ 150.020926583832932, -37.218315413162493 ], [ 150.050457031927891, -37.259759795390394 ], [ 149.986075334279434, -37.240079502153684 ], [ 149.944972143012137, -37.27515673068735 ], [ 149.972108230450743, -37.328525055288075 ], [ 149.949893884361273, -37.374600094748146 ], [ 149.977961112055141, -37.502406234355966 ] ], [ [ 148.808714991538579, -35.382491353469739 ], [ 148.785835545266821, -35.408886099693092 ], [ 148.762823078958576, -35.495479389934623 ], [ 148.788761986069034, -35.588324067439579 ], [ 148.768942000635917, -35.604299834890554 ], [ 148.783441184610467, -35.628495018928625 ], [ 148.767478780234825, -35.647364947149711 ], [ 148.798472448730877, -35.666929473955619 ], [ 148.78849594599609, -35.697839110980333 ], [ 148.859661665504206, -35.7605845164762 ], [ 148.864051326707511, -35.733842470960433 ], [ 148.886664732906354, -35.719255900679109 ], [ 148.903292237464342, -35.757921888567708 ], [ 148.886664732906354, -35.810016782429592 ], [ 148.907814918704105, -35.850766566072664 ], [ 148.959160652779104, -35.895452408363077 ], [ 149.012368667364626, -35.89961999987203 ], [ 149.049082197428618, -35.920226424555175 ], [ 149.100560951540103, -35.814647439661755 ], [ 149.090717468841774, -35.765562473000784 ], [ 149.109473293983172, -35.696565680241491 ], [ 149.078213585414204, -35.586356038115902 ], [ 149.142728303099119, -35.592723191810137 ], [ 149.131953680145557, -35.557182897553247 ], [ 149.151374605469272, -35.505782602276192 ], [ 149.135146161020685, -35.453687708414307 ], [ 149.15509916649026, -35.436206977362879 ], [ 149.138205621859356, -35.429724057237841 ], [ 149.146452864120107, -35.41525325338732 ], [ 149.217884623701138, -35.341510036965055 ], [ 149.300224026272218, -35.332943321085544 ], [ 149.356225461623467, -35.350655584998584 ], [ 149.399323953437744, -35.319051349389042 ], [ 149.394801272197981, -35.30319134836887 ], [ 149.361679283118491, -35.308979669909078 ], [ 149.341460237576001, -35.286636748763868 ], [ 149.27162471843252, -35.270776747743696 ], [ 149.234512128259126, -35.240445942873002 ], [ 149.238768769425974, -35.222270613236745 ], [ 149.204981680164167, -35.22910083265419 ], [ 149.185560754840452, -35.161145937772133 ], [ 149.120913017119051, -35.124447979207211 ], [ 148.8101782119397, -35.307474706308625 ], [ 148.793550707381712, -35.339078941918167 ], [ 148.808714991538579, -35.382491353469739 ] ] ], [ [ [ 150.23069918133632, -36.244719730099305 ], [ 150.2229840192214, -36.256412139610525 ], [ 150.225112339804838, -36.243330532929654 ], [ 150.23069918133632, -36.244719730099305 ] ] ], [ [ [ 150.414931931838623, -35.526852092682553 ], [ 150.421183873552422, -35.526736326251751 ], [ 150.411340390854122, -35.530209319175874 ], [ 150.414931931838623, -35.526852092682553 ] ] ], [ [ [ 151.178599961177127, -33.515526123890652 ], [ 151.180462241687621, -33.51020086807366 ], [ 151.182856602343975, -33.516220722475474 ], [ 151.178599961177127, -33.515526123890652 ] ] ], [ [ [ 151.292465112390119, -33.644258394944906 ], [ 151.293928332791239, -33.636386277650217 ], [ 151.295790613301733, -33.64055386915917 ], [ 151.292465112390119, -33.644258394944906 ] ] ], [ [ [ 151.236729717111814, -33.536942913589428 ], [ 151.244045819117304, -33.537290212881835 ], [ 151.234734416564862, -33.540415906513552 ], [ 151.236729717111814, -33.536942913589428 ] ] ], [ [ [ 151.215978591423465, -33.532312256357258 ], [ 151.211721950256617, -33.528028898417503 ], [ 151.215712551350521, -33.528376197709918 ], [ 151.215978591423465, -33.532312256357258 ] ] ], [ [ [ 151.588833753631405, -33.088232227792403 ], [ 151.593888515017028, -33.100503469457649 ], [ 151.585109192610417, -33.092284052870554 ], [ 151.588833753631405, -33.088232227792403 ] ] ], [ [ [ 152.190616398593505, -32.751120381290619 ], [ 152.191680558885224, -32.740122570364221 ], [ 152.200326861255377, -32.740932935379853 ], [ 152.20272122191173, -32.744290161873174 ], [ 152.190616398593505, -32.751120381290619 ] ] ], [ [ [ 152.222541207344818, -32.684207384285806 ], [ 152.225999728292891, -32.691732202288073 ], [ 152.222541207344818, -32.689301107241185 ], [ 152.222541207344818, -32.684207384285806 ] ] ], [ [ [ 151.982040981418322, -32.670546945450909 ], [ 151.97858246047025, -32.676335266991117 ], [ 151.974059779230487, -32.665337456064719 ], [ 151.982040981418322, -32.670546945450909 ] ] ], [ [ [ 151.965413476860363, -32.673556872651815 ], [ 151.970468238245985, -32.667768551111607 ], [ 151.971133338428302, -32.67332533979021 ], [ 151.965413476860363, -32.673556872651815 ] ] ], [ [ [ 152.336140318484894, -32.619725482327873 ], [ 152.333612937792054, -32.624240373129233 ], [ 152.330952537062785, -32.619030883743044 ], [ 152.336140318484894, -32.619725482327873 ] ] ], [ [ [ 152.306742890426392, -32.60895920426308 ], [ 152.327227976041797, -32.619493949466261 ], [ 152.307141950535765, -32.617178620850183 ], [ 152.306742890426392, -32.60895920426308 ] ] ], [ [ [ 159.063362622567183, -31.510914608085393 ], [ 159.105396954089741, -31.564051399824514 ], [ 159.068417383952806, -31.595076803280033 ], [ 159.076797646250043, -31.542518843694936 ], [ 159.039951096149565, -31.51195650596263 ], [ 159.063362622567183, -31.510914608085393 ] ] ] ] } },
{ "type": "Feature", "properties": { "STE_NAME21": "Northern Territory" }, "geometry": { "type": "MultiPolygon", "coordinates": [ [ [ [ 129.000568341681941, -25.998580238913341 ], [ 129.001499481937174, -14.879561859463829 ], [ 129.0524461559028, -14.910008430765329 ], [ 129.066014199622117, -14.891022736113444 ], [ 129.104190950087201, -14.918343613783231 ], [ 129.108447591254048, -14.989192669435392 ], [ 129.13066193734349, -14.948905951515535 ], [ 129.188392633168775, -14.986530041526896 ], [ 129.169503787990919, -15.051475009208042 ], [ 129.200630476523429, -15.121282166982967 ], [ 129.158197084891498, -15.197572244882924 ], [ 129.184535052111329, -15.189584361157435 ], [ 129.199566316231738, -15.146635015329082 ], [ 129.195575715137807, -15.158674724132718 ], [ 129.231225084910108, -15.175923922322541 ], [ 129.215661740643839, -15.153002169023313 ], [ 129.247320509322236, -15.095582019344437 ], [ 129.236545886368646, -15.067798075951433 ], [ 129.255168691473585, -15.034688876741436 ], [ 129.260356472895666, -15.045455154806225 ], [ 129.27818115778183, -15.02924785449364 ], [ 129.233486425530003, -15.008294130518083 ], [ 129.241866687827212, -14.910703029350154 ], [ 129.228431664144381, -14.839390907974776 ], [ 129.262883853588477, -14.850041419608761 ], [ 129.257297012056995, -14.864975289182501 ], [ 129.316490928283372, -14.859418500503901 ], [ 129.353736538493251, -14.876436165832116 ], [ 129.36730458221254, -14.903178211347882 ], [ 129.481568793534933, -14.940107702774418 ], [ 129.524800305385639, -15.028090190185598 ], [ 129.603947227081591, -15.107969027440484 ], [ 129.598493405586566, -15.132974576494188 ], [ 129.560183635085025, -15.155085964777788 ], [ 129.563642156033069, -15.179859980969884 ], [ 129.581732880992149, -15.154159833331354 ], [ 129.640394717072667, -15.136563335849118 ], [ 129.670856305422859, -15.14848727822195 ], [ 129.685621529470353, -15.131006547170518 ], [ 129.641591897400843, -15.07902741973944 ], [ 129.641059817254984, -15.041750629020491 ], [ 129.664072283563229, -15.030173985940072 ], [ 129.633876735285952, -15.030521285232485 ], [ 129.624033252587623, -14.95596770379459 ], [ 129.608469908321354, -14.94763252077669 ], [ 129.593305624164486, -14.967081281151792 ], [ 129.499659518493985, -14.790074408452194 ], [ 129.533845667865194, -14.806744774487997 ], [ 129.59210844383631, -14.891022736113444 ], [ 129.618446411056141, -14.875625800816486 ], [ 129.583861201575559, -14.834876017173414 ], [ 129.579870600481655, -14.798293825039291 ], [ 129.632014454775458, -14.84390579877614 ], [ 129.767295831859116, -14.841358937298448 ], [ 129.800550840975035, -14.858145069765055 ], [ 129.885550644275412, -14.813922293197857 ], [ 129.863602338258886, -14.802461416548242 ], [ 129.902843249015689, -14.773172509554783 ], [ 129.868391059571564, -14.776182436755692 ], [ 129.835535110565019, -14.813343461043836 ], [ 129.757851409270188, -14.824341271970233 ], [ 129.7541268482492, -14.803040248702263 ], [ 129.805073522214826, -14.764258494382862 ], [ 129.79403285918832, -14.756386377088177 ], [ 129.775144014010465, -14.78220229115751 ], [ 129.734439882852541, -14.794010467099536 ], [ 129.672452545860438, -14.763448129367232 ], [ 129.664737383745546, -14.726055572217481 ], [ 129.597828305404249, -14.674423744078814 ], [ 129.581067780809832, -14.64108301200721 ], [ 129.585191401940193, -14.613762134337421 ], [ 129.692405551330012, -14.612720236460184 ], [ 129.776208174302184, -14.536777457852638 ], [ 129.669393085021767, -14.580421402265817 ], [ 129.52626352578676, -14.5522901595804 ], [ 129.488352815394563, -14.502047528611383 ], [ 129.503650119587917, -14.486997892606839 ], [ 129.506842600463045, -14.471716723740688 ], [ 129.485559394628837, -14.4997321999953 ], [ 129.469996050362568, -14.458172051336597 ], [ 129.47345457131064, -14.494175411316698 ], [ 129.45323552576815, -14.505057455812292 ], [ 129.406811533042287, -14.432703436559677 ], [ 129.355598819003745, -14.418811464863175 ], [ 129.368900822650119, -14.3337231382221 ], [ 129.416388975667672, -14.289847660947313 ], [ 129.409338913735098, -14.235900504192562 ], [ 129.463345048539395, -14.193066924795014 ], [ 129.496334017582399, -14.127890424252259 ], [ 129.507108640535961, -14.133215680069251 ], [ 129.479706513024439, -14.047201221981743 ], [ 129.514158702468535, -14.070354508142579 ], [ 129.533845667865194, -14.056925602169294 ], [ 129.542092910125945, -14.089919034948487 ], [ 129.527726746187852, -14.129974220006734 ], [ 129.556725114136952, -14.142129695241174 ], [ 129.558853434720362, -14.095475823627087 ], [ 129.570958258038587, -14.081236552638172 ], [ 129.594901864602065, -14.091192465687332 ], [ 129.611130309050651, -14.063524288725132 ], [ 129.591310323617535, -14.033772316008458 ], [ 129.599823605951229, -14.011197862001641 ], [ 129.609268028540157, -14.035624578901324 ], [ 129.640926797218526, -14.047201221981743 ], [ 129.718876538586301, -14.014902387787375 ], [ 129.746012626024907, -13.975078735590735 ], [ 129.747209806353084, -13.919163549512314 ], [ 129.715551037674686, -13.878876831592457 ], [ 129.740026724384023, -13.826897704161379 ], [ 129.794830979407095, -13.789505147011628 ], [ 129.790175278130874, -13.666908496789995 ], [ 129.834870010382701, -13.561213745465775 ], [ 129.817311365569481, -13.501709800032424 ], [ 129.876771321868802, -13.50240439861725 ], [ 129.869455219863283, -13.479714178179629 ], [ 129.897389427520665, -13.440353591706208 ], [ 129.90896217069303, -13.512013012373997 ], [ 129.951927642470821, -13.534587466380813 ], [ 130.008328137931471, -13.533314035641967 ], [ 130.064196553246234, -13.503677829356096 ], [ 130.106363904805249, -13.456329359157184 ], [ 130.141614214468149, -13.457139724172814 ], [ 130.190831627959767, -13.394162785815338 ], [ 130.239250921232554, -13.281985114366082 ], [ 130.165025740885795, -13.179416056673574 ], [ 130.116207387503579, -13.164134887807423 ], [ 130.134032072389715, -13.107409336713372 ], [ 130.119798928488109, -13.088770941353898 ], [ 130.141082134322318, -12.933412391214683 ], [ 130.178726804641542, -12.910374871484651 ], [ 130.213312014122124, -12.946957063618772 ], [ 130.245635882982839, -12.946493997895555 ], [ 130.338749908507481, -12.889305381078289 ], [ 130.358303853867653, -12.807226981638122 ], [ 130.352051912153854, -12.670275293996772 ], [ 130.404062746411171, -12.701416463883097 ], [ 130.392889063348235, -12.664602738887366 ], [ 130.414172269182416, -12.664486972456562 ], [ 130.43412527465199, -12.635892664047928 ], [ 130.513538236420857, -12.667728432519079 ], [ 130.504891934050704, -12.713340406255927 ], [ 130.515400516931351, -12.727232377952429 ], [ 130.52684024006723, -12.722138654997046 ], [ 130.51074481565513, -12.71368770554834 ], [ 130.520189238244058, -12.703616026068376 ], [ 130.535885602546784, -12.713340406255927 ], [ 130.558099948636226, -12.702342595329531 ], [ 130.58324073552788, -12.719244494226942 ], [ 130.574062353011868, -12.741934714664561 ], [ 130.595345558846077, -12.718781428503725 ], [ 130.627536407670306, -12.726885078660018 ], [ 130.625674127159812, -12.767982161595503 ], [ 130.639375190915587, -12.743671211126625 ], [ 130.617559904935518, -12.707667851146523 ], [ 130.684735023349731, -12.726537779367606 ], [ 130.679813282000566, -12.745291941157882 ], [ 130.689124684553036, -12.751427561990505 ], [ 130.707348429548574, -12.716466099887642 ], [ 130.728232575273381, -12.71090931120904 ], [ 130.690188844844755, -12.719823326380963 ], [ 130.679547241927651, -12.712414274809495 ], [ 130.692051125355249, -12.701416463883097 ], [ 130.674093420432627, -12.707783617577327 ], [ 130.673960400396169, -12.691460550833938 ], [ 130.622481646284683, -12.672359089751247 ], [ 130.584570935892515, -12.680694272769149 ], [ 130.545729085245085, -12.63427193401667 ], [ 130.549320626229616, -12.620727261612581 ], [ 130.580713354835069, -12.622232225213034 ], [ 130.585103016038374, -12.641912518449747 ], [ 130.605987161763181, -12.604983027023211 ], [ 130.618890105300181, -12.615633538657196 ], [ 130.627669427706792, -12.611002881425028 ], [ 130.589891737351081, -12.58229280658559 ], [ 130.573663292902495, -12.596763610436113 ], [ 130.565815110751117, -12.566664338427026 ], [ 130.588694557022905, -12.501256305022661 ], [ 130.604656961398547, -12.501719370745878 ], [ 130.584304895819599, -12.457380827747876 ], [ 130.623279766503487, -12.447772213991129 ], [ 130.578984094361033, -12.404938634593581 ], [ 130.617692924972005, -12.381322282709526 ], [ 130.766276305702036, -12.439552797404032 ], [ 130.727035394945204, -12.524872656906716 ], [ 130.777050928655598, -12.479029150308259 ], [ 130.77279428748875, -12.548604775221573 ], [ 130.737410957789393, -12.580556310123528 ], [ 130.77851414905669, -12.559139520424754 ], [ 130.778647169093148, -12.614938940072371 ], [ 130.794476553432361, -12.578472514369054 ], [ 130.788224611718562, -12.548257475929161 ], [ 130.807379496969332, -12.538764628603218 ], [ 130.814429558901907, -12.577662149353424 ], [ 130.816025799339485, -12.55821338897832 ], [ 130.842097726486372, -12.556361126085454 ], [ 130.867238513378027, -12.596647844005309 ], [ 130.868834753815605, -12.641102153434117 ], [ 130.8805405170244, -12.631262006815762 ], [ 130.89863124198348, -12.662055877409674 ], [ 130.882269777498436, -12.606140691331253 ], [ 130.92975793051599, -12.609497917824575 ], [ 130.945321274782259, -12.6378606933716 ], [ 130.954765697371187, -12.636934561925166 ], [ 130.956228917772307, -12.619569597304539 ], [ 130.928826790260757, -12.58391353661685 ], [ 130.885329238337107, -12.575346820737339 ], [ 130.880407496987942, -12.552772366730524 ], [ 130.897567081691761, -12.560644484025209 ], [ 130.858991271117276, -12.507623458716893 ], [ 130.879609376769167, -12.521168131120982 ], [ 130.902355803004468, -12.513180247395493 ], [ 130.901291642712749, -12.52498842333752 ], [ 130.922574848546958, -12.50924418874815 ], [ 130.928560750187842, -12.533902438509442 ], [ 130.947050535256295, -12.541658789373322 ], [ 130.946917515219837, -12.495931049205669 ], [ 130.930689070771251, -12.488058931910984 ], [ 130.939202353104946, -12.473472361629657 ], [ 130.883866017936015, -12.493152654866369 ], [ 130.870297974216697, -12.48319674181721 ], [ 130.90794264453595, -12.466526375781406 ], [ 130.915524786614384, -12.457265061317072 ], [ 130.881870717389035, -12.464558346457736 ], [ 130.850078928674208, -12.438858198819206 ], [ 130.841166586231139, -12.473125062337244 ], [ 130.818686200068754, -12.460043455656372 ], [ 130.835579744699658, -12.426702723584768 ], [ 130.816424859448858, -12.407948561794489 ], [ 130.838240145428927, -12.411421554718615 ], [ 130.841166586231139, -12.380627684124702 ], [ 130.897434061655304, -12.330269286724882 ], [ 131.040164560780937, -12.357705930825473 ], [ 131.04881086315109, -12.346245054175858 ], [ 131.025133296660528, -12.333510746787399 ], [ 131.044421201947785, -12.324249432323064 ], [ 131.012496393196471, -12.321702570845371 ], [ 131.029256917790917, -12.22677409758594 ], [ 130.994671708310335, -12.186024313942868 ], [ 131.003451030716946, -12.160439932735143 ], [ 131.030587118155552, -12.146432194607836 ], [ 131.045352342203017, -12.142611902391298 ], [ 131.065305347672592, -12.166807086429372 ], [ 131.113192560799547, -12.154998910487345 ], [ 131.125430404154201, -12.182551321018742 ], [ 131.170125136406028, -12.173984605139232 ], [ 131.221071810371654, -12.226079499001115 ], [ 131.211228327673354, -12.236614244204295 ], [ 131.204311285777237, -12.263124756858454 ], [ 131.228653952450088, -12.265324319043733 ], [ 131.206971686506506, -12.263124756858454 ], [ 131.212159467928586, -12.241476434298072 ], [ 131.250868298539558, -12.220059644599297 ], [ 131.228919992523032, -12.208714534380487 ], [ 131.270688283972646, -12.107418907426826 ], [ 131.266298622769341, -12.076972336125326 ], [ 131.297159271228935, -12.042589706176482 ], [ 131.319772677427778, -12.08901204492896 ], [ 131.314052815859839, -12.167501685014198 ], [ 131.334271861402328, -12.211492928719787 ], [ 131.396126178357974, -12.264050888304888 ], [ 131.472346659251741, -12.283731181541599 ], [ 131.754615176627851, -12.273891034923244 ], [ 131.879254950794405, -12.214502855920697 ], [ 131.904794797795461, -12.225153367554682 ], [ 131.939380007276043, -12.27296490347681 ], [ 132.069739643010536, -12.303527241209114 ], [ 132.173229231379338, -12.211724461581396 ], [ 132.226836306074233, -12.192507234067902 ], [ 132.238143009173655, -12.169701247199477 ], [ 132.262352655810076, -12.174910736585666 ], [ 132.278448080222176, -12.224227236108248 ], [ 132.353205340714823, -12.198758621331327 ], [ 132.389386790632955, -12.236382711342687 ], [ 132.417187978253907, -12.222374973215381 ], [ 132.443925005583111, -12.145506063161402 ], [ 132.513095424544275, -12.124089273462628 ], [ 132.554464655884516, -12.086812482743682 ], [ 132.577211082119817, -12.105798177395567 ], [ 132.628955876304218, -12.086928249174486 ], [ 132.618447293423571, -12.018626055000016 ], [ 132.641592779768274, -11.900660062010552 ], [ 132.655293843524049, -11.88977801751496 ], [ 132.63613895827325, -11.821128524048078 ], [ 132.580403562994945, -11.787556259114865 ], [ 132.644785260643403, -11.728052313681513 ], [ 132.54701553384254, -11.720643262110045 ], [ 132.499527380824958, -11.68035654419019 ], [ 132.505779322538757, -11.636712599777011 ], [ 132.597164087589391, -11.654193330828443 ], [ 132.53770413129007, -11.587396100254429 ], [ 132.554730695957431, -11.555444565352474 ], [ 132.531718229649215, -11.551855805997544 ], [ 132.530521049321038, -11.521525001126848 ], [ 132.498995300679127, -11.508443394445976 ], [ 132.498596240569725, -11.489457699794089 ], [ 132.526929508336508, -11.46873550868014 ], [ 132.486757457324444, -11.485637407577551 ], [ 132.460951570250472, -11.459126894923392 ], [ 132.355067621225317, -11.441298864579549 ], [ 132.303987927223233, -11.465609815048428 ], [ 132.237876969100739, -11.456001201291679 ], [ 132.139043082008158, -11.521872300419261 ], [ 132.118691016429182, -11.516199745309855 ], [ 132.112439074715383, -11.539237265039889 ], [ 132.066148102026006, -11.523840329742931 ], [ 132.035287453566411, -11.481122516776187 ], [ 132.031030812399564, -11.461673756401085 ], [ 132.055639519145359, -11.453222806952379 ], [ 132.05869897998403, -11.43250061583843 ], [ 132.042869595644845, -11.421271272050424 ], [ 131.991124801460444, -11.428564557191088 ], [ 131.989528561022865, -11.401822511675322 ], [ 131.9618603934384, -11.410968059708852 ], [ 131.940311147531276, -11.396960321581545 ], [ 131.985005879783103, -11.377511561206443 ], [ 131.968112335152199, -11.369292144619346 ], [ 131.966117034605247, -11.342897398395991 ], [ 131.928605384322452, -11.36581915169522 ], [ 131.917032641150115, -11.356905136523297 ], [ 131.942838528224087, -11.319859878665959 ], [ 131.915037340603163, -11.325300900913755 ], [ 131.860100065543634, -11.293696665304212 ], [ 131.839747999964658, -11.314418856418161 ], [ 131.763926579180321, -11.31684995146505 ], [ 131.759137857867614, -11.30191608189131 ], [ 131.777627642936096, -11.311756228509665 ], [ 131.780554083738281, -11.291844402411346 ], [ 131.80489675041116, -11.294854329612255 ], [ 131.795053267712831, -11.268691116250508 ], [ 131.844004641131505, -11.285245715855508 ], [ 131.85624248448616, -11.276678999975998 ], [ 131.815139293218863, -11.213470528756913 ], [ 131.8396149799282, -11.227362500453415 ], [ 131.859567985397774, -11.209650236540375 ], [ 131.877791730393312, -11.236160749194534 ], [ 131.879121930757947, -11.185570818933105 ], [ 131.902666477212023, -11.195989797705481 ], [ 131.931531825124665, -11.260355933232608 ], [ 131.946031009099215, -11.245074764366455 ], [ 131.960663213110223, -11.253294180953553 ], [ 131.987400240439456, -11.220069215312751 ], [ 131.961993413474858, -11.179319431669679 ], [ 131.994051242262628, -11.173878409421881 ], [ 131.970506695808552, -11.139495779473039 ], [ 131.994184262299115, -11.12514074205332 ], [ 132.012807067404026, -11.133012859348005 ], [ 132.038213894368624, -11.19344293622779 ], [ 132.057235759582937, -11.202472717830515 ], [ 132.075991584724335, -11.179782497392896 ], [ 132.067079242281238, -11.19182220619653 ], [ 132.086500167604953, -11.232687756270408 ], [ 132.114434375262363, -11.211849798725654 ], [ 132.096609690376198, -11.262671261848691 ], [ 132.117493836101005, -11.274132138498306 ], [ 132.101265391652447, -11.326921630945014 ], [ 132.123080677632487, -11.347064989904942 ], [ 132.13691476142472, -11.297516957520751 ], [ 132.156335686748434, -11.32240674014365 ], [ 132.145295023721957, -11.382721050592631 ], [ 132.158730047404788, -11.382721050592631 ], [ 132.17522453192629, -11.421618571342837 ], [ 132.180146273275454, -11.397654920166371 ], [ 132.207016320641145, -11.414325286202173 ], [ 132.183604794223527, -11.365124553110395 ], [ 132.191053916265474, -11.351811413567914 ], [ 132.222978725016787, -11.370449808927388 ], [ 132.23734488895488, -11.340119004056691 ], [ 132.198103978198077, -11.301568782598897 ], [ 132.173229231379338, -11.32240674014365 ], [ 132.193980357067687, -11.296590826074318 ], [ 132.19850303830745, -11.267996517665685 ], [ 132.182540633931808, -11.244843231504847 ], [ 132.200232298781486, -11.224468339683311 ], [ 132.161789508243459, -11.184991986779083 ], [ 132.136648721351804, -11.122593880575629 ], [ 132.18759539531743, -11.131160596455137 ], [ 132.195177537395864, -11.163806729941918 ], [ 132.244394950887454, -11.19818935989076 ], [ 132.2420005902311, -11.221111113189989 ], [ 132.282305661279622, -11.274826737083131 ], [ 132.265678156721663, -11.176193738037966 ], [ 132.316890870760204, -11.170636949359364 ], [ 132.343095817943578, -11.121204683405978 ], [ 132.365443184069477, -11.194021768381811 ], [ 132.383001828882698, -11.208261039370726 ], [ 132.373424386257312, -11.295085862473863 ], [ 132.399097253294826, -11.297748490382359 ], [ 132.406413355300344, -11.265102356895579 ], [ 132.423173879894762, -11.261860896833062 ], [ 132.422375759675987, -11.223426441806073 ], [ 132.450975067515685, -11.217869653127472 ], [ 132.477712094844918, -11.259429801786174 ], [ 132.506710462794018, -11.27204834274383 ], [ 132.488752757871396, -11.296011993920297 ], [ 132.51282938447136, -11.303073746199352 ], [ 132.502719861700115, -11.329931558145923 ], [ 132.518948306148673, -11.344981194150467 ], [ 132.547680634024857, -11.342665865534382 ], [ 132.585724364453483, -11.395339591550288 ], [ 132.622437894517503, -11.411546891862873 ], [ 132.639597479221322, -11.481585582499404 ], [ 132.6764440293218, -11.518399307495136 ], [ 132.734174725147057, -11.518167774633527 ], [ 132.842320014792108, -11.395223825119484 ], [ 132.895794069450545, -11.427059593590634 ], [ 132.908830033024003, -11.385267912070322 ], [ 132.865066441027409, -11.340119004056691 ], [ 132.917210295321212, -11.332015353900397 ], [ 132.966560728849259, -11.414556819063781 ], [ 133.002343118658018, -11.428796090052696 ], [ 133.046106710654612, -11.504507335798634 ], [ 133.074173938348451, -11.518630840356744 ], [ 133.074572998457853, -11.564127047662788 ], [ 133.156912401028933, -11.710224283337668 ], [ 133.2492283063348, -11.732914503775289 ], [ 133.339814951166602, -11.694016983025083 ], [ 133.353649034958835, -11.719485597802004 ], [ 133.310949603253988, -11.732335671621268 ], [ 133.316536444785442, -11.767875965878153 ], [ 133.369877479407421, -11.775748083172838 ], [ 133.371207679772056, -11.756067789936125 ], [ 133.402866448450453, -11.733030270206093 ], [ 133.413375031331071, -11.759425016429446 ], [ 133.398210747174204, -11.768570564462978 ], [ 133.44756118070228, -11.779105309666159 ], [ 133.456207483072404, -11.802490128688603 ], [ 133.534290244476637, -11.760929980029902 ], [ 133.517662739918677, -11.877043710126499 ], [ 133.563421632462223, -11.808394216659618 ], [ 133.604923883838921, -11.811056844568114 ], [ 133.604258783656604, -11.839419620115139 ], [ 133.630729770912893, -11.837104291499054 ], [ 133.663984780028812, -11.819392027586014 ], [ 133.656668678023323, -11.80932034810605 ], [ 133.679149064185708, -11.789176989146123 ], [ 133.668507461268604, -11.775979616034446 ], [ 133.739540160740233, -11.783157134744306 ], [ 133.773460270038498, -11.762666476491965 ], [ 133.794477435799791, -11.725621218634625 ], [ 133.837176867504667, -11.723421656449347 ], [ 133.863115774615096, -11.753983994181651 ], [ 133.919250230002802, -11.745069979009729 ], [ 133.936542834743079, -11.774821951726404 ], [ 133.915392648945357, -11.774590418864795 ], [ 133.890650922163104, -11.813024873891784 ], [ 133.847286390275912, -11.813603706045805 ], [ 133.823209763675948, -11.841271883008005 ], [ 133.839172168051618, -11.876927943695694 ], [ 133.859125173521164, -11.878201374434541 ], [ 133.878413078808421, -11.911194807213732 ], [ 133.913796408507778, -11.90806911358202 ], [ 133.915924729091216, -11.920919187401285 ], [ 134.038835242783733, -11.855279621135312 ], [ 134.064242069748303, -11.869981957847443 ], [ 134.077011993248846, -11.93434809337457 ], [ 134.128091687250929, -11.897650134809643 ], [ 134.173584539721531, -11.960858606028728 ], [ 134.151104153559146, -11.984590724343587 ], [ 134.173318499648616, -12.00265028754904 ], [ 134.18196480201874, -11.994083571669529 ], [ 134.194202645373423, -12.029623865926414 ], [ 134.16227783662211, -12.103135549487071 ], [ 134.18196480201874, -12.134508252235005 ], [ 134.193670565227563, -12.075120073232458 ], [ 134.228388794744603, -12.037032917497882 ], [ 134.254327701855033, -12.032054960973301 ], [ 134.247543679995402, -11.984474957912783 ], [ 134.285454390387571, -11.983085760743132 ], [ 134.347707767452619, -12.039579778975574 ], [ 134.400383701892252, -12.05995467079711 ], [ 134.497222288437882, -12.072457445323963 ], [ 134.604569457864159, -12.050461823471167 ], [ 134.657112372267335, -12.015616127799108 ], [ 134.689037181018648, -11.962247803198379 ], [ 134.748630157354427, -11.949166196517506 ], [ 134.771376583589728, -11.958311744551036 ], [ 134.76552370198533, -12.00183992253341 ], [ 134.798512671028334, -12.049419925593929 ], [ 134.843473443353076, -12.061228101535956 ], [ 134.842010222951984, -12.113786061121056 ], [ 134.855711286707759, -12.132192923618922 ], [ 134.970640598212441, -12.158587669842275 ], [ 135.055906441585734, -12.262314391842825 ], [ 135.144497785870612, -12.238003441373946 ], [ 135.212737064576515, -12.296002423206843 ], [ 135.162189450720291, -12.224690301831465 ], [ 135.206618142899174, -12.234877747742233 ], [ 135.266344139271411, -12.224921834693074 ], [ 135.283636744011716, -12.254094975255727 ], [ 135.305052969882382, -12.258494099626287 ], [ 135.342697640201607, -12.246685923684261 ], [ 135.352940183009338, -12.231057455525695 ], [ 135.309708671158603, -12.241013368574855 ], [ 135.272330040912294, -12.207209570780034 ], [ 135.22284658734776, -12.18996037259021 ], [ 135.301860489007254, -12.164028692090072 ], [ 135.317556853309981, -12.146895260331053 ], [ 135.305452029991756, -12.124783872047454 ], [ 135.351476962608217, -12.107418907426826 ], [ 135.365178026363992, -12.086117884158856 ], [ 135.421179461715241, -12.084034088404382 ], [ 135.410005778652277, -12.107881973150043 ], [ 135.452705210357152, -12.114827958998294 ], [ 135.507376445343766, -12.086696716312877 ], [ 135.519348248625505, -12.06215423298239 ], [ 135.569496802372356, -12.100588688009379 ], [ 135.654363585636247, -12.039348246113965 ], [ 135.908431855282032, -11.952407656580023 ], [ 135.877172146713065, -11.986442987236453 ], [ 135.869856044707547, -11.976024008464076 ], [ 135.831546274205976, -11.984590724343587 ], [ 135.833009494607069, -12.001261090379389 ], [ 135.774879738672411, -12.044210436207742 ], [ 135.758917334296768, -12.078361533294975 ], [ 135.660083447204187, -12.150020953962766 ], [ 135.651969224979894, -12.201652782101432 ], [ 135.721671724086917, -12.281763152217929 ], [ 135.710897101133327, -12.31116782564219 ], [ 135.746147410796226, -12.263240523289259 ], [ 135.7661004162658, -12.254789573840553 ], [ 135.769957997323246, -12.270649574860727 ], [ 135.7790033598028, -12.224690301831465 ], [ 135.803878106621511, -12.19910592062374 ], [ 135.853893640331904, -12.182667087449547 ], [ 135.884488248718554, -12.150599786116787 ], [ 135.892868511015791, -12.190423438313426 ], [ 135.910693195901928, -12.152104749717241 ], [ 135.924660299730618, -12.162407962058813 ], [ 135.933173582064313, -12.147242559623466 ], [ 135.959378529247658, -12.152220516148045 ], [ 136.001146820697301, -12.118185185491615 ], [ 136.004073261499485, -12.084149854835186 ], [ 136.044910412693866, -12.066321824491341 ], [ 135.973478653112835, -12.186140080373672 ], [ 135.956718128518389, -12.183940518188392 ], [ 135.928650900824522, -12.221101542476536 ], [ 135.971483352565855, -12.274122567784852 ], [ 136.001678900843132, -12.268218479813838 ], [ 136.016045064781224, -12.237193076358317 ], [ 136.061005837105995, -12.241013368574855 ], [ 136.028948008318224, -12.296465488930059 ], [ 136.009394062958052, -12.28986680237422 ], [ 136.020966806130389, -12.319271475798484 ], [ 135.976139053842104, -12.369861406059913 ], [ 135.96709369136255, -12.404822868162777 ], [ 136.015379964598907, -12.398455714468547 ], [ 135.996225079348136, -12.439668563834836 ], [ 136.018040365328176, -12.462127251410848 ], [ 136.016444124890626, -12.493615720589586 ], [ 136.030810288828718, -12.474630025937699 ], [ 136.037195250578975, -12.48435440612525 ], [ 136.064996438199898, -12.4304072493705 ], [ 136.080559782466167, -12.456570462732246 ], [ 136.150262281573163, -12.435964038049102 ], [ 136.160371804344436, -12.462590317134064 ], [ 136.223157261555315, -12.462127251410848 ], [ 136.22023082075313, -12.479029150308259 ], [ 136.30416646376176, -12.400192210930609 ], [ 136.304033443725302, -12.368587975321066 ], [ 136.333829931893177, -12.323207534445826 ], [ 136.324917589450109, -12.306768701271633 ], [ 136.352053676888715, -12.286856875173312 ], [ 136.343540394555049, -12.261967092550412 ], [ 136.378258624072089, -12.247148989407476 ], [ 136.363626420061053, -12.250390449469993 ], [ 136.339150733351744, -12.20466270930234 ], [ 136.228212022940937, -12.213924023766676 ], [ 136.216240219659198, -12.185677014650455 ], [ 136.169949246969821, -12.192159934775489 ], [ 136.167155826204066, -12.163565626366855 ], [ 136.217437399987375, -12.151641683994024 ], [ 136.212781698711154, -12.131151025741683 ], [ 136.229941283414973, -12.132077157188117 ], [ 136.264659512932013, -12.066900656645361 ], [ 136.302304183251266, -12.049072626301516 ], [ 136.341944154117471, -12.05717627645781 ], [ 136.345269655029057, -12.032633793127323 ], [ 136.369745341738394, -12.028350435187567 ], [ 136.365621720608033, -12.014226930629457 ], [ 136.381451104947217, -12.015500361368304 ], [ 136.41497215413608, -11.958311744551036 ], [ 136.430934558511723, -11.970930285508693 ], [ 136.443172401866406, -11.941409845653626 ], [ 136.492788875467397, -11.952523423010827 ], [ 136.523782543963449, -11.939210283468347 ], [ 136.530167505713706, -11.91941422380083 ], [ 136.56156023431916, -11.917793493769572 ], [ 136.573798077673814, -11.902049259180203 ], [ 136.557835673298172, -11.887231156037267 ], [ 136.564752715194288, -11.878201374434541 ], [ 136.57965095927824, -11.916751595892334 ], [ 136.534291126844096, -11.947661232917051 ], [ 136.473367950143682, -11.960627073167121 ], [ 136.472702849961365, -11.997788097455263 ], [ 136.459666886387907, -11.979960067111419 ], [ 136.448759243397888, -11.989337148006557 ], [ 136.490793574920417, -12.032518026696518 ], [ 136.511544700608766, -11.988989848714144 ], [ 136.532162806260658, -11.993736272377117 ], [ 136.563023454720252, -12.079750730464626 ], [ 136.586834041247272, -12.084034088404382 ], [ 136.579251899168838, -12.1537254797485 ], [ 136.600136044893645, -12.202926212840278 ], [ 136.646427017583051, -12.235225047034646 ], [ 136.647624197911227, -12.26856577910625 ], [ 136.707350194283464, -12.288130305912158 ], [ 136.720652197929837, -12.267176581936601 ], [ 136.740738223435869, -12.273080669907614 ], [ 136.76202142927005, -12.23314125128017 ], [ 136.680746186990689, -12.186255846804476 ], [ 136.782107454776082, -12.158587669842275 ], [ 136.815096423819114, -12.209177600103704 ], [ 136.872295039498539, -12.218554680998842 ], [ 136.885064962999053, -12.246222857961044 ], [ 136.900628307265322, -12.247959354423106 ], [ 136.90382078814045, -12.282226217941144 ], [ 136.926833254448667, -12.280721254340691 ], [ 136.933750296344783, -12.334668411095441 ], [ 136.881872482123924, -12.367661843874632 ], [ 136.909008569562531, -12.368356442459458 ], [ 136.922177553172446, -12.342887827682537 ], [ 136.943460759006655, -12.358053230117886 ], [ 136.97684878815906, -12.346476587037467 ], [ 136.963280744439743, -12.372871333260822 ], [ 136.898100926572511, -12.394866955113617 ], [ 136.781974434739624, -12.521515430413395 ], [ 136.773062092296556, -12.554393096761782 ], [ 136.760824248941901, -12.525798788353148 ], [ 136.796207578641258, -12.490374260527069 ], [ 136.792882077729644, -12.451013674053646 ], [ 136.72570695931546, -12.481807544647559 ], [ 136.738476882815974, -12.553814264607762 ], [ 136.696442551293416, -12.564580542672552 ], [ 136.693383090454745, -12.585534266648109 ], [ 136.669306463854809, -12.590512223172688 ], [ 136.691653829980737, -12.590627989603492 ], [ 136.70189637278844, -12.568053535596677 ], [ 136.734885341831443, -12.570947696366781 ], [ 136.747256205222584, -12.551035870268461 ], [ 136.762154449306536, -12.577314850061011 ], [ 136.728899440190588, -12.584376602340066 ], [ 136.691919870053653, -12.630104342507719 ], [ 136.678484846370822, -12.668075731811491 ], [ 136.694447250746464, -12.710562011916627 ], [ 136.632858973863733, -12.699101135267012 ], [ 136.6091814073732, -12.717855297057291 ], [ 136.602530405549999, -12.746681138327533 ], [ 136.624877771675926, -12.775159680305363 ], [ 136.608915367300256, -12.814867566071198 ], [ 136.618093749816268, -12.834084793584692 ], [ 136.585104780773236, -12.818109026133715 ], [ 136.585503840882637, -12.770529023073195 ], [ 136.55065259132914, -12.740082451771695 ], [ 136.525378784400999, -12.756405518515084 ], [ 136.530300525750164, -12.804564353729626 ], [ 136.51181074068171, -12.802827857267562 ], [ 136.484142573097245, -12.76844522731872 ], [ 136.465918828101707, -12.782684498307635 ], [ 136.48853223430055, -12.801322893667107 ], [ 136.482546332659666, -12.843114575187419 ], [ 136.518594762541369, -12.875297642950983 ], [ 136.552913931949007, -12.873792679350528 ], [ 136.545863870016433, -12.914658229424404 ], [ 136.635253334520087, -12.952398085866569 ], [ 136.647092117765368, -12.993032103078837 ], [ 136.666513043089083, -13.003566848282018 ], [ 136.633391054009593, -13.013522761331178 ], [ 136.615832409196372, -12.967216189009505 ], [ 136.579783979314698, -13.018848017148171 ], [ 136.551450711547915, -12.98701224867702 ], [ 136.564353655084886, -12.981802759290831 ], [ 136.559298893699264, -12.965016626824225 ], [ 136.537616627755682, -12.972194145534084 ], [ 136.53256186637006, -12.991527139478384 ], [ 136.519525902796602, -12.976245970612231 ], [ 136.492389815357996, -12.992221738063208 ], [ 136.453947024819968, -12.97925589781314 ], [ 136.462859367263036, -12.99500013240251 ], [ 136.507820139587807, -12.996273563141354 ], [ 136.51340698111926, -13.01745881997852 ], [ 136.535488307172272, -13.023594440811143 ], [ 136.53774964779214, -13.056356340728726 ], [ 136.567014055814184, -13.059134735068026 ], [ 136.531630726114798, -13.154178974758263 ], [ 136.511145640499393, -13.139476638046132 ], [ 136.483876533024329, -13.160893427744906 ], [ 136.468712248867433, -13.247139418694022 ], [ 136.446763942850936, -13.248412849432869 ], [ 136.454213064892883, -13.224449198256403 ], [ 136.439580860881875, -13.217850511700565 ], [ 136.401404110416763, -13.241814162877031 ], [ 136.332233691455627, -13.325976358071673 ], [ 136.319330747918627, -13.299697378279122 ], [ 136.337022412768306, -13.280943216488845 ], [ 136.328376110398153, -13.24980204660252 ], [ 136.371873662321832, -13.250728178048952 ], [ 136.388235126806876, -13.226417227580074 ], [ 136.356310318055563, -13.147927587494836 ], [ 136.370676481993655, -13.140750068784977 ], [ 136.356842398201422, -13.117481016193336 ], [ 136.372272722431205, -13.072910940333726 ], [ 136.336224292549531, -13.045358529802328 ], [ 136.293125800735254, -13.106714738128547 ], [ 136.321459068502037, -13.119912111240223 ], [ 136.310152365402644, -13.165987150700289 ], [ 136.25654529070772, -13.154642040481479 ], [ 136.252820729686732, -13.12118554197907 ], [ 136.243775367207206, -13.145612258878753 ], [ 136.218102500169692, -13.139013572322915 ], [ 136.247499928228194, -13.173048902979344 ], [ 136.235528124946455, -13.18786700612228 ], [ 136.245770667754158, -13.209746861544271 ], [ 136.217703440060319, -13.204884671450495 ], [ 136.200942915465873, -13.247139418694022 ], [ 136.173939848063725, -13.23324744699752 ], [ 136.16223408485493, -13.241929929307835 ], [ 136.182719170470335, -13.280364384334824 ], [ 136.15505100288587, -13.266240879776714 ], [ 136.134166857161063, -13.20720000006658 ], [ 136.150395301609649, -13.18231021744368 ], [ 136.142813159531215, -13.124311235610783 ], [ 136.098118427279388, -13.160661894883297 ], [ 136.107695869904774, -13.172354304394519 ], [ 136.077633341663955, -13.210441460129097 ], [ 136.084417363523613, -13.232552848412695 ], [ 136.061537917251854, -13.226301461149269 ], [ 136.050098194115947, -13.239151534968535 ], [ 136.061936977361228, -13.263230952575805 ], [ 136.046373633094959, -13.310232123482303 ], [ 136.010059163140369, -13.213914453053222 ], [ 135.976139053842104, -13.232437081981891 ], [ 135.965630470961457, -13.293793290308109 ], [ 135.947938806111779, -13.252233141649407 ], [ 135.918674398089763, -13.269829639131643 ], [ 135.879965567478791, -13.362095484482579 ], [ 135.92093573870963, -13.378071251933555 ], [ 135.926522580241112, -13.417779137699391 ], [ 135.969222011945988, -13.410601618989531 ], [ 135.969222011945988, -13.421367897054321 ], [ 135.961107789721694, -13.445563081092395 ], [ 135.929449021043325, -13.442437387460682 ], [ 135.928118820678691, -13.466979870791169 ], [ 135.894331731416884, -13.425188189270859 ], [ 135.859746521936302, -13.440237825275403 ], [ 135.855090820660081, -13.520000896099486 ], [ 135.869456984598145, -13.560287614019343 ], [ 135.839793516466727, -13.56630746842116 ], [ 135.835270835226964, -13.590849951751647 ], [ 135.865200343431326, -13.622222654499581 ], [ 135.880630667661109, -13.669108058975276 ], [ 135.907367694990342, -13.658110248048878 ], [ 135.92146781885549, -13.675012146946289 ], [ 135.889143949994804, -13.687977987196357 ], [ 135.879433487332932, -13.712057404803629 ], [ 135.912954536521795, -13.744703538290407 ], [ 135.95618604837253, -13.743314341120758 ], [ 136.033603709594445, -13.682421198517757 ], [ 136.027750827990047, -13.652090393647061 ], [ 136.083087163158979, -13.655447620140382 ], [ 136.013517684088413, -13.76276310149586 ], [ 136.014980904489533, -13.830949529239525 ], [ 135.991037297926056, -13.859891136940572 ], [ 135.989041997379076, -13.896126029782282 ], [ 135.908697895354976, -13.995569393843075 ], [ 135.914683796995831, -14.034003848870064 ], [ 135.879167447260016, -14.168177142172114 ], [ 135.903643133969354, -14.190520063317322 ], [ 135.881428787879884, -14.181258748852988 ], [ 135.81584990990325, -14.228954518344311 ], [ 135.788979862537587, -14.23196444554522 ], [ 135.748940831561981, -14.277692185712873 ], [ 135.70597535978419, -14.275029557804377 ], [ 135.730185006420584, -14.29667788036476 ], [ 135.667798609319078, -14.399131171626463 ], [ 135.670991090194207, -14.422747523510516 ], [ 135.619645356119179, -14.423094822802929 ], [ 135.589183767768986, -14.505752054397117 ], [ 135.537172933511641, -14.559814977582672 ], [ 135.518683148443188, -14.624875711694623 ], [ 135.541030514569115, -14.652659655087627 ], [ 135.519082208552589, -14.653238487241648 ], [ 135.499528263192417, -14.675812941248465 ], [ 135.465076073748293, -14.675812941248465 ], [ 135.417853960803654, -14.734159222373773 ], [ 135.382071570994896, -14.725708272925068 ], [ 135.40934067846996, -14.86439645702848 ], [ 135.470529895243317, -14.970206974783505 ], [ 135.578276124778967, -15.043602891913359 ], [ 135.655959826073797, -15.051706542069651 ], [ 135.724199104779728, -15.116304210458386 ], [ 135.748940831561981, -15.116535743319995 ], [ 135.862805982774972, -15.182754141739988 ], [ 135.981592875337128, -15.286943929463755 ], [ 136.164628445511255, -15.392291381495562 ], [ 136.202938216012825, -15.391596782910737 ], [ 136.239784766113303, -15.41602349981042 ], [ 136.277030376323154, -15.55239635529775 ], [ 136.321725108574981, -15.610279570699841 ], [ 136.423086376360374, -15.632506725414245 ], [ 136.557702653261714, -15.747694324064408 ], [ 136.560230033954525, -15.727087899381264 ], [ 136.621020190618452, -15.706134175405706 ], [ 136.644032656926697, -15.67244614404169 ], [ 136.664916802651504, -15.678465998443507 ], [ 136.671567804474705, -15.663879428162179 ], [ 136.681810347282408, -15.684601619276128 ], [ 136.724642799023741, -15.697683225957 ], [ 136.683539607756444, -15.776867464627063 ], [ 136.643899636890239, -15.769342646624791 ], [ 136.644697757109014, -15.791569801339195 ], [ 136.670503644182986, -15.794116662816887 ], [ 136.712937035814917, -15.855009805419888 ], [ 136.714666296288954, -15.877236960134292 ], [ 136.690855709761934, -15.903400173496037 ], [ 136.706419054028203, -15.931184116889041 ], [ 136.729564540372905, -15.932341781197083 ], [ 136.769470551312025, -15.889623968230339 ], [ 136.766278070436897, -15.916018714453694 ], [ 136.824008766262182, -15.899695647710303 ], [ 136.939736197985667, -15.937551270583272 ], [ 136.913797290875237, -15.898074917679045 ], [ 136.970330806372317, -15.874921631518207 ], [ 136.978045968487237, -15.850957980341741 ], [ 136.989618711659574, -15.876426595118662 ], [ 137.004117895634124, -15.87445856579499 ], [ 137.083530857402991, -15.944149957139111 ], [ 137.25446160425895, -16.012336384882776 ], [ 137.308467739063246, -16.090131426383188 ], [ 137.371386216310611, -16.131228509318671 ], [ 137.35808421266421, -16.115600041160107 ], [ 137.409163906666322, -16.144310115999545 ], [ 137.57503989213663, -16.175219753024262 ], [ 137.729742194544002, -16.232292603410727 ], [ 137.861964110788989, -16.422728382083609 ], [ 137.994718107179835, -16.538263280026186 ], [ 137.999107768383141, -25.996843742451279 ], [ 129.000568341681941, -25.998580238913341 ] ] ], [ [ [ 129.575214899205406, -15.160179687733173 ], [ 129.570027117783326, -15.166894140719815 ], [ 129.571490338184447, -15.157748592686284 ], [ 129.575214899205406, -15.160179687733173 ] ] ], [ [ [ 129.211006039367618, -15.147792679637124 ], [ 129.223642942831674, -15.13575297083349 ], [ 129.213533420060429, -15.152191804007684 ], [ 129.211006039367618, -15.147792679637124 ] ] ], [ [ [ 129.670723285386401, -14.784401853342789 ], [ 129.729119081394003, -14.801882584394221 ], [ 129.73084834186804, -14.808828570242472 ], [ 129.698125412897951, -14.809523168827297 ], [ 129.670723285386401, -14.784401853342789 ] ] ], [ [ [ 130.106097864732334, -13.215650949515284 ], [ 130.087741099700338, -13.212641022314376 ], [ 130.089337340137888, -13.194002626954902 ], [ 130.100910083310254, -13.193192261939274 ], [ 130.106097864732334, -13.215650949515284 ] ] ], [ [ [ 130.016841420265138, -13.114008023269211 ], [ 130.021630141577845, -13.14329693026267 ], [ 130.057678571459519, -13.152095179003787 ], [ 130.072842855616386, -13.179879122396791 ], [ 130.021763161614302, -13.180226421689204 ], [ 130.016841420265138, -13.114008023269211 ] ] ], [ [ [ 130.625807147196298, -12.679768141322715 ], [ 130.625275067050438, -12.688450623633027 ], [ 130.622747686357627, -12.683819966400861 ], [ 130.625807147196298, -12.679768141322715 ] ] ], [ [ [ 130.367482236383637, -12.6655288703338 ], [ 130.367615256420095, -12.672474856182051 ], [ 130.358835934013484, -12.661361278824849 ], [ 130.367482236383637, -12.6655288703338 ] ] ], [ [ [ 130.506887234597684, -12.596647844005309 ], [ 130.514868436785491, -12.64260711703457 ], [ 130.542270564297041, -12.681157338492365 ], [ 130.53974318360423, -12.709867413331802 ], [ 130.523381719119186, -12.696438507358517 ], [ 130.524046819301503, -12.661708578117262 ], [ 130.486269128945793, -12.620958794474189 ], [ 130.484805908544701, -12.58032477726192 ], [ 130.515533536967808, -12.562149447625663 ], [ 130.522849638973327, -12.575809886460556 ], [ 130.506887234597684, -12.596647844005309 ] ] ], [ [ [ 130.457536801069608, -12.637744926940796 ], [ 130.462325522382315, -12.630683174661741 ], [ 130.460729281944737, -12.638207992664013 ], [ 130.457536801069608, -12.637744926940796 ] ] ], [ [ [ 130.377059679009022, -12.616791202965238 ], [ 130.393155103421151, -12.621884925920622 ], [ 130.388100342035528, -12.642144051311355 ], [ 130.368945456784758, -12.642722883465375 ], [ 130.377059679009022, -12.616791202965238 ] ] ], [ [ [ 130.387967321999071, -12.610887114994224 ], [ 130.395549464077504, -12.602088866253107 ], [ 130.408452407614476, -12.609497917824575 ], [ 130.387967321999071, -12.610887114994224 ] ] ], [ [ [ 130.411777908526091, -12.58947032529545 ], [ 130.401934425827761, -12.601973099822303 ], [ 130.391558862983572, -12.59166988748073 ], [ 130.400737245499585, -12.580903609415941 ], [ 130.411777908526091, -12.58947032529545 ] ] ], [ [ [ 130.434391314724905, -12.579861711538703 ], [ 130.418561930385721, -12.591785653911534 ], [ 130.405925026921665, -12.572105360674822 ], [ 130.420690250969159, -12.563538644795313 ], [ 130.434391314724905, -12.579861711538703 ] ] ], [ [ [ 130.861252611737171, -12.557055724670279 ], [ 130.872559314836593, -12.55265660029972 ], [ 130.862848852174722, -12.560412951163601 ], [ 130.861252611737171, -12.557055724670279 ] ] ], [ [ [ 130.437184735490661, -12.513064480964688 ], [ 130.432662054250898, -12.524062291891086 ], [ 130.429868633485142, -12.521862729705807 ], [ 130.437184735490661, -12.513064480964688 ] ] ], [ [ [ 130.646691292921105, -11.814414071061435 ], [ 130.659461216421619, -11.818118596847169 ], [ 130.646558272884647, -11.821128524048078 ], [ 130.646691292921105, -11.814414071061435 ] ] ], [ [ [ 130.640971431353165, -11.75479435919728 ], [ 130.605721121690266, -11.827032612019091 ], [ 130.568342491443929, -11.811172610998918 ], [ 130.505956094342423, -11.830737137804824 ], [ 130.31547140212632, -11.770770126648257 ], [ 130.131238651623988, -11.82506458269542 ], [ 130.049564349235226, -11.824022684818182 ], [ 130.020965041395527, -11.779568375389376 ], [ 130.033468924823126, -11.755720490643714 ], [ 130.073507955798704, -11.764866038677244 ], [ 130.062068232662824, -11.750626767688329 ], [ 130.074572116090422, -11.670169098279422 ], [ 130.151191657093563, -11.706867056844347 ], [ 130.201606250913329, -11.649331140734668 ], [ 130.214642214486759, -11.666117273201275 ], [ 130.204266651642598, -11.695406180194734 ], [ 130.222756436711052, -11.702699465335398 ], [ 130.21038557331994, -11.71855946635557 ], [ 130.231136699008289, -11.737429394576653 ], [ 130.226081937622666, -11.699921070996096 ], [ 130.207592152554184, -11.692743552286236 ], [ 130.223288516856911, -11.67040063114103 ], [ 130.262928487723116, -11.707677421859977 ], [ 130.285009813776099, -11.699110705980468 ], [ 130.29950899775065, -11.72295859072613 ], [ 130.294720276437971, -11.696679610933579 ], [ 130.26066714710322, -11.697721508810817 ], [ 130.246300983165156, -11.678620047728126 ], [ 130.257208626155176, -11.67676778483526 ], [ 130.264125668051292, -11.661718148830715 ], [ 130.25547936568114, -11.674336689788372 ], [ 130.229806498643626, -11.642500921317222 ], [ 130.190964647996225, -11.640301359131941 ], [ 130.201207190803927, -11.586238435946388 ], [ 130.175002243620554, -11.558454492553382 ], [ 130.195221289163072, -11.517241643187093 ], [ 130.218100735434831, -11.512032153800906 ], [ 130.225283817403863, -11.503465437921395 ], [ 130.231136699008289, -11.525692592635799 ], [ 130.254548225425907, -11.533101644207267 ], [ 130.264524728160694, -11.559149091138208 ], [ 130.257607686264578, -11.527776388390274 ], [ 130.236856560576229, -11.521061935403631 ], [ 130.231269719044747, -11.496866751365557 ], [ 130.203734571496739, -11.511106022354472 ], [ 130.18604290664706, -11.484595509700313 ], [ 130.14826521629135, -11.481701348930208 ], [ 130.185776866574145, -11.423702367097313 ], [ 130.225549857476807, -11.412241490447698 ], [ 130.24457172269112, -11.366513750280046 ], [ 130.24098018170659, -11.391866598626162 ], [ 130.254016145280048, -11.400201781644062 ], [ 130.251222724514292, -11.346601924181725 ], [ 130.303499598844581, -11.340234770487495 ], [ 130.337153668069902, -11.318354915065504 ], [ 130.36162935477924, -11.379711123391722 ], [ 130.400604225463127, -11.424049666389724 ], [ 130.376261558790247, -11.507633029430346 ], [ 130.400471205426669, -11.540163396486323 ], [ 130.464985923111584, -11.577208654343661 ], [ 130.468976524205488, -11.666696105355296 ], [ 130.584836975965459, -11.708835086168019 ], [ 130.593882338444985, -11.731641073036442 ], [ 130.640971431353165, -11.75479435919728 ] ] ], [ [ [ 130.656534775619406, -11.32124907583561 ], [ 130.66558013809896, -11.325648200206167 ], [ 130.662254637187374, -11.327847762391448 ], [ 130.656534775619406, -11.32124907583561 ] ] ], [ [ [ 130.953834557115954, -12.630104342507719 ], [ 130.946119395001034, -12.626284050291181 ], [ 130.947981675511528, -12.61737003511926 ], [ 130.953834557115954, -12.630104342507719 ] ] ], [ [ [ 132.358659162209847, -12.184519350342413 ], [ 132.350411919949096, -12.157661538395843 ], [ 132.356264801553493, -12.156619640518604 ], [ 132.358659162209847, -12.184519350342413 ] ] ], [ [ [ 130.99600190867497, -12.154883144056543 ], [ 131.002386870425227, -12.157430005534234 ], [ 130.996134928711427, -12.160208399873534 ], [ 130.99600190867497, -12.154883144056543 ] ] ], [ [ [ 131.015555854035142, -12.15013672039357 ], [ 131.020211555311363, -12.143769566699341 ], [ 131.023404036186491, -12.146895260331053 ], [ 131.015555854035142, -12.15013672039357 ] ] ], [ [ [ 131.071956349495764, -12.116217156167943 ], [ 131.030454098119066, -12.129877595002839 ], [ 131.002519890461684, -12.116448689029552 ], [ 131.046017442385335, -12.093990001453541 ], [ 131.071956349495764, -12.116217156167943 ] ] ], [ [ [ 132.369167745090465, -12.076972336125326 ], [ 132.410137916321304, -12.083686789111969 ], [ 132.421976699566585, -12.116795988321964 ], [ 132.411335096649481, -12.138328544451543 ], [ 132.387524510122461, -12.138907376605564 ], [ 132.336444816120377, -12.093526935730324 ], [ 132.369167745090465, -12.076972336125326 ] ] ], [ [ [ 131.344248364137115, -12.104640513087526 ], [ 131.357284327710573, -12.109039637458084 ], [ 131.347972925158103, -12.112512630382211 ], [ 131.344248364137115, -12.104640513087526 ] ] ], [ [ [ 131.098294316715595, -12.05277715208725 ], [ 131.126760604518836, -12.064006495875256 ], [ 131.062644946943323, -12.07048941600029 ], [ 131.065039307599648, -12.065974525198929 ], [ 131.098294316715595, -12.05277715208725 ] ] ], [ [ [ 131.002120830352283, -12.051503721348405 ], [ 131.051205223807415, -12.030434230942044 ], [ 131.064773267526732, -12.037611749651903 ], [ 131.032449398666046, -12.058333940765852 ], [ 131.002120830352283, -12.051503721348405 ] ] ], [ [ [ 131.134209726560812, -12.009248974104878 ], [ 131.111862360434912, -12.023835544386205 ], [ 131.080336611793001, -12.016426492814738 ], [ 131.127159664628238, -12.000913791086976 ], [ 131.134209726560812, -12.009248974104878 ] ] ], [ [ [ 132.448181646749958, -11.620389533033622 ], [ 132.463345930906826, -11.620852598756839 ], [ 132.46002042999524, -11.628145883897503 ], [ 132.448181646749958, -11.620389533033622 ] ] ], [ [ [ 132.117360816064547, -11.573851427850339 ], [ 132.135451541023627, -11.569105004187367 ], [ 132.149418644852318, -11.604297999151839 ], [ 132.132658120257901, -11.628030117466698 ], [ 132.112306054678925, -11.622473328788097 ], [ 132.117360816064547, -11.573851427850339 ] ] ], [ [ [ 132.172564131197021, -11.57801901935929 ], [ 132.169105610248948, -11.587280333823625 ], [ 132.168307490030173, -11.579523982959744 ], [ 132.172564131197021, -11.57801901935929 ] ] ], [ [ [ 132.32487207294804, -11.581723545145024 ], [ 132.314230470030935, -11.600246174073694 ], [ 132.296272765108341, -11.587280333823625 ], [ 132.304386987332606, -11.563663981939571 ], [ 132.32487207294804, -11.581723545145024 ] ] ], [ [ [ 132.15287716580039, -11.570031135633801 ], [ 132.156601726821378, -11.564011281231984 ], [ 132.155271526456744, -11.571767632095865 ], [ 132.15287716580039, -11.570031135633801 ] ] ], [ [ [ 130.657199875801723, -11.400086015213258 ], [ 130.710939970533104, -11.488647334778459 ], [ 130.722379693668984, -11.469777406557377 ], [ 130.751910141763943, -11.47788105671367 ], [ 130.761487584389329, -11.497908649242795 ], [ 130.814429558901907, -11.525692592635799 ], [ 130.766409325738493, -11.4842482104079 ], [ 130.772262207342891, -11.467230545079685 ], [ 130.733287336659004, -11.426828060729026 ], [ 130.701096487834775, -11.424628498543745 ], [ 130.704688028819305, -11.385730977793539 ], [ 130.849147788418946, -11.354705574338018 ], [ 130.900360502457517, -11.309325133462778 ], [ 131.032582418702503, -11.367208348864871 ], [ 131.052003344026218, -11.341971266949558 ], [ 131.040430600853853, -11.318586447927112 ], [ 131.091909354965338, -11.303999877645785 ], [ 131.113591620908949, -11.258619436770545 ], [ 131.148309850425989, -11.249821188029427 ], [ 131.165070375020406, -11.263944692587538 ], [ 131.168395875932021, -11.313492724971729 ], [ 131.189013981583884, -11.332825718916027 ], [ 131.208168866834683, -11.31106162992484 ], [ 131.209499067199317, -11.343823529842425 ], [ 131.21920952986116, -11.308514768447148 ], [ 131.191009282130864, -11.303189512630157 ], [ 131.205774506178329, -11.233729654147645 ], [ 131.24714373751857, -11.218911551004709 ], [ 131.251799438794791, -11.19263257121216 ], [ 131.277871365941706, -11.190317242596077 ], [ 131.316447176516192, -11.232108924116387 ], [ 131.303278192906276, -11.273784839205893 ], [ 131.35276164647081, -11.249936954460232 ], [ 131.37510901259671, -11.264291991879951 ], [ 131.381360954310509, -11.298906154690401 ], [ 131.400648859597766, -11.291149803826521 ], [ 131.400914899670681, -11.259082502493762 ], [ 131.437096349588842, -11.266954619788446 ], [ 131.429913267619781, -11.303652578353374 ], [ 131.463966396954504, -11.331089222453965 ], [ 131.45478801443852, -11.347064989904942 ], [ 131.468356058157809, -11.390014335733294 ], [ 131.523027293144423, -11.39429769367305 ], [ 131.543512378759857, -11.452065142644337 ], [ 131.527416954347729, -11.476607625974825 ], [ 131.500147846872665, -11.467693610802902 ], [ 131.46782397801195, -11.501613175028528 ], [ 131.456118214803155, -11.580565880836982 ], [ 131.472080619178797, -11.606613327767924 ], [ 131.428450047218689, -11.610433619984462 ], [ 131.378833573617698, -11.58519653806915 ], [ 131.332542600928292, -11.682556106375468 ], [ 131.28132988688975, -11.740092022485149 ], [ 131.257918360472132, -11.733146036636898 ], [ 131.183161099979486, -11.791145018469793 ], [ 131.082331912339953, -11.835715094329405 ], [ 131.047746702859371, -11.882137433081883 ], [ 131.018482294837327, -11.886420791021639 ], [ 130.976048903205395, -11.934116560512962 ], [ 130.949178855839705, -11.93990488205317 ], [ 130.862449792065348, -11.854816555412095 ], [ 130.686065223714365, -11.795775675701961 ], [ 130.681941602584004, -11.763013775784376 ], [ 130.597606899465973, -11.717170269185919 ], [ 130.586699256475924, -11.689849391516132 ], [ 130.572599132610776, -11.701541801027355 ], [ 130.557301828417451, -11.674336689788372 ], [ 130.532028021489339, -11.680588077051798 ], [ 130.49265409069605, -11.654887929413269 ], [ 130.476691686320407, -11.62062106589523 ], [ 130.489594629857379, -11.553360769597999 ], [ 130.432396014177954, -11.503465437921395 ], [ 130.41031468812497, -11.364545720956373 ], [ 130.390361682655424, -11.36581915169522 ], [ 130.385972021452119, -11.343939296273229 ], [ 130.410181668088512, -11.306199439831065 ], [ 130.363757675362649, -11.253988779538378 ], [ 130.373867198133894, -11.168784686466498 ], [ 130.401801405791304, -11.165658992834786 ], [ 130.509414615290495, -11.275637102098759 ], [ 130.538146943166652, -11.28420381797827 ], [ 130.554375387615238, -11.266144254772817 ], [ 130.593350258299125, -11.2877925773332 ], [ 130.603193740997455, -11.321712141558825 ], [ 130.55477444772464, -11.361767326617073 ], [ 130.56927363169919, -11.398002219458784 ], [ 130.626472247378615, -11.382489517731022 ], [ 130.663451817515522, -11.341276668364733 ], [ 130.657199875801723, -11.400086015213258 ] ] ], [ [ [ 132.338174076594413, -11.540510695778734 ], [ 132.331922134880614, -11.533564709930483 ], [ 132.33883917677673, -11.519441205372372 ], [ 132.338174076594413, -11.540510695778734 ] ] ], [ [ [ 131.95973207285499, -11.488763101209264 ], [ 131.953347111104733, -11.472440034465874 ], [ 131.964121734058295, -11.481585582499404 ], [ 131.95973207285499, -11.488763101209264 ] ] ], [ [ [ 132.730450164126069, -11.29635929321271 ], [ 132.723267082157037, -11.283972285116661 ], [ 132.733376604928281, -11.291612869549738 ], [ 132.730450164126069, -11.29635929321271 ] ] ], [ [ [ 132.682030870853254, -11.1882334468416 ], [ 132.661146725128447, -11.211734032294851 ], [ 132.64385412038817, -11.209881769401983 ], [ 132.661944845347222, -11.186728483241147 ], [ 132.682030870853254, -11.1882334468416 ] ] ], [ [ [ 132.592774426386086, -11.179666730962092 ], [ 132.629887016559479, -11.185570818933105 ], [ 132.603283009266704, -11.202241184968907 ], [ 132.619644473751748, -11.286866445886766 ], [ 132.600090528391576, -11.300295351860051 ], [ 132.589448925474471, -11.355747472215256 ], [ 132.554730695957431, -11.309440899893582 ], [ 132.540098491946424, -11.246811260828519 ], [ 132.471194113058175, -11.159639138432967 ], [ 132.50817368319511, -11.141926874519926 ], [ 132.513494484653677, -11.090873878535282 ], [ 132.485427256959809, -11.078718403300842 ], [ 132.462414790651565, -11.033453728856406 ], [ 132.503784021991805, -11.058575044340914 ], [ 132.548212714170717, -11.041673145443504 ], [ 132.564574178655761, -10.979390805670851 ], [ 132.594902746969495, -10.970129491206517 ], [ 132.57960544277617, -11.012036939157632 ], [ 132.613924612183808, -11.128845267839054 ], [ 132.580270542958488, -11.16218599991066 ], [ 132.592774426386086, -11.179666730962092 ] ] ], [ [ [ 135.787250602063551, -15.097781581529716 ], [ 135.78113168038621, -15.094424355036395 ], [ 135.789378922646961, -15.09095136211227 ], [ 135.787250602063551, -15.097781581529716 ] ] ], [ [ [ 135.686953494569849, -14.903757043501903 ], [ 135.7210066239046, -14.860460398381139 ], [ 135.709566900768692, -14.852009448932433 ], [ 135.725928365253736, -14.83476025074261 ], [ 135.759316394406142, -14.847610324561874 ], [ 135.764238135755306, -14.900862882731799 ], [ 135.686953494569849, -14.903757043501903 ] ] ], [ [ [ 135.630419979072769, -14.49614344064037 ], [ 135.612063214040745, -14.518254828923968 ], [ 135.607939592910384, -14.516286799600298 ], [ 135.603150871597677, -14.49035511910016 ], [ 135.630419979072769, -14.49614344064037 ] ] ], [ [ [ 135.728455745946547, -14.289616128085704 ], [ 135.732978427186339, -14.295057150333502 ], [ 135.728056685837174, -14.291236858116964 ], [ 135.728455745946547, -14.289616128085704 ] ] ], [ [ [ 135.972813552930518, -13.340794461214609 ], [ 135.962038929976927, -13.329912416719015 ], [ 135.961506849831096, -13.321693000131917 ], [ 135.972281472784658, -13.327249788810519 ], [ 135.972813552930518, -13.340794461214609 ] ] ], [ [ [ 136.023228146750284, -12.477524186707804 ], [ 136.021099826166846, -12.471388565875182 ], [ 136.025622507406609, -12.470693967290357 ], [ 136.023228146750284, -12.477524186707804 ] ] ], [ [ [ 134.185157282893869, -12.095726497915603 ], [ 134.164805217314921, -12.101283286594205 ], [ 134.182363862128142, -12.087159782036094 ], [ 134.185157282893869, -12.095726497915603 ] ] ], [ [ [ 134.868880270317675, -12.117027521183573 ], [ 134.865820809479004, -12.070720948861899 ], [ 134.846931964301149, -12.048262261285888 ], [ 134.854248066306639, -12.042358173314874 ], [ 134.929138346835742, -12.091443139975848 ], [ 134.905460780345209, -12.138212778020739 ], [ 134.868880270317675, -12.117027521183573 ] ] ], [ [ [ 134.95667349438375, -12.076509270402109 ], [ 134.95148571296167, -12.094337300745954 ], [ 134.944036590919694, -12.07129978101592 ], [ 134.95667349438375, -12.076509270402109 ] ] ], [ [ [ 134.977690660145043, -12.072457445323963 ], [ 134.994185144666545, -12.070952481723507 ], [ 135.001235206599119, -12.094105767884345 ], [ 134.991524743937276, -12.095726497915603 ], [ 134.977690660145043, -12.072457445323963 ] ] ], [ [ [ 134.930335527163919, -12.057639342181027 ], [ 134.91889580402804, -12.060070437227914 ], [ 134.919959964319759, -12.052661385656446 ], [ 134.930335527163919, -12.057639342181027 ] ] ], [ [ [ 134.989662463426782, -12.036106786051448 ], [ 134.961728255769373, -12.065395693044907 ], [ 134.944834711138469, -12.063774963013648 ], [ 134.908520241183879, -12.029855398788023 ], [ 134.954811213873256, -12.015500361368304 ], [ 134.989662463426782, -12.036106786051448 ] ] ], [ [ [ 134.796783410554298, -12.020941383616099 ], [ 134.83083653988902, -12.043978903346133 ], [ 134.830437479779647, -12.047451896270259 ], [ 134.796783410554298, -12.020941383616099 ] ] ], [ [ [ 134.835492241165269, -12.008785908381661 ], [ 134.863027388713249, -12.031360362388476 ], [ 134.829107279415012, -12.029045033772393 ], [ 134.835492241165269, -12.008785908381661 ] ] ], [ [ [ 134.210697129894925, -11.960511306736317 ], [ 134.221471752848487, -11.95287072230324 ], [ 134.217481151754583, -11.963984299660442 ], [ 134.210697129894925, -11.960511306736317 ] ] ], [ [ [ 135.05564040151279, -11.918835391646809 ], [ 135.122150419744685, -11.927054808233907 ], [ 135.080249108258613, -11.948934663655898 ], [ 135.05564040151279, -11.953912620180477 ], [ 135.046195978923862, -11.939326049899151 ], [ 135.05564040151279, -11.918835391646809 ] ] ], [ [ [ 135.59729798999328, -11.957038313812191 ], [ 135.642790842463882, -11.973129847693972 ], [ 135.665537268699183, -11.936431889129045 ], [ 135.733643527368656, -11.939326049899151 ], [ 135.782195840677929, -11.909574077182475 ], [ 135.835802915372824, -11.840808817284788 ], [ 135.864668263285466, -11.84138764943881 ], [ 135.889010929958317, -11.805384289458708 ], [ 135.866131483686559, -11.783735966898327 ], [ 135.875708926311944, -11.756646622090146 ], [ 135.905638434516305, -11.757456987105776 ], [ 135.932109421772594, -11.78165217114385 ], [ 135.938228343449936, -11.803184727273429 ], [ 135.907101654917398, -11.826106480572658 ], [ 135.899519512838964, -11.853427358242445 ], [ 135.858150281498723, -11.878664440157758 ], [ 135.797759184944169, -11.964215832522049 ], [ 135.742688889848182, -11.975213643448447 ], [ 135.734574667623889, -12.002418754687431 ], [ 135.636538900750082, -12.018278755707604 ], [ 135.56617130146077, -12.071762846739137 ], [ 135.553800438069629, -12.049072626301516 ], [ 135.564442040986734, -12.004155251149493 ], [ 135.59729798999328, -11.957038313812191 ] ] ], [ [ [ 135.98930803745202, -11.850996263195558 ], [ 135.957516248737164, -11.898344733394469 ], [ 135.946209545637743, -11.904943419950307 ], [ 135.94168686439798, -11.880169403758211 ], [ 135.98930803745202, -11.850996263195558 ] ] ], [ [ [ 135.975606973696244, -11.732219905190464 ], [ 135.941952904470924, -11.766255235846895 ], [ 135.940755724142747, -11.742407351101232 ], [ 135.975606973696244, -11.732219905190464 ] ] ], [ [ [ 135.157533749444042, -11.686955230746028 ], [ 135.168308372397604, -11.700268370288509 ], [ 135.166978172032969, -11.709182385460432 ], [ 135.152212947985504, -11.699921070996096 ], [ 135.157533749444042, -11.686955230746028 ] ] ], [ [ [ 135.969355031982445, -11.668779901109771 ], [ 136.025090427260778, -11.638680629100683 ], [ 136.054753895392196, -11.650604571473513 ], [ 135.992633538363606, -11.720064429956025 ], [ 135.991968438181289, -11.705477859674698 ], [ 135.979198514680775, -11.715202239862249 ], [ 135.950599206841048, -11.697026910225992 ], [ 135.969355031982445, -11.668779901109771 ] ] ], [ [ [ 133.315738324566667, -11.659287053783828 ], [ 133.321059126025233, -11.666464572493688 ], [ 133.315605304530209, -11.667390703940121 ], [ 133.315738324566667, -11.659287053783828 ] ] ], [ [ [ 133.40512778907032, -11.587743399546842 ], [ 133.465651905661332, -11.592258290348205 ], [ 133.478820889271248, -11.623978292388552 ], [ 133.4455658801553, -11.618884569433167 ], [ 133.422553413847083, -11.643542819194458 ], [ 133.414572211659248, -11.626640920297048 ], [ 133.3875691442571, -11.634281504730124 ], [ 133.401669268122276, -11.661602382399911 ], [ 133.369079359188646, -11.682093040652251 ], [ 133.35125467430251, -11.626409387435439 ], [ 133.40512778907032, -11.587743399546842 ] ] ], [ [ [ 133.389298404731136, -11.489804999086502 ], [ 133.469509486718778, -11.466999012218077 ], [ 133.490792692552986, -11.520251570388002 ], [ 133.435988437529915, -11.5063595986915 ], [ 133.382248342798562, -11.544909820149293 ], [ 133.401270208012875, -11.507633029430346 ], [ 133.389298404731136, -11.489804999086502 ] ] ], [ [ [ 132.802813063962361, -11.388277839271232 ], [ 132.779135497471827, -11.388509372132839 ], [ 132.775943016596699, -11.374733166867141 ], [ 132.802813063962361, -11.388277839271232 ] ] ], [ [ [ 132.918141435576473, -11.168090087881673 ], [ 132.875175963798654, -11.169595051482126 ], [ 132.857484298948975, -11.146210232459682 ], [ 132.914150834482541, -11.142505706673948 ], [ 132.918141435576473, -11.168090087881673 ] ] ], [ [ [ 132.978532532130998, -11.044335773352 ], [ 133.015246062195018, -11.069341322405704 ], [ 132.99396285636081, -11.088327017057589 ], [ 132.978532532130998, -11.044335773352 ] ] ], [ [ [ 132.864135300772176, -11.044220006921195 ], [ 132.869323082194256, -11.06123767224941 ], [ 132.852562557599811, -11.059732708648957 ], [ 132.864135300772176, -11.044220006921195 ] ] ], [ [ [ 132.816248087645221, -11.023613582238051 ], [ 132.825692510234148, -11.002312558970081 ], [ 132.829018011145735, -11.001965259677668 ], [ 132.816248087645221, -11.023613582238051 ] ] ], [ [ [ 132.819307548483863, -10.968856060467671 ], [ 132.831678411875004, -10.976728177762356 ], [ 132.825027410051831, -10.995135040260221 ], [ 132.819307548483863, -10.968856060467671 ] ] ], [ [ [ 133.04158402941485, -10.907499852141454 ], [ 133.028947125950793, -10.912709341527641 ], [ 133.02814900573199, -10.908425983587886 ], [ 133.04158402941485, -10.907499852141454 ] ] ], [ [ [ 136.617295629597464, -15.555406282498659 ], [ 136.589760482049485, -15.645356799233509 ], [ 136.550918631402055, -15.639800010554909 ], [ 136.524447644145766, -15.654386580836237 ], [ 136.494917196050807, -15.639684244124105 ], [ 136.51340698111926, -15.62266657879589 ], [ 136.504494638676192, -15.592104241063584 ], [ 136.524580664182224, -15.532137229907017 ], [ 136.570206536689312, -15.529127302706108 ], [ 136.578719819022979, -15.510836206639047 ], [ 136.609580467482573, -15.523107448304291 ], [ 136.617295629597464, -15.555406282498659 ] ] ], [ [ [ 136.422554296214514, -13.815668360373373 ], [ 136.493986055795574, -13.838242814380189 ], [ 136.524580664182224, -13.821456681913583 ], [ 136.530832605896023, -13.784990256210264 ], [ 136.554377152350128, -13.819835951882323 ], [ 136.574995258001991, -13.797724563598724 ], [ 136.60093416511242, -13.805943980185821 ], [ 136.59415014325279, -13.787074051964739 ], [ 136.631528773499099, -13.789273614150019 ], [ 136.631927833608501, -13.76716222586642 ], [ 136.607718186972079, -13.762068502911035 ], [ 136.611309727956609, -13.73231653019436 ], [ 136.58483874070032, -13.716688062035795 ], [ 136.592420882778754, -13.696313170214259 ], [ 136.574330157819674, -13.693997841598176 ], [ 136.617029589524549, -13.678716672732023 ], [ 136.631528773499099, -13.720045288529116 ], [ 136.640175075869251, -13.703490688924118 ], [ 136.676356525787384, -13.697586600953105 ], [ 136.694580270782922, -13.651395795062236 ], [ 136.696309531256958, -13.663088204573459 ], [ 136.716129516690046, -13.665982365343563 ], [ 136.725307899206058, -13.650932729339019 ], [ 136.731293800846942, -13.662740905281046 ], [ 136.720386157856893, -13.716919594897403 ], [ 136.681145247100091, -13.737062953857333 ], [ 136.697107651475733, -13.7749185767303 ], [ 136.735417421977303, -13.772140182391 ], [ 136.712537975705544, -13.795525001413445 ], [ 136.726904139643636, -13.84322077090477 ], [ 136.753641166972841, -13.832338726409176 ], [ 136.800730259881021, -13.855607779000817 ], [ 136.828132387392543, -13.849819457460608 ], [ 136.844759891950531, -13.824003543391274 ], [ 136.837310769908555, -13.802470987261696 ], [ 136.802060460245656, -13.824003543391274 ], [ 136.839306070455507, -13.780243832547292 ], [ 136.840503250783684, -13.745166604013624 ], [ 136.905284008541543, -13.764152298665511 ], [ 136.924438893792313, -13.805133615170192 ], [ 136.884000802707334, -13.842757705181553 ], [ 136.859392095961539, -13.908165738585916 ], [ 136.796074558604801, -13.911986030802455 ], [ 136.770933771713146, -13.951115084414269 ], [ 136.764282769889945, -14.009229832677971 ], [ 136.77798383364572, -14.024974067267339 ], [ 136.805252941120784, -14.020459176465975 ], [ 136.806317101412503, -14.037708374655798 ], [ 136.787561276271106, -14.038518739671428 ], [ 136.776653633281086, -14.059356697216181 ], [ 136.758961968431407, -14.048011586997372 ], [ 136.745659964785006, -14.087024874178381 ], [ 136.736880642378395, -14.067228814510866 ], [ 136.720519177893351, -14.070238741711774 ], [ 136.719588037638118, -14.105547503107051 ], [ 136.698836911949769, -14.12268093486607 ], [ 136.710808715231508, -14.175701960174386 ], [ 136.762952569525311, -14.196771450580748 ], [ 136.787960336380507, -14.188899333286065 ], [ 136.769736591384969, -14.17026093792659 ], [ 136.781708394666708, -14.164009550663165 ], [ 136.775988533098769, -14.145139622442082 ], [ 136.802725560427973, -14.151159476843899 ], [ 136.863781757164844, -14.211705320154488 ], [ 136.895706565916157, -14.20151787424372 ], [ 136.917122791786824, -14.165977579986835 ], [ 136.913797290875237, -14.137383271578202 ], [ 136.927365334594526, -14.165051448540401 ], [ 136.962482624220968, -14.165861813556031 ], [ 136.93335123623541, -14.204875100737041 ], [ 136.956363702543626, -14.244814519364486 ], [ 136.939736197985667, -14.261253352538679 ], [ 136.959157123309382, -14.281744010791019 ], [ 136.934548416563587, -14.290079193808921 ], [ 136.952107061376779, -14.298298610396019 ], [ 136.913930310911695, -14.285448536576753 ], [ 136.889454624202358, -14.308486056306787 ], [ 136.860456256253258, -14.280586346482979 ], [ 136.842099491221262, -14.294478318179481 ], [ 136.82879748757486, -14.27815525143609 ], [ 136.816027564074346, -14.294941383902698 ], [ 136.805652001230186, -14.269704301987385 ], [ 136.753907207045785, -14.2590537903534 ], [ 136.696309531256958, -14.27537685709679 ], [ 136.680480146917773, -14.298530143257628 ], [ 136.648821378239404, -14.296793646795564 ], [ 136.6252768317853, -14.264957878324413 ], [ 136.491591695139221, -14.237868533516234 ], [ 136.437319520262008, -14.196308384857533 ], [ 136.395551228812366, -14.20232823925935 ], [ 136.327045910033519, -14.243541088625639 ], [ 136.324518529340708, -14.213326050185747 ], [ 136.41191269329741, -14.168061375741312 ], [ 136.442640321720546, -14.123491299881699 ], [ 136.408188132276422, -13.976352166329582 ], [ 136.436122339933831, -13.893463401873785 ], [ 136.408720212422281, -13.846462230967287 ], [ 136.422554296214514, -13.815668360373373 ] ] ], [ [ [ 136.33728845284125, -13.844609968074419 ], [ 136.353250857216892, -13.811385002433619 ], [ 136.369612321701936, -13.815205294650156 ], [ 136.366951920972667, -13.84241040588914 ], [ 136.33728845284125, -13.844609968074419 ] ] ], [ [ [ 136.572201837236264, -13.782327628301768 ], [ 136.579251899168838, -13.77630777389995 ], [ 136.573265997527983, -13.786147920518307 ], [ 136.572201837236264, -13.782327628301768 ] ] ], [ [ [ 136.190301312548769, -13.770982518082958 ], [ 136.144941480114625, -13.785337555502677 ], [ 136.167820926386383, -13.834538288594455 ], [ 136.118337472821878, -13.830023397793092 ], [ 136.105700569357822, -13.814279163203723 ], [ 136.120598813441745, -13.787305584826347 ], [ 136.112883651326854, -13.731274632317122 ], [ 136.122594113988725, -13.722244850714397 ], [ 136.146537720552203, -13.747597699060513 ], [ 136.171811527480315, -13.749102662660967 ], [ 136.190301312548769, -13.695155505906216 ], [ 136.183118230579737, -13.675359446238701 ], [ 136.200410835320014, -13.665287766758738 ], [ 136.242312146806114, -13.666792730359191 ], [ 136.252820729686732, -13.693650542305763 ], [ 136.292992780698796, -13.708005579725482 ], [ 136.302038143178351, -13.734863391672052 ], [ 136.252953749723218, -13.749449961953379 ], [ 136.275035075776202, -13.75639594780163 ], [ 136.284080438255728, -13.78765288411876 ], [ 136.259737771582849, -13.784990256210264 ], [ 136.246568787972933, -13.850514056045432 ], [ 136.200277815283556, -13.855260479708404 ], [ 136.209323177763082, -13.818099455420262 ], [ 136.188971112184134, -13.794598869967011 ], [ 136.190301312548769, -13.770982518082958 ] ] ], [ [ [ 136.517796642322566, -13.70244879104688 ], [ 136.54134118877667, -13.768898722328483 ], [ 136.519126842687228, -13.791936242058515 ], [ 136.466317888211108, -13.737641786011352 ], [ 136.472170769815506, -13.720392587821529 ], [ 136.515535301702698, -13.717266894189816 ], [ 136.517796642322566, -13.70244879104688 ] ] ], [ [ [ 136.579517939241754, -13.728727770839431 ], [ 136.577256598621886, -13.722244850714397 ], [ 136.582178339971051, -13.722939449299222 ], [ 136.579517939241754, -13.728727770839431 ] ] ], [ [ [ 136.380386944655498, -13.695965870921846 ], [ 136.392092707864322, -13.699091564553559 ], [ 136.398344649578121, -13.715067332004537 ], [ 136.384244525712944, -13.711362806218803 ], [ 136.380386944655498, -13.695965870921846 ] ] ], [ [ [ 136.531763746151285, -13.693882075167371 ], [ 136.535754347245188, -13.687283388611533 ], [ 136.531630726114798, -13.699207330984363 ], [ 136.531763746151285, -13.693882075167371 ] ] ], [ [ [ 136.623015491165432, -13.670844555437338 ], [ 136.623281531238348, -13.665056233897129 ], [ 136.629001392806288, -13.665750832481955 ], [ 136.623015491165432, -13.670844555437338 ] ] ], [ [ [ 136.607452146899163, -13.660888642388178 ], [ 136.604259666024035, -13.668992292544472 ], [ 136.601732285331224, -13.669339591836884 ], [ 136.607452146899163, -13.660888642388178 ] ] ], [ [ [ 136.641106216124484, -13.657299883033248 ], [ 136.629666492988605, -13.667140029651604 ], [ 136.638578835431673, -13.655794919432795 ], [ 136.641106216124484, -13.657299883033248 ] ] ], [ [ [ 136.602530405549999, -13.656952583740836 ], [ 136.583109480226284, -13.668992292544472 ], [ 136.57605941829371, -13.667603095374821 ], [ 136.602530405549999, -13.656952583740836 ] ] ], [ [ [ 136.403000350854342, -13.631715501825523 ], [ 136.417765574901807, -13.622222654499581 ], [ 136.419494835375843, -13.633104698995174 ], [ 136.403000350854342, -13.631715501825523 ] ] ], [ [ [ 136.272374675046905, -13.597101339015072 ], [ 136.270246354463495, -13.59119725104406 ], [ 136.275567155922062, -13.592123382490493 ], [ 136.272374675046905, -13.597101339015072 ] ] ], [ [ [ 136.248697108556371, -13.595249076122206 ], [ 136.225684642248126, -13.600458565508394 ], [ 136.221294981044821, -13.586335060950283 ], [ 136.235661144982913, -13.591544550336472 ], [ 136.238321545712182, -13.577999877932383 ], [ 136.248697108556371, -13.595249076122206 ] ] ], [ [ [ 136.105966609430737, -13.467790235806799 ], [ 136.079096562065047, -13.476820017409525 ], [ 136.078165421809814, -13.446604978969633 ], [ 136.101576948227432, -13.455634760572359 ], [ 136.105966609430737, -13.467790235806799 ] ] ], [ [ [ 136.1233922342075, -13.472536659469769 ], [ 136.141482959166581, -13.419631400592257 ], [ 136.127249815264946, -13.375640156886668 ], [ 136.092132525638505, -13.358043659404432 ], [ 136.115411032019665, -13.357812126542823 ], [ 136.149730201427332, -13.38513300421261 ], [ 136.177265348975311, -13.438269795951731 ], [ 136.205997676851496, -13.455634760572359 ], [ 136.166889786131151, -13.482145273226518 ], [ 136.141349939130095, -13.472189360177358 ], [ 136.168086966459327, -13.51016074948113 ], [ 136.149597181390845, -13.524747319762458 ], [ 136.142015039312412, -13.563876373374272 ], [ 136.126850755155544, -13.543964547275952 ], [ 136.150395301609649, -13.512707610958822 ], [ 136.130043236030673, -13.502983230771271 ], [ 136.1233922342075, -13.472536659469769 ] ] ], [ [ [ 136.265191593077873, -13.462464979989806 ], [ 136.243908387243664, -13.461886147835784 ], [ 136.238587585785126, -13.442784686753095 ], [ 136.248830128592829, -13.436996365212886 ], [ 136.265191593077873, -13.462464979989806 ] ] ], [ [ [ 136.110888350779902, -13.444058117491942 ], [ 136.105700569357822, -13.442437387460682 ], [ 136.109026070269408, -13.441048190291031 ], [ 136.110888350779902, -13.444058117491942 ] ] ], [ [ [ 136.374534063051101, -13.310926722067128 ], [ 136.373203862686466, -13.31926190508503 ], [ 136.369612321701936, -13.313242050683213 ], [ 136.374534063051101, -13.310926722067128 ] ] ], [ [ [ 136.077633341663955, -13.297729348955452 ], [ 136.094792926367774, -13.297266283232235 ], [ 136.089605144945693, -13.317178109330554 ], [ 136.083752263341296, -13.313357817114017 ], [ 136.077633341663955, -13.297729348955452 ] ] ], [ [ [ 136.621153210654938, -12.868235890671928 ], [ 136.624877771675926, -12.854459685406228 ], [ 136.630597633243866, -12.86360523343976 ], [ 136.621153210654938, -12.868235890671928 ] ] ], [ [ [ 136.05089631433475, -12.310704759918973 ], [ 136.048501953678397, -12.285004612280446 ], [ 136.069785159512605, -12.27655366283174 ], [ 136.05089631433475, -12.310704759918973 ] ] ], [ [ [ 136.117140292493701, -12.177573364494162 ], [ 136.146803760625119, -12.171785042953953 ], [ 136.155583083031729, -12.191465336190664 ], [ 136.109292110342324, -12.199453219916153 ], [ 136.117140292493701, -12.177573364494162 ] ] ], [ [ [ 136.020301705948071, -12.193433365514336 ], [ 136.027750827990047, -12.173984605139232 ], [ 136.022829086640883, -12.194359496960768 ], [ 136.020301705948071, -12.193433365514336 ] ] ], [ [ [ 136.031342368974578, -12.094337300745954 ], [ 136.040786791563505, -12.128719930694796 ], [ 136.029347068427597, -12.159976867011926 ], [ 136.031342368974578, -12.094337300745954 ] ] ], [ [ [ 136.175669108537761, -12.019667952877255 ], [ 136.192695673205122, -12.028118902325959 ], [ 136.2037363362316, -12.000913791086976 ], [ 136.198814594882464, -12.020825617185295 ], [ 136.221561021117765, -12.034254523158582 ], [ 136.270512394536439, -12.003344886133863 ], [ 136.282750237891094, -11.974287512002014 ], [ 136.313743906387145, -11.975097877017642 ], [ 136.313610886350688, -12.006702112627185 ], [ 136.276631316213752, -12.035296421035818 ], [ 136.199346675028295, -12.060070437227914 ], [ 136.196021174116709, -12.076046204678892 ], [ 136.128180955520179, -12.074425474647633 ], [ 136.118470492858336, -12.051503721348405 ], [ 136.148533021099155, -12.057407809319418 ], [ 136.13429987719752, -12.02591934014068 ], [ 136.159440664089175, -12.040968976145225 ], [ 136.175669108537761, -12.019667952877255 ] ] ], [ [ [ 136.318133567590451, -11.971393351231908 ], [ 136.322922288903158, -11.965952328984113 ], [ 136.323321349012531, -11.970351453354672 ], [ 136.318133567590451, -11.971393351231908 ] ] ], [ [ [ 136.329174230616957, -11.946735101470617 ], [ 136.334228992002579, -11.962942401783204 ], [ 136.32385342915839, -11.963868533229638 ], [ 136.329174230616957, -11.946735101470617 ] ] ], [ [ [ 136.435856299860887, -11.912815537244992 ], [ 136.458203665986815, -11.913741668691426 ], [ 136.434127039386851, -11.919182690939222 ], [ 136.435856299860887, -11.912815537244992 ] ] ], [ [ [ 136.43159965869404, -11.893714076162301 ], [ 136.383579425530627, -11.907258748566392 ], [ 136.36681890093621, -11.904133054934677 ], [ 136.410449472896318, -11.878317140865345 ], [ 136.409784372714, -11.857594949751396 ], [ 136.43159965869404, -11.893714076162301 ] ] ], [ [ [ 136.571536737053947, -11.870213490709052 ], [ 136.573798077673814, -11.863151738429996 ], [ 136.579384919205296, -11.868940059970205 ], [ 136.571536737053947, -11.870213490709052 ] ] ], [ [ [ 136.499838937399971, -11.796933340010003 ], [ 136.480284992039799, -11.842313780885243 ], [ 136.485871833571281, -11.88618925816003 ], [ 136.463790507518297, -11.90448035422709 ], [ 136.477358551237586, -11.801100931518954 ], [ 136.499838937399971, -11.796933340010003 ] ] ], [ [ [ 136.047836853496079, -11.788135091268884 ], [ 136.035332970068481, -11.807583851643988 ], [ 136.042915112146915, -11.782925601882697 ], [ 136.047836853496079, -11.788135091268884 ] ] ], [ [ [ 136.553446012094867, -11.779221076096963 ], [ 136.586834041247272, -11.765444870831265 ], [ 136.589228401903625, -11.747848373349029 ], [ 136.622616431056031, -11.737545161007457 ], [ 136.588962361830681, -11.783620200467523 ], [ 136.511943760718168, -11.805615822320316 ], [ 136.533093946515919, -11.762087644337944 ], [ 136.553446012094867, -11.779221076096963 ] ] ], [ [ [ 136.073642740570051, -11.771001659509865 ], [ 136.076436161335778, -11.752710563442804 ], [ 136.101044868081573, -11.74182851894721 ], [ 136.103306208701468, -11.74900603765707 ], [ 136.073642740570051, -11.771001659509865 ] ] ], [ [ [ 136.154784962812954, -11.697953041672426 ], [ 136.141615979203038, -11.719832897094417 ], [ 136.130974376285934, -11.725505452203821 ], [ 136.14055181891132, -11.682093040652251 ], [ 136.154784962812954, -11.697953041672426 ] ] ], [ [ [ 136.055152955501569, -11.642037855594005 ], [ 136.06752381889271, -11.635207636176558 ], [ 136.062735097580003, -11.647247344980192 ], [ 136.055152955501569, -11.642037855594005 ] ] ], [ [ [ 136.202672175939909, -11.613559313616175 ], [ 136.207593917289074, -11.641111724147571 ], [ 136.19282869324158, -11.613559313616175 ], [ 136.202672175939909, -11.613559313616175 ] ] ], [ [ [ 136.337554492914165, -11.588669530993275 ], [ 136.364291520243398, -11.553013470305586 ], [ 136.377726543926229, -11.584154640191912 ], [ 136.332632751565001, -11.623399460234531 ], [ 136.316936387262274, -11.619347635156384 ], [ 136.298712642266736, -11.640069826270333 ], [ 136.289534259750752, -11.622357562357292 ], [ 136.26226515227566, -11.622241795926488 ], [ 136.25654529070772, -11.632429241837256 ], [ 136.273172795265708, -11.629650847497956 ], [ 136.263196292530921, -11.662875813138758 ], [ 136.233798864472419, -11.667159171078513 ], [ 136.222758201445941, -11.653151432951207 ], [ 136.215841159549825, -11.671674061879875 ], [ 136.160504824380894, -11.694016983025083 ], [ 136.180590849886926, -11.674336689788372 ], [ 136.170082267006279, -11.640764424855158 ], [ 136.205066536596263, -11.655582527998094 ], [ 136.230739403633748, -11.645742381379739 ], [ 136.22235914133654, -11.620389533033622 ], [ 136.243376307097805, -11.619579168017992 ], [ 136.239252685967443, -11.600940772658518 ], [ 136.264393472859098, -11.57223069781908 ], [ 136.287938019313174, -11.605918729183099 ], [ 136.315872226970583, -11.600940772658518 ], [ 136.295520161391607, -11.579871282252157 ], [ 136.337554492914165, -11.588669530993275 ] ] ], [ [ [ 136.090403265164468, -11.585543837361563 ], [ 136.084683403596529, -11.602445736258973 ], [ 136.078165421809814, -11.604413765582644 ], [ 136.07683522144518, -11.586469968807995 ], [ 136.090403265164468, -11.585543837361563 ] ] ], [ [ [ 136.111420430925762, -11.545951718026531 ], [ 136.114479891764432, -11.566095076986459 ], [ 136.108360970087091, -11.567600040586914 ], [ 136.111420430925762, -11.545951718026531 ] ] ], [ [ [ 136.385707746114065, -11.525461059774191 ], [ 136.455676285294004, -11.474871129512762 ], [ 136.474166070362458, -11.468851275110945 ], [ 136.451951724273016, -11.530323249867966 ], [ 136.374268022978157, -11.566558142709676 ], [ 136.365621720608033, -11.537269235716217 ], [ 136.382781305311852, -11.545951718026531 ], [ 136.385707746114065, -11.525461059774191 ] ] ], [ [ [ 136.498242696962393, -11.39151929933375 ], [ 136.577522638694802, -11.331436521746378 ], [ 136.585104780773236, -11.281193890777361 ], [ 136.620621130509079, -11.237665712794987 ], [ 136.626074952004075, -11.206293010047053 ], [ 136.644298696999613, -11.209881769401983 ], [ 136.656669560390753, -11.185570818933105 ], [ 136.686998128704488, -11.193674469089398 ], [ 136.706818114137604, -11.168090087881673 ], [ 136.697373691548677, -11.120857384113565 ], [ 136.713735156033721, -11.125256508484124 ], [ 136.722248438367387, -11.109859573187167 ], [ 136.703093553116616, -11.095967601490665 ], [ 136.725972999388375, -11.098514462968359 ], [ 136.737412722524255, -11.078023804716016 ], [ 136.735550442013761, -11.06401606658871 ], [ 136.71426723617958, -11.057070080740459 ], [ 136.721716358221528, -11.043756941197978 ], [ 136.745659964785006, -11.048271831999342 ], [ 136.73967406314415, -11.033337962425602 ], [ 136.765745990291038, -11.02801270660861 ], [ 136.719854077711034, -11.194716366966635 ], [ 136.667045123234942, -11.225047171837332 ], [ 136.684337727975219, -11.248663523721385 ], [ 136.626873072222878, -11.283509219393444 ], [ 136.624079651457123, -11.329468492422706 ], [ 136.538148707901541, -11.440488499563919 ], [ 136.515801341775614, -11.433079447992451 ], [ 136.483078412805526, -11.4565800334457 ], [ 136.50090309769169, -11.426596527867417 ], [ 136.498242696962393, -11.39151929933375 ] ] ], [ [ [ 137.067435432990891, -15.858019732620797 ], [ 137.074352474887007, -15.855704404004713 ], [ 137.070627913866019, -15.865544550623069 ], [ 137.067435432990891, -15.858019732620797 ] ] ], [ [ [ 136.948781560465193, -15.75961826643724 ], [ 136.948249480319333, -15.771426442379267 ], [ 136.94425887922543, -15.771657975240876 ], [ 136.940268278131526, -15.766680018716295 ], [ 136.948781560465193, -15.75961826643724 ] ] ], [ [ [ 136.718922937455801, -15.756376806374723 ], [ 136.717858777164082, -15.762512427207344 ], [ 136.716262536726532, -15.758113302836785 ], [ 136.718922937455801, -15.756376806374723 ] ] ], [ [ [ 136.799666099589302, -15.73391811879871 ], [ 136.817091724366065, -15.723730672887942 ], [ 136.829063527647804, -15.730213593012977 ], [ 136.815096423819114, -15.745842061171542 ], [ 136.799666099589302, -15.73391811879871 ] ] ], [ [ [ 136.934016336417727, -15.724425271472768 ], [ 136.938805057730406, -15.689000743646687 ], [ 136.918985072297318, -15.681938991367632 ], [ 136.940002238058582, -15.684254319983715 ], [ 136.959955243528157, -15.640494609139735 ], [ 136.982568649727, -15.672677676903298 ], [ 136.994407432972281, -15.664574026747005 ], [ 136.977247848268433, -15.633895922583896 ], [ 137.000393334613136, -15.620930082333826 ], [ 136.992279112388843, -15.584000590907293 ], [ 137.019947279973309, -15.594882635402886 ], [ 137.038437065041791, -15.637716214800433 ], [ 137.065174092370995, -15.626834170304841 ], [ 137.063045771787586, -15.652650084374173 ], [ 137.081136496746637, -15.664342493885396 ], [ 137.077145895652734, -15.757766003544372 ], [ 137.106144263601834, -15.772468340256504 ], [ 137.074219454850521, -15.846211556678769 ], [ 137.039235185260566, -15.834403380736743 ], [ 137.036042704385437, -15.798863086479859 ], [ 136.992146092352385, -15.791454034908391 ], [ 136.989352671586659, -15.760660164314478 ], [ 136.970596846445261, -15.745842061171542 ], [ 136.97844502859661, -15.712385562669132 ], [ 136.963812824585602, -15.730560892305389 ], [ 136.954368401996675, -15.710186000483853 ], [ 136.948515520392277, -15.736464980276402 ], [ 136.934016336417727, -15.724425271472768 ] ] ], [ [ [ 136.735417421977303, -15.646630229972356 ], [ 136.828132387392543, -15.661911398838509 ], [ 136.832788088668792, -15.686916947892213 ], [ 136.813766223454479, -15.700345853865498 ], [ 136.79101979721915, -15.684370086414519 ], [ 136.77958007408327, -15.70127198531193 ], [ 136.804454820902009, -15.723846439318747 ], [ 136.733422121430351, -15.75961826643724 ], [ 136.728101319971813, -15.735654615260774 ], [ 136.751246806316487, -15.712732861961545 ], [ 136.733156081357436, -15.702661182481581 ], [ 136.735417421977303, -15.646630229972356 ] ] ], [ [ [ 136.729165480263504, -15.657049208744732 ], [ 136.725440919242516, -15.653344682958998 ], [ 136.729564540372905, -15.64952439074246 ], [ 136.729165480263504, -15.657049208744732 ] ] ], [ [ [ 136.910205749890707, -15.609584972115016 ], [ 136.905550048614458, -15.616415191532463 ], [ 136.903554748067506, -15.614794461501205 ], [ 136.910205749890707, -15.609584972115016 ] ] ], [ [ [ 136.795675498495399, -15.590946576755544 ], [ 136.813101123272162, -15.596040299710927 ], [ 136.819087024913017, -15.603217818420786 ], [ 136.780378194302074, -15.609121906391801 ], [ 136.795675498495399, -15.590946576755544 ] ] ], [ [ [ 136.680214106844829, -15.601712854820333 ], [ 136.675026325422749, -15.611553001438688 ], [ 136.646826077692424, -15.606459278483303 ], [ 136.656270500281352, -15.593493438233235 ], [ 136.680214106844829, -15.601712854820333 ] ] ], [ [ [ 136.980972409289421, -15.605070081313654 ], [ 136.978844088706012, -15.598124095465403 ], [ 136.982568649727, -15.60055519051229 ], [ 136.980972409289421, -15.605070081313654 ] ] ], [ [ [ 136.656802580427211, -15.588631248139459 ], [ 136.655605400099034, -15.58203256158362 ], [ 136.659063921047107, -15.58481095592292 ], [ 136.656802580427211, -15.588631248139459 ] ] ], [ [ [ 136.881872482123924, -15.613521030762358 ], [ 136.881473422014523, -15.635748185476762 ], [ 136.845558012169306, -15.647209062126377 ], [ 136.837177749872097, -15.630307163228967 ], [ 136.851676933846647, -15.624750374550365 ], [ 136.829728627830121, -15.617341322978897 ], [ 136.855800554977009, -15.580296065121559 ], [ 136.841567411075403, -15.542324675817785 ], [ 136.868304438404607, -15.507710513007334 ], [ 136.883335702525017, -15.509099710176985 ], [ 136.87695074077476, -15.536304821415968 ], [ 136.904618908359225, -15.591062343186348 ], [ 136.863116656982527, -15.606343512052499 ], [ 136.881872482123924, -15.613521030762358 ] ] ], [ [ [ 136.840237210710768, -15.581222196567991 ], [ 136.773727192478873, -15.578096502936278 ], [ 136.833187148778165, -15.555406282498659 ], [ 136.840237210710768, -15.581222196567991 ] ] ], [ [ [ 136.94944666064751, -15.502848322913559 ], [ 136.954900482142534, -15.499259563558629 ], [ 136.955831622397767, -15.503890220790796 ], [ 136.94944666064751, -15.502848322913559 ] ] ], [ [ [ 136.952905181595582, -14.348657007795838 ], [ 136.951841021303863, -14.353750730751223 ], [ 136.947717400173474, -14.351203869273531 ], [ 136.952905181595582, -14.348657007795838 ] ] ], [ [ [ 136.935479556818819, -14.348888540657446 ], [ 136.930025735323795, -14.348657007795838 ], [ 136.932686136053093, -14.344720949148497 ], [ 136.935479556818819, -14.348888540657446 ] ] ], [ [ [ 136.961418463929249, -14.300266639719689 ], [ 136.961152423856333, -14.294709851041089 ], [ 136.963546784512687, -14.299572041134864 ], [ 136.961418463929249, -14.300266639719689 ] ] ], [ [ [ 136.974986507648566, -14.254307366690428 ], [ 136.975119527685024, -14.258590724630183 ], [ 136.972592146992213, -14.260674520384658 ], [ 136.974986507648566, -14.254307366690428 ] ] ], [ [ [ 136.970995906554634, -14.24493028579529 ], [ 136.96447792476792, -14.241920358594381 ], [ 136.967936445715992, -14.240646927855535 ], [ 136.970995906554634, -14.24493028579529 ] ] ], [ [ [ 136.964610944804377, -14.224323861112145 ], [ 136.957826922944719, -14.227681087605466 ], [ 136.959822223491699, -14.219577437449173 ], [ 136.964610944804377, -14.224323861112145 ] ] ], [ [ [ 136.794478318167222, -14.099990714428451 ], [ 136.790620737109776, -14.096517721504325 ], [ 136.794744358240138, -14.092465896426178 ], [ 136.794478318167222, -14.099990714428451 ] ] ], [ [ [ 136.735816482086705, -13.687399155042337 ], [ 136.750448686097712, -13.695850104491042 ], [ 136.734752321794986, -13.694345140890588 ], [ 136.735816482086705, -13.687399155042337 ] ] ], [ [ [ 136.681943367318866, -13.659267912356921 ], [ 136.665049822687962, -13.684389227841427 ], [ 136.66145828170346, -13.656605284448423 ], [ 136.681943367318866, -13.659267912356921 ] ] ], [ [ [ 136.887060263546005, -13.674896380515484 ], [ 136.913265210729378, -13.664708934604716 ], [ 136.888390463910639, -13.677211709131569 ], [ 136.887060263546005, -13.674896380515484 ] ] ], [ [ [ 136.929360635141478, -13.658689080202899 ], [ 136.937208817292856, -13.662509372419438 ], [ 136.926567214375751, -13.666676963928387 ], [ 136.929360635141478, -13.658689080202899 ] ] ], [ [ [ 136.654541239807344, -13.654984554417165 ], [ 136.644830777145472, -13.660888642388178 ], [ 136.645761917400733, -13.655216087278774 ], [ 136.654541239807344, -13.654984554417165 ] ] ], [ [ [ 136.681145247100091, -13.633220465425978 ], [ 136.686200008485713, -13.645491707091221 ], [ 136.682342427428267, -13.647691269276502 ], [ 136.681145247100091, -13.633220465425978 ] ] ], [ [ [ 136.954501422033132, -13.626969078162553 ], [ 136.95516652221545, -13.64155564844388 ], [ 136.927764394703928, -13.64711243712248 ], [ 136.928828554995619, -13.637619589796538 ], [ 136.954501422033132, -13.626969078162553 ] ] ], [ [ [ 136.699768052205002, -13.618633895144651 ], [ 136.687264168777432, -13.63217856754874 ], [ 136.686200008485713, -13.627663676747378 ], [ 136.699768052205002, -13.618633895144651 ] ] ], [ [ [ 136.73036266059168, -12.887568884616226 ], [ 136.724908839096656, -12.883980125261296 ], [ 136.729963600482279, -12.882243628799234 ], [ 136.73036266059168, -12.887568884616226 ] ] ], [ [ [ 136.670769684255902, -12.87495034365857 ], [ 136.667976263490175, -12.870319686426402 ], [ 136.677952766224962, -12.876802606551436 ], [ 136.670769684255902, -12.87495034365857 ] ] ], [ [ [ 136.696043491184042, -12.207441103641642 ], [ 136.712537975705544, -12.216355118813564 ], [ 136.698969931986227, -12.230247090510066 ], [ 136.696043491184042, -12.207441103641642 ] ] ], [ [ [ 136.823742726189238, -12.072573211754767 ], [ 136.827866347319627, -12.135087084389026 ], [ 136.815495483928487, -12.140412340206019 ], [ 136.799400059516387, -12.132308690049726 ], [ 136.797005698860033, -12.089359344221373 ], [ 136.823742726189238, -12.072573211754767 ] ] ], [ [ [ 136.651880839078046, -11.835136262175384 ], [ 136.685135848193994, -11.825296115557029 ], [ 136.645894937437191, -11.840461517992377 ], [ 136.651880839078046, -11.835136262175384 ] ] ], [ [ [ 136.82360970615278, -11.661139316676694 ], [ 136.835980569543921, -11.67040063114103 ], [ 136.810174682469949, -11.672831726187917 ], [ 136.82360970615278, -11.661139316676694 ] ] ], [ [ [ 136.687929268959749, -11.138916947319018 ], [ 136.681810347282408, -11.135791253687305 ], [ 136.694181210673548, -11.136370085841326 ], [ 136.687929268959749, -11.138916947319018 ] ] ], [ [ [ 136.723046558586162, -11.082075629794163 ], [ 136.716528576799448, -11.078718403300842 ], [ 136.725573939278974, -11.078371104008429 ], [ 136.723046558586162, -11.082075629794163 ] ] ], [ [ [ 136.725440919242516, -11.066678694497208 ], [ 136.729165480263504, -11.070730519575353 ], [ 136.724110718877881, -11.070962052436961 ], [ 136.725440919242516, -11.066678694497208 ] ] ], [ [ [ 136.738343862779516, -11.007406281925464 ], [ 136.755237407410419, -11.003007157554906 ], [ 136.762686529452367, -11.005785551894206 ], [ 136.747921305404901, -11.020603655037142 ], [ 136.738343862779516, -11.007406281925464 ] ] ] ] } },
{ "type": "Feature", "properties": { "STE_NAME21": "Queensland" }, "geometry": { "type": "MultiPolygon", "coordinates": [ [ [ [ 137.999107768383141, -25.996843742451279 ], [ 137.994718107179835, -16.538263280026186 ], [ 138.175758376807011, -16.686212778593934 ], [ 138.323676657354724, -16.750463147690255 ], [ 138.36211944789278, -16.740275701779488 ], [ 138.42796436594233, -16.777205193206022 ], [ 138.47718177943392, -16.783225047607839 ], [ 138.632682202060067, -16.768985776618926 ], [ 138.844583120146865, -16.867966074956502 ], [ 138.979199397048205, -16.887299068900802 ], [ 139.038659353347498, -16.91242038438531 ], [ 139.043182034587289, -16.950160240827472 ], [ 139.086945626583855, -16.998666375334427 ], [ 139.157845306019055, -17.030270610943969 ], [ 139.140685721315208, -17.08340740268309 ], [ 139.1550518852533, -17.163865072091998 ], [ 139.236992227714978, -17.319223622231213 ], [ 139.341545976375528, -17.374559976155613 ], [ 139.406991834315704, -17.37247618040114 ], [ 139.476960373495643, -17.400838955948164 ], [ 139.646693940023397, -17.538137942881928 ], [ 139.717992679567999, -17.547978089500283 ], [ 139.75736661036126, -17.577035463632132 ], [ 139.821748308009717, -17.570552543507098 ], [ 139.833853131327942, -17.605398239179159 ], [ 139.847155134974315, -17.596021158284021 ], [ 139.93601251933211, -17.629709189648036 ], [ 139.952373983817154, -17.678215324154991 ], [ 140.00691219876731, -17.715376348443133 ], [ 140.093508242505209, -17.722553867152993 ], [ 140.378171120537672, -17.679720287755444 ], [ 140.447873619644696, -17.641633132020868 ], [ 140.484986209818089, -17.643022329190519 ], [ 140.593663579609, -17.597873421176885 ], [ 140.709790071441859, -17.509890933765707 ], [ 140.735462938479372, -17.512206262381788 ], [ 140.769383047777637, -17.477707866002142 ], [ 140.828443943967557, -17.465320857906097 ], [ 140.88737182012099, -17.382316327019495 ], [ 140.912911667122046, -17.231704200543252 ], [ 140.950423317404841, -17.150783465411127 ], [ 140.958005459483275, -16.998087543180407 ], [ 141.064820548763663, -16.870281403572587 ], [ 141.082911273722743, -16.803021107275356 ], [ 141.140774989584486, -16.76887001018812 ], [ 141.204491587050626, -16.692001100134142 ], [ 141.233090894890353, -16.587927078841179 ], [ 141.255039200906879, -16.555049412492792 ], [ 141.270602545173119, -16.557712040401288 ], [ 141.296541452283577, -16.496240065644265 ], [ 141.303990574325525, -16.450859624769027 ], [ 141.286032869402931, -16.408141811802281 ], [ 141.320884118956428, -16.342386479105503 ], [ 141.351079667233705, -16.218863697437438 ], [ 141.431689809330749, -16.077744418287139 ], [ 141.373427033359633, -15.916944845900126 ], [ 141.397636679996026, -15.909651560759462 ], [ 141.409342443204849, -15.871332872163277 ], [ 141.434749270169419, -15.657628040898754 ], [ 141.469068439577086, -15.532368762768625 ], [ 141.569631587143675, -15.292153418849942 ], [ 141.577612789331511, -15.209033121532539 ], [ 141.635476505193253, -15.149644942529992 ], [ 141.629623623588856, -15.105306399531989 ], [ 141.665006953288213, -15.035036176033849 ], [ 141.661016352194309, -14.986298508665287 ], [ 141.590249692795567, -14.857334704749425 ], [ 141.525601955074166, -14.487113659037643 ], [ 141.600891295712671, -14.245624884380115 ], [ 141.599029015202177, -14.116661080464253 ], [ 141.572558027945888, -14.057272901461706 ], [ 141.476384541582576, -13.94590559502808 ], [ 141.467206159066592, -13.864290261311131 ], [ 141.523340614454298, -13.572095789961368 ], [ 141.696133641820722, -13.26450438331465 ], [ 141.679905197372165, -13.217503212408152 ], [ 141.629490603552398, -13.159388464144451 ], [ 141.617784840343575, -13.039917507554533 ], [ 141.583199630862993, -12.996736628864571 ], [ 141.636407645448486, -12.908869907884196 ], [ 141.649576629058402, -12.918362755210138 ], [ 141.739897233817317, -12.853417787528992 ], [ 141.805742151866895, -12.678031644860651 ], [ 141.863073787582778, -12.693428580157608 ], [ 141.877705991593785, -12.671317191874008 ], [ 141.839928301238075, -12.666570768211038 ], [ 141.827291397774019, -12.648511205005585 ], [ 141.886086253890994, -12.617254268688455 ], [ 141.893801416005886, -12.593522150373596 ], [ 141.879302232031336, -12.58391353661685 ], [ 141.819842275732043, -12.601394267668281 ], [ 141.768363521620557, -12.565622440549788 ], [ 141.763042720162019, -12.541774555804126 ], [ 141.709435645467124, -12.518968568935701 ], [ 141.686822239268281, -12.561223316179229 ], [ 141.643191667308145, -12.57754638292262 ], [ 141.624169802093832, -12.582177040154788 ], [ 141.591978953269603, -12.558907987563146 ], [ 141.713027186451626, -12.23892957282038 ], [ 141.850436884118722, -11.984474957912783 ], [ 141.879967332213653, -11.954375685903694 ], [ 141.908699660089837, -11.957385613104602 ], [ 141.886485314000396, -11.985053790066804 ], [ 141.917878042605849, -12.041316275437637 ], [ 141.92466206446548, -12.119227083368854 ], [ 141.944881110007998, -12.147011026761858 ], [ 141.913355361366058, -12.164375991382485 ], [ 141.948339630956042, -12.146547961038641 ], [ 141.930780986142821, -12.115175258290707 ], [ 141.9323772265804, -12.070836715292703 ], [ 141.958050093617913, -12.042358173314874 ], [ 141.994231543536046, -12.059607371504697 ], [ 142.012189248458668, -12.039116713252357 ], [ 141.971618137337202, -11.980075833542223 ], [ 141.943417889606877, -11.97776050492614 ], [ 141.9422207092787, -11.945461670731772 ], [ 141.961907674675359, -11.820781224755665 ], [ 142.001946705650937, -11.753289395596825 ], [ 142.051297139179013, -11.554865733198453 ], [ 142.100514552670603, -11.463178720001538 ], [ 142.119935477994318, -11.368481779603716 ], [ 142.119270377812001, -11.226436369006981 ], [ 142.139223383281546, -11.202588484261319 ], [ 142.157314108240627, -11.121783515559999 ], [ 142.125921379635173, -10.981358834994523 ], [ 142.135232782187643, -10.949291533661764 ], [ 142.193628578195245, -10.914908903712922 ], [ 142.318800432507658, -10.905994888540999 ], [ 142.38916803179697, -10.829589044210238 ], [ 142.438252425252102, -10.708150058296647 ], [ 142.498244461697283, -10.71567487629892 ], [ 142.530967390667371, -10.687543633613503 ], [ 142.558369518178893, -10.727714585102555 ], [ 142.581115944414194, -10.724820424332449 ], [ 142.60612371126939, -10.751678236279021 ], [ 142.549324155699367, -10.831788606395516 ], [ 142.517266326911596, -10.843712548768348 ], [ 142.516069146583419, -10.909467881465124 ], [ 142.482149037285154, -10.978348907793615 ], [ 142.557039317814258, -10.877747879424778 ], [ 142.574997022736881, -10.869644229268484 ], [ 142.5921566074407, -10.884925398134637 ], [ 142.589230166638487, -10.868139265668031 ], [ 142.616499274113579, -10.892218683275301 ], [ 142.614770013639543, -10.941882482090296 ], [ 142.667845008188579, -10.944660876429596 ], [ 142.690857474496823, -10.975802046315922 ], [ 142.71799356193543, -10.963415038219875 ], [ 142.787962101115369, -11.08057066619371 ], [ 142.793016862500991, -11.276331700683585 ], [ 142.840371995482087, -11.319396812942742 ], [ 142.86870526324887, -11.381563386284588 ], [ 142.832523813330738, -11.434931710885317 ], [ 142.826803951762798, -11.478922954590908 ], [ 142.859526880732886, -11.635902234761382 ], [ 142.856334399857758, -11.84555524094776 ], [ 142.974589212274054, -11.932958896204919 ], [ 143.040035070214202, -11.933306195497332 ], [ 143.097898786075945, -11.892787944715868 ], [ 143.147515259676936, -11.919298457370026 ], [ 143.172656046568591, -11.974982110586838 ], [ 143.213227157690056, -11.954375685903694 ], [ 143.243422705967333, -11.967804591876979 ], [ 143.227327281555205, -11.988989848714144 ], [ 143.215754538382868, -11.974634811294427 ], [ 143.185558990105591, -11.990842111607012 ], [ 143.101224286987559, -12.145621829592207 ], [ 143.078743900825174, -12.159166501996296 ], [ 143.096967645820712, -12.219249279583668 ], [ 143.079675041080407, -12.340804031928062 ], [ 143.179174028355334, -12.342887827682537 ], [ 143.230120702320932, -12.382016881294351 ], [ 143.248078407243554, -12.379817319109073 ], [ 143.273884294317526, -12.407948561794489 ], [ 143.274815434572758, -12.508781123024933 ], [ 143.306873263360529, -12.552309301007307 ], [ 143.415018553005581, -12.594100982527618 ], [ 143.418876134063026, -12.615980837949609 ], [ 143.438962159569058, -12.613433976471917 ], [ 143.40105144917689, -12.665991936057017 ], [ 143.418876134063026, -12.681620404215581 ], [ 143.390010786150413, -12.714845369856382 ], [ 143.35915013769079, -12.795650338557703 ], [ 143.350104775211264, -12.889073848216681 ], [ 143.375511602175834, -12.899261294127449 ], [ 143.390276826223328, -12.885022023138534 ], [ 143.391474006551505, -12.896945965511364 ], [ 143.401450509286292, -12.900534724866294 ], [ 143.40517507030728, -12.867772824948711 ], [ 143.433641358110521, -12.854343918975424 ], [ 143.473547369049641, -12.864762897747802 ], [ 143.543116848120206, -12.845545670234307 ], [ 143.500949496561191, -12.929360566136536 ], [ 143.51451754028048, -13.008892104099012 ], [ 143.502146676889367, -13.124311235610783 ], [ 143.521833642285998, -13.178837224519555 ], [ 143.52688840367162, -13.327365555241323 ], [ 143.540057387281536, -13.352949936449047 ], [ 143.58182567873115, -13.375640156886668 ], [ 143.597256002960961, -13.424377824255229 ], [ 143.578899237928965, -13.500089070001167 ], [ 143.586082319897997, -13.544080313706756 ], [ 143.5512310703445, -13.617476230836608 ], [ 143.530879004765524, -13.751996823431071 ], [ 143.547373489287054, -13.80339711870813 ], [ 143.591403121356535, -13.859080771924942 ], [ 143.624924170545427, -13.967669684019267 ], [ 143.677999165094462, -14.011545161294054 ], [ 143.703272972022575, -14.20869539295358 ], [ 143.783617074046703, -14.405729858182301 ], [ 143.881386800847565, -14.482367235374673 ], [ 143.949227019444095, -14.495680374917153 ], [ 144.029837161541138, -14.483756432544322 ], [ 144.168311019499924, -14.381418907713423 ], [ 144.198506567777201, -14.322841093726506 ], [ 144.195314086902073, -14.261369118969483 ], [ 144.216331252663338, -14.25407583382882 ], [ 144.280313890202422, -14.301540070458536 ], [ 144.332590764532682, -14.306865326275528 ], [ 144.436745453083802, -14.258474958199379 ], [ 144.491416688070416, -14.165977579986835 ], [ 144.516158414852697, -14.166672178571661 ], [ 144.595837416694479, -14.260211454661441 ], [ 144.580141052391753, -14.30802299058357 ], [ 144.588920374798363, -14.363243578077165 ], [ 144.643059529639117, -14.348541241365034 ], [ 144.650907711790495, -14.358265621552587 ], [ 144.618982903039182, -14.471716723740688 ], [ 144.665140855692101, -14.511077310214109 ], [ 144.684428760979358, -14.552868991734421 ], [ 144.715156389402495, -14.560972641890713 ], [ 144.775015405811189, -14.546270305178581 ], [ 144.781666407634361, -14.592924176792668 ], [ 144.838732003277329, -14.614340966491442 ], [ 144.910429802931304, -14.61457249935305 ], [ 144.923864826614135, -14.66354169958322 ], [ 144.950468833906911, -14.677433671279722 ], [ 144.953528294745581, -14.736590317420662 ], [ 145.007800469622794, -14.755807544934155 ], [ 145.022432673633801, -14.793894700668732 ], [ 145.090538932303247, -14.803040248702263 ], [ 145.114881598976126, -14.826077768432295 ], [ 145.177667056187033, -14.84309543376051 ], [ 145.230209970590209, -14.83198185640331 ], [ 145.218903267490788, -14.876436165832116 ], [ 145.28089060448292, -14.954925805917354 ], [ 145.35192330395455, -14.952957776593681 ], [ 145.354184644574445, -14.980625953555881 ], [ 145.289004826707213, -15.043487125482555 ], [ 145.23380151157474, -15.138994430896007 ], [ 145.238723252923904, -15.196298814144077 ], [ 145.267056520690687, -15.255802759577429 ], [ 145.311352192833112, -15.261128015394421 ], [ 145.339552440563438, -15.226629619014775 ], [ 145.357510145486032, -15.27467268779851 ], [ 145.331571238375602, -15.27826144715344 ], [ 145.286344425977916, -15.316464369318821 ], [ 145.297917169150281, -15.344016779850218 ], [ 145.28820670648841, -15.375968314752173 ], [ 145.248167675512832, -15.416255032672028 ], [ 145.231939231064246, -15.460362042808423 ], [ 145.26279987952384, -15.461172407824051 ], [ 145.283417985175731, -15.499375329989434 ], [ 145.271978262039823, -15.541282777940548 ], [ 145.289935966962446, -15.559689640438414 ], [ 145.307095551666265, -15.55239635529775 ], [ 145.32957593782865, -15.594072270387256 ], [ 145.312815413234205, -15.64674599640316 ], [ 145.36123470650702, -15.719563081378991 ], [ 145.368550808512538, -15.762049361484127 ], [ 145.352322364063951, -15.808471700236606 ], [ 145.37719711088269, -15.839381337261322 ], [ 145.357776185558976, -15.911388057221526 ], [ 145.413910640946682, -15.950980176556557 ], [ 145.476829118194047, -16.07612368825588 ], [ 145.442376928749923, -16.186333330381466 ], [ 145.469246976115613, -16.210875813711951 ], [ 145.482282939689071, -16.275473482100686 ], [ 145.449293970646039, -16.290870417397642 ], [ 145.418167282113529, -16.33833465402736 ], [ 145.409387959706919, -16.455721814862802 ], [ 145.42694660452014, -16.474475976653078 ], [ 145.469379996152071, -16.481074663208918 ], [ 145.470045096334388, -16.514415395280523 ], [ 145.582047967036885, -16.687370442901976 ], [ 145.672102531722857, -16.738886504609837 ], [ 145.681280914238869, -16.773616433851092 ], [ 145.721852025360306, -16.800590012228469 ], [ 145.774660979836426, -16.869702571418564 ], [ 145.762423136481772, -16.897833814103983 ], [ 145.779183661076189, -16.940435860639923 ], [ 145.792485664722562, -16.91137848650807 ], [ 145.84901918021967, -16.871207535019021 ], [ 145.873228826856092, -16.907326661429924 ], [ 145.906616856008498, -16.897023449088351 ], [ 145.919253759472554, -16.86426154917077 ], [ 145.95729748990118, -16.895981551211115 ], [ 145.900763974404072, -16.981648710006212 ], [ 145.88945727130465, -17.057591488613756 ], [ 145.94998138789569, -17.132723902205672 ], [ 145.973392914313308, -17.245827705101362 ], [ 146.020748047294404, -17.346776032762609 ], [ 146.072891901588207, -17.394008736530719 ], [ 146.064910699400372, -17.458837937781059 ], [ 146.076350422536251, -17.504681444379518 ], [ 146.052938896118633, -17.504681444379518 ], [ 146.056397417066705, -17.520888744692105 ], [ 146.034316091013721, -17.524709036908643 ], [ 146.058392717613657, -17.524824803339445 ], [ 146.069300360603677, -17.511280130935354 ], [ 146.149112382481945, -17.648579117869119 ], [ 146.113463012709644, -17.692917660867121 ], [ 146.112664892490869, -17.770828468798339 ], [ 146.091248666620203, -17.799191244345362 ], [ 146.119581934386986, -17.85580102900861 ], [ 146.097899668443404, -17.896782345513291 ], [ 146.100826109245588, -17.972840890551641 ], [ 146.065974859692091, -18.004097826868769 ], [ 146.00797812379389, -18.12055885625778 ], [ 146.016225366054641, -18.245007769372279 ], [ 146.107743151141705, -18.353249382174191 ], [ 146.14113118029411, -18.36401566023898 ], [ 146.167469147513941, -18.445283694663516 ], [ 146.170794648425527, -18.447946322572012 ], [ 146.192742954442053, -18.444820628940299 ], [ 146.200458116556973, -18.452345446942573 ], [ 146.188486313275234, -18.459986031375649 ], [ 146.189417453530467, -18.473762236641345 ], [ 146.337468754114639, -18.52585713050323 ], [ 146.338931974515759, -18.606777865635355 ], [ 146.319378029155558, -18.645675386385559 ], [ 146.339730094734534, -18.624258596686786 ], [ 146.301819384342366, -18.705063565388109 ], [ 146.276412557377768, -18.813189411759215 ], [ 146.290645701279402, -18.893068249014103 ], [ 146.456654706786196, -19.07505307823828 ], [ 146.520637344325252, -19.101563590892439 ], [ 146.563336776030127, -19.142892206689535 ], [ 146.679463267863014, -19.190819509042466 ], [ 146.76619233163737, -19.184220822486626 ], [ 146.790135938200848, -19.239557176411026 ], [ 146.840683552057101, -19.247545060136517 ], [ 146.835628790671478, -19.269309149127704 ], [ 146.881786743324398, -19.303228713353327 ], [ 146.942975960097726, -19.295356596058642 ], [ 146.957342124035819, -19.306470173415846 ], [ 147.021723821684276, -19.215825058096168 ], [ 147.020393621319641, -19.187346516118339 ], [ 147.059634532076473, -19.254259513123159 ], [ 147.041410787080935, -19.296977326089902 ], [ 147.126144550308339, -19.422468137081637 ], [ 147.134790852678492, -19.407071201784682 ], [ 147.161527880007696, -19.405450471753422 ], [ 147.246926743417447, -19.432424050130798 ], [ 147.303859319023957, -19.407650033938705 ], [ 147.441668076800426, -19.420615874188773 ], [ 147.455103100483257, -19.389706237164056 ], [ 147.410142328158486, -19.310637764924795 ], [ 147.455768200665574, -19.37129937466619 ], [ 147.491284550401389, -19.470858505157789 ], [ 147.554070007612296, -19.540318363640299 ], [ 147.574156033118328, -19.629342748928718 ], [ 147.615525264458569, -19.673218226203502 ], [ 147.586792936582384, -19.725081587203778 ], [ 147.601425140593392, -19.757496187828949 ], [ 147.671393679773331, -19.82834524348111 ], [ 147.764640725334459, -19.837027725791422 ], [ 147.767966226246045, -19.79234188350101 ], [ 147.745219800010744, -19.765252538692827 ], [ 147.75426516249027, -19.708179688306366 ], [ 147.823834641560836, -19.709800418337625 ], [ 147.851369789108816, -19.739089325331083 ], [ 147.845649927540876, -19.782038671159437 ], [ 147.864804812791675, -19.850919697487925 ], [ 147.923333628835735, -19.912160139383339 ], [ 148.001150350167023, -19.924547147479387 ], [ 148.027222277313939, -19.893521744023865 ], [ 148.080962372045292, -19.882639699528273 ], [ 148.113153220869521, -19.941333279945994 ], [ 148.164498954944548, -19.957887879550992 ], [ 148.188575581544484, -19.94538510502414 ], [ 148.220101330186395, -19.956035616658124 ], [ 148.239123195400708, -19.984282625774345 ], [ 148.259076200870282, -19.976989340633683 ], [ 148.266658342948716, -20.024916642986614 ], [ 148.234999574270347, -20.025727008002246 ], [ 148.233137293759853, -20.050153724901929 ], [ 148.284216987761937, -20.078284967587344 ], [ 148.277699005975222, -20.099585990855314 ], [ 148.342080703623679, -20.152954315456043 ], [ 148.434928689075406, -20.168467017183804 ], [ 148.478825301108429, -20.116603656183528 ], [ 148.44357499144553, -20.111046867504928 ], [ 148.451955253742767, -20.059299272935458 ], [ 148.512479370333779, -20.092871537868671 ], [ 148.562893964153545, -20.066708324506926 ], [ 148.554779741929252, -20.11382526184423 ], [ 148.579920528820907, -20.134431686527375 ], [ 148.570343086195521, -20.170319280076672 ], [ 148.595749913160091, -20.170898112230692 ], [ 148.584044149951268, -20.196366727007611 ], [ 148.598144273816445, -20.201691982824606 ], [ 148.620358619905886, -20.178885995956179 ], [ 148.601203734655115, -20.210953297288938 ], [ 148.631266262895906, -20.218593881722015 ], [ 148.638316324828509, -20.170782345799889 ], [ 148.652948528839516, -20.216162786675127 ], [ 148.677956295694713, -20.178654463094571 ], [ 148.660796710990866, -20.215931253813519 ], [ 148.662792011537846, -20.247419722992259 ], [ 148.677690255621769, -20.231559721972083 ], [ 148.685139377663745, -20.241399868590442 ], [ 148.672635494236147, -20.281802352941099 ], [ 148.716000026123339, -20.262700891858412 ], [ 148.737017191884604, -20.282381185095122 ], [ 148.733691690973018, -20.253786876686487 ], [ 148.752048456005014, -20.261427461119563 ], [ 148.752314496077958, -20.23561154705023 ], [ 148.769341060745319, -20.235958846342644 ], [ 148.77918454344362, -20.274856367092848 ], [ 148.796743188256841, -20.279950090048235 ], [ 148.766414619943106, -20.286896075896486 ], [ 148.769075020672375, -20.299398850423337 ], [ 148.815099953288865, -20.320699873691307 ], [ 148.817627333981676, -20.35265140859326 ], [ 148.826406656388258, -20.337717539019522 ], [ 148.840639800289892, -20.351725277146826 ], [ 148.820287734710945, -20.386107907095671 ], [ 148.838644499742941, -20.3896966664506 ], [ 148.839309599925258, -20.431719880832521 ], [ 148.876954270244511, -20.470154335859508 ], [ 148.902760157318482, -20.467028642227795 ], [ 148.905686598120667, -20.479184117462236 ], [ 148.884004332177085, -20.487750833341746 ], [ 148.93029530486649, -20.532899741355376 ], [ 148.895843115422366, -20.544129085143382 ], [ 148.88480245239586, -20.523175361167826 ], [ 148.856469184629077, -20.527458719107582 ], [ 148.845295501566113, -20.503495067931112 ], [ 148.824544375877792, -20.501063972884225 ], [ 148.822815115403756, -20.424889661415072 ], [ 148.821750955112037, -20.44306499105133 ], [ 148.813902772960688, -20.421069369198534 ], [ 148.790890306652443, -20.41516528122752 ], [ 148.789028026141949, -20.443412290343741 ], [ 148.784771384975102, -20.430562216524478 ], [ 148.760694758375166, -20.419217106305666 ], [ 148.784505344902186, -20.453020904100491 ], [ 148.762956098995062, -20.479184117462236 ], [ 148.735953031592913, -20.481730978939929 ], [ 148.692854539778637, -20.441328494589268 ], [ 148.68074971646044, -20.440402363142834 ], [ 148.715068885868106, -20.494812585620799 ], [ 148.663058051610761, -20.587309963833345 ], [ 148.686070517919006, -20.599812738360196 ], [ 148.699904601711239, -20.63975215698764 ], [ 148.727306729222761, -20.633963835447428 ], [ 148.706422583497954, -20.670893326873966 ], [ 148.732760550717785, -20.689300189371831 ], [ 148.730765250170833, -20.716621067041618 ], [ 148.778386423224845, -20.732828367354202 ], [ 148.780780783881198, -20.762464573640074 ], [ 148.837979399560624, -20.789206619155841 ], [ 148.795146947819291, -20.812475671747482 ], [ 148.838910539815856, -20.824515380551116 ], [ 148.844763421420282, -20.875799909397372 ], [ 148.87748635039037, -20.875221077243349 ], [ 148.88480245239586, -20.848710564589194 ], [ 148.890123253854426, -20.877883705151845 ], [ 148.915131020709595, -20.892007209709956 ], [ 148.955037031648743, -20.876841807274609 ], [ 148.965678634565847, -20.897679764819362 ], [ 148.995475122733723, -20.892238742571564 ], [ 149.00545162546851, -20.912382101531495 ], [ 149.044692536225313, -20.902657721343942 ], [ 149.060521920564497, -20.926274073227997 ], [ 149.019285709260743, -20.929168233998102 ], [ 149.031523552615397, -20.957762542406734 ], [ 149.017423428750249, -20.993418603094423 ], [ 149.08885518833128, -20.975706339181382 ], [ 149.115459195624055, -21.00244838469715 ], [ 149.159222787620621, -21.00140648681991 ], [ 149.1706625107565, -21.042156270462986 ], [ 149.186757935168629, -21.034052620306692 ], [ 149.206045840455886, -21.076423133981024 ], [ 149.227063006217151, -21.06276269514613 ], [ 149.222806365050303, -21.147735255356402 ], [ 149.196335377794014, -21.1256238670728 ], [ 149.199261818596227, -21.137663575876438 ], [ 149.163479428787468, -21.131991020767032 ], [ 149.152837825870364, -21.143799196709057 ], [ 149.17265781130348, -21.134074816521508 ], [ 149.214293082716637, -21.147040656771576 ], [ 149.193275916955344, -21.182580951028459 ], [ 149.195138197465837, -21.211754091591114 ], [ 149.184629614585219, -21.199251317064263 ], [ 149.17425405174103, -21.198325185617829 ], [ 149.190216456116673, -21.216384748823284 ], [ 149.201523159216094, -21.212680223037548 ], [ 149.214027042643693, -21.241506064307789 ], [ 149.179308813126653, -21.284686942997752 ], [ 149.201789199289038, -21.27831978930352 ], [ 149.196202357757556, -21.297305483955409 ], [ 149.257657614603829, -21.245326356524327 ], [ 149.274019079088873, -21.277625190718695 ], [ 149.298627785834668, -21.273226066348137 ], [ 149.297297585470034, -21.340602129076171 ], [ 149.31512227035617, -21.354494100772673 ], [ 149.316585490757262, -21.394086220107706 ], [ 149.276679479818142, -21.398716877339872 ], [ 149.29543530495954, -21.415734542668087 ], [ 149.33121769476827, -21.410293520420293 ], [ 149.338267756700873, -21.426963886456093 ], [ 149.298095705688809, -21.428931915779764 ], [ 149.298228725725266, -21.468639801545599 ], [ 149.274817199307648, -21.47917454674878 ], [ 149.291178663792692, -21.504527395094897 ], [ 149.340263057247824, -21.474543889516614 ], [ 149.35343204085774, -21.50151746789399 ], [ 149.396530532671989, -21.49433994918413 ], [ 149.381366248515121, -21.539836156490175 ], [ 149.438963924303948, -21.55523309178713 ], [ 149.453330088242012, -21.580354407271638 ], [ 149.468228332325964, -21.534858199965594 ], [ 149.484589796811008, -21.534047834949966 ], [ 149.486186037248586, -21.570630027084086 ], [ 149.439895064559181, -21.637658790519708 ], [ 149.477805774951349, -21.743816607567148 ], [ 149.459582029955811, -21.728303905839386 ], [ 149.426859100985723, -21.742890476120714 ], [ 149.421671319563643, -21.771716317390954 ], [ 149.430849702079655, -21.745900403321624 ], [ 149.435505403355876, -21.806677779493818 ], [ 149.471819873310494, -21.839786978703817 ], [ 149.466233031779012, -21.92811676540741 ], [ 149.523697687531353, -22.029875458084287 ], [ 149.517046685708181, -22.075255898959526 ], [ 149.567195239455003, -22.174236197297105 ], [ 149.556021556392068, -22.190443497609692 ], [ 149.572782080986485, -22.230151383375524 ], [ 149.598854008133401, -22.253883501690385 ], [ 149.597257767695822, -22.281435912221781 ], [ 149.628517476264818, -22.296369781795519 ], [ 149.658313964432693, -22.354831829351632 ], [ 149.692234073730958, -22.347422777780164 ], [ 149.710457818726496, -22.369765698925374 ], [ 149.731075924378388, -22.347770077072578 ], [ 149.764596973567251, -22.369418399632959 ], [ 149.747304368826974, -22.385509933514744 ], [ 149.752093090139653, -22.43633139663778 ], [ 149.784283938963881, -22.380300444128554 ], [ 149.811020966293114, -22.382036940590616 ], [ 149.850926977232234, -22.418040300570716 ], [ 149.888704667587945, -22.49305694773183 ], [ 149.962796827898273, -22.539479286484308 ], [ 149.991396135737972, -22.601761626256959 ], [ 150.04220978966714, -22.655940315873316 ], [ 150.00283585887388, -22.53010220558917 ], [ 149.913047334260824, -22.345802047748908 ], [ 149.927014438089515, -22.344760149871668 ], [ 149.929009738636466, -22.323459126603698 ], [ 149.914909614771318, -22.321259564418419 ], [ 149.922358736813294, -22.305052264105832 ], [ 149.917570015500587, -22.276110656404786 ], [ 149.955879786002157, -22.185349774654306 ], [ 150.040879589302506, -22.12792962497543 ], [ 150.081583720460429, -22.152356341875116 ], [ 150.110183028300128, -22.233045544145632 ], [ 150.151552259640368, -22.259787589661396 ], [ 150.157405141244766, -22.30493649767503 ], [ 150.192256390798264, -22.325195623065763 ], [ 150.177491166750798, -22.360504384461038 ], [ 150.205824434517581, -22.369071100340548 ], [ 150.215933957288826, -22.391414021485755 ], [ 150.298672419969307, -22.400791102380893 ], [ 150.302663021063211, -22.422439424941278 ], [ 150.48396933076333, -22.534269797098119 ], [ 150.497670394519105, -22.560201477598255 ], [ 150.501660995613008, -22.549087900241055 ], [ 150.500995895430691, -22.541447315807979 ], [ 150.48862503203955, -22.529176074142736 ], [ 150.491817512914679, -22.521419723278854 ], [ 150.544759487427257, -22.561359141906298 ], [ 150.534782984692498, -22.588332720283674 ], [ 150.535448084874815, -22.598983231917657 ], [ 150.556066190526678, -22.562979871937557 ], [ 150.591848580335437, -22.574788047879583 ], [ 150.552740689615092, -22.485532129729556 ], [ 150.603022263398401, -22.498961035702841 ], [ 150.533053724218462, -22.449991835472673 ], [ 150.587325899095674, -22.46261037643033 ], [ 150.537709425494683, -22.432279571559633 ], [ 150.551942569396317, -22.42811198005068 ], [ 150.534250904546639, -22.374975188311559 ], [ 150.562451152276964, -22.316397374324644 ], [ 150.642795254301063, -22.342560587686389 ], [ 150.640666933717654, -22.363398545231142 ], [ 150.617255407300036, -22.349853872827055 ], [ 150.642263174155204, -22.380068911266946 ], [ 150.612466685987329, -22.384468035637504 ], [ 150.645987735176192, -22.392803218655406 ], [ 150.657826518421473, -22.414220008354178 ], [ 150.639336733353019, -22.432163805128827 ], [ 150.656230277983923, -22.422902490664494 ], [ 150.661950139551863, -22.449991835472673 ], [ 150.669532281630296, -22.401022635242501 ], [ 150.650510416415955, -22.368955333909742 ], [ 150.665541680536364, -22.349275040673032 ], [ 150.686292806224714, -22.379027013389706 ], [ 150.69320984812083, -22.430543075097571 ], [ 150.749078263435621, -22.44848687187222 ], [ 150.758522686024548, -22.468398697970539 ], [ 150.733381899132894, -22.481711837513018 ], [ 150.726730897309722, -22.514242204568994 ], [ 150.698663669615854, -22.506717386566724 ], [ 150.677779523891047, -22.478586143881305 ], [ 150.674187982906517, -22.491899283423788 ], [ 150.656762358129754, -22.487963224776443 ], [ 150.68802206669875, -22.54179461510039 ], [ 150.679109724255682, -22.572935784986715 ], [ 150.691746627719738, -22.553602791042419 ], [ 150.724868616799228, -22.56309563836836 ], [ 150.731918678731802, -22.62445184669458 ], [ 150.71648835450199, -22.633828927589718 ], [ 150.697200449214762, -22.609981042844055 ], [ 150.713561913699806, -22.636838854790625 ], [ 150.744688602232316, -22.632323963989265 ], [ 150.740698001138412, -22.597246735455595 ], [ 150.767701068540561, -22.547004104486579 ], [ 150.754532084930645, -22.523619285464132 ], [ 150.789117294411227, -22.536353592852596 ], [ 150.777677571275348, -22.638922650545101 ], [ 150.801222117729424, -22.645405570670135 ], [ 150.804414598604552, -22.671453017601078 ], [ 150.831151625933757, -22.684650390712754 ], [ 150.788319174192424, -22.876243833693682 ], [ 150.787388033937191, -22.92359230389259 ], [ 150.79935983721893, -22.931348654756473 ], [ 150.777411531202404, -22.961910992488775 ], [ 150.749876383654396, -23.131393047186101 ], [ 150.774751130473135, -23.164965312119318 ], [ 150.792442795322813, -23.162186917780016 ], [ 150.789117294411227, -23.208493490101688 ], [ 150.798694737036612, -23.227826484045988 ], [ 150.819977942870821, -23.222732761090604 ], [ 150.829555385496207, -23.254800062423364 ], [ 150.793506955614532, -23.307126489146857 ], [ 150.759320806243323, -23.300412036160211 ], [ 150.792309775286355, -23.321944592289789 ], [ 150.808538219734942, -23.403444159575937 ], [ 150.871323676945821, -23.480544602491523 ], [ 150.850040471111612, -23.506823582284074 ], [ 150.790580514812319, -23.506013217268443 ], [ 150.846049870017708, -23.536459788569946 ], [ 150.879437899170114, -23.542248110110155 ], [ 150.868530256180094, -23.576746506489801 ], [ 150.932911953828551, -23.544679205157042 ], [ 150.954461199735675, -23.548383730942774 ], [ 150.958584820866065, -23.600362858373856 ], [ 150.925329811750117, -23.622705779519062 ], [ 150.968029243454993, -23.605109282036825 ], [ 150.976941585898061, -23.555098183929417 ], [ 151.026558059499052, -23.572000082826829 ], [ 151.043850664239329, -23.625484173858361 ], [ 151.056088507594012, -23.636597751215565 ], [ 151.122066445680048, -23.672253811903254 ], [ 151.133373148779469, -23.699806222434649 ], [ 151.116479604148566, -23.702584616773951 ], [ 151.151330853702063, -23.728863596566498 ], [ 151.159445075926357, -23.747501991925972 ], [ 151.144413811805947, -23.770423745225202 ], [ 151.154789374650136, -23.779106227535515 ], [ 151.165297957530754, -23.763477759376951 ], [ 151.172481039499814, -23.815341120377227 ], [ 151.233670256273143, -23.815804186100443 ], [ 151.280759349181324, -23.855512071866276 ], [ 151.311619997640918, -23.85227061180376 ], [ 151.356048689819801, -23.9364328069984 ], [ 151.426948369255001, -23.987601569413851 ], [ 151.425086088744507, -24.046063616969963 ], [ 151.440383392937832, -24.077204786856292 ], [ 151.443309833740045, -24.026383323733253 ], [ 151.457276937568736, -24.05868215792762 ], [ 151.485610205335519, -24.062965515867376 ], [ 151.477629003147712, -24.044905952661924 ], [ 151.441580573266009, -24.015732812099269 ], [ 151.440117352864917, -23.992116460215215 ], [ 151.544006001343121, -24.029277484503357 ], [ 151.50104052956533, -24.045021719092727 ], [ 151.526846416639302, -24.06030288795888 ], [ 151.525516216274667, -24.089476028521535 ], [ 151.550790023202779, -24.097811211539437 ], [ 151.553450423932048, -24.082182743380869 ], [ 151.555179684406085, -24.109156321758245 ], [ 151.559436325572932, -24.074889458240207 ], [ 151.580054431224795, -24.087044933474647 ], [ 151.555312704442542, -24.069911501715627 ], [ 151.566220347432562, -24.036223470351608 ], [ 151.636321906648988, -24.056945661465559 ], [ 151.682479859301907, -24.104062598802862 ], [ 151.664921214488686, -24.058797924358426 ], [ 151.680617578791413, -24.055787997157516 ], [ 151.65747209244671, -24.034602740320352 ], [ 151.639514387524116, -24.033676608873918 ], [ 151.636853986794847, -24.012607118467557 ], [ 151.605328238152907, -24.009365658405038 ], [ 151.610516019575016, -23.979266386395949 ], [ 151.646165389347289, -23.978340254949519 ], [ 151.728238751845453, -24.022215732224304 ], [ 151.704561185354891, -24.039812229706538 ], [ 151.71546882834491, -24.081488144796044 ], [ 151.744866256403412, -24.032055878842659 ], [ 151.738481294653155, -24.003230037572415 ], [ 151.762956981362493, -24.014459381360421 ], [ 151.778254285555818, -24.126637052809677 ], [ 151.835984981381102, -24.176879683778694 ], [ 151.875757972283765, -24.171554427961702 ], [ 151.851548325647371, -24.21137808015834 ], [ 151.889326016003082, -24.155925959803135 ], [ 151.906219560633957, -24.207789320803411 ], [ 151.941070810187483, -24.23626786278124 ], [ 151.998136405830451, -24.414085100496468 ], [ 152.055867101655707, -24.511444668802788 ], [ 152.044028318410426, -24.524989341206876 ], [ 152.059990722786097, -24.518159121789431 ], [ 152.144059385831184, -24.622696208805607 ], [ 152.26497459897675, -24.706048038984623 ], [ 152.353299903188713, -24.741009501087486 ], [ 152.377509549825106, -24.731169354469127 ], [ 152.396664435075905, -24.750618114844233 ], [ 152.379105790262685, -24.765204685125561 ], [ 152.382298271137813, -24.796693154304297 ], [ 152.384027531611849, -24.763352422232693 ], [ 152.413291939633865, -24.758142932846503 ], [ 152.468362234729881, -24.817183812556639 ], [ 152.494035101767366, -24.915006446586172 ], [ 152.486585979725419, -24.96663827472484 ], [ 152.547376136389346, -25.067702368816892 ], [ 152.535404333107607, -25.080552442636158 ], [ 152.546844056243486, -25.074416821803535 ], [ 152.577039604520763, -25.118986897663149 ], [ 152.633041039872012, -25.15174879758073 ], [ 152.621202256626731, -25.17212368940227 ], [ 152.555490358613639, -25.171660623679053 ], [ 152.540592114529687, -25.189025588299678 ], [ 152.547908216535205, -25.204885589319851 ], [ 152.556554518905358, -25.182311135313036 ], [ 152.595263349516301, -25.187404858268419 ], [ 152.614950314912932, -25.18323726675947 ], [ 152.663502628222233, -25.244014642931667 ], [ 152.721898424229806, -25.268209826969741 ], [ 152.797719845014171, -25.266010264784462 ], [ 152.813682249389814, -25.243435810777644 ], [ 152.836295655588657, -25.277239608572469 ], [ 152.914511437029347, -25.29333114245425 ], [ 152.901741513528833, -25.314053333568197 ], [ 152.92262565925364, -25.429935530803188 ], [ 152.909456675643725, -25.418821953445985 ], [ 152.891099910611729, -25.422758012093329 ], [ 152.908259495315548, -25.429356698649165 ], [ 152.873674285834994, -25.442554071760842 ], [ 152.868885564522287, -25.447068962562206 ], [ 152.865826103683617, -25.460497868535491 ], [ 152.854253360511279, -25.472769110200733 ], [ 152.851193899672609, -25.484114220419546 ], [ 152.836561695661601, -25.486082249743216 ], [ 152.823791772161059, -25.493954367037901 ], [ 152.84853349894334, -25.498353491408459 ], [ 152.934464442498921, -25.43167202726525 ], [ 152.956412748515447, -25.433640056588921 ], [ 152.946569265817118, -25.461192467120316 ], [ 152.896021651960893, -25.500205754301327 ], [ 152.908525535388492, -25.533893785665345 ], [ 152.873541265798508, -25.559709699734679 ], [ 152.875004486199629, -25.609373498549672 ], [ 152.892164070903448, -25.617940214429183 ], [ 152.910653855971901, -25.674202699800016 ], [ 152.878196967074757, -25.683695547125961 ], [ 152.92262565925364, -25.711247957657356 ], [ 152.907195335023857, -25.728034090123963 ], [ 152.936326723009415, -25.743546791851724 ], [ 152.937390883301134, -25.768089275182209 ], [ 152.956678788588363, -25.757438763548226 ], [ 152.97596669387562, -25.77109920238312 ], [ 152.964127910630339, -25.801082707961402 ], [ 152.939652223921001, -25.795873218575213 ], [ 152.941115444322122, -25.819721103320877 ], [ 152.972774213000491, -25.809996723133324 ], [ 152.983016755808194, -25.820415701905702 ], [ 152.990066817740768, -25.806292197347592 ], [ 153.020528406090989, -25.829561249939232 ], [ 153.025849207549527, -25.852135703946047 ], [ 152.993658358725298, -25.881077311647093 ], [ 153.020927466200362, -25.86683804065818 ], [ 153.031835109190411, -25.878530450169404 ], [ 153.008290562736306, -25.901452203468629 ], [ 153.00908868295511, -25.935256001263451 ], [ 153.028376588242338, -25.935834833417474 ], [ 153.003501841423628, -25.952852498745688 ], [ 153.015606664741824, -25.98966622374142 ], [ 153.036623830503089, -25.93988665849562 ], [ 153.056310795899748, -25.928773081138417 ], [ 153.030637928862234, -25.923910891044642 ], [ 153.026913367841246, -25.907935123593663 ], [ 153.052985294988133, -25.906198627131602 ], [ 153.065489178415731, -25.886634100325693 ], [ 153.047664493529595, -25.846347382405838 ], [ 153.070543939801354, -25.819142271166854 ], [ 153.052187174769358, -25.80907059168689 ], [ 153.072938300457707, -25.814048548211471 ], [ 153.086639364213482, -25.89068592540384 ], [ 153.114972631980265, -25.929236146861633 ], [ 153.164190045471855, -25.94961103868317 ], [ 153.192257273165723, -25.933403738370586 ], [ 153.113110351469771, -26.103580391652738 ], [ 153.06136555728537, -26.313117631408311 ], [ 153.079589302280908, -26.380146394843933 ], [ 153.116701892454302, -26.380262161274739 ], [ 153.092625265854338, -26.527169761965247 ], [ 153.099143247641081, -26.643515024923452 ], [ 153.108986730339382, -26.670720136162437 ], [ 153.137586038179109, -26.679518384903556 ], [ 153.137053958033249, -26.77375225957816 ], [ 153.150755021789024, -26.800262772232319 ], [ 153.124683094642108, -26.806514159495745 ], [ 153.108853710302924, -26.88685606247385 ], [ 153.070942999910756, -26.909083217188254 ], [ 153.061099517212426, -26.892875916875667 ], [ 153.06189763743123, -26.928531977563356 ], [ 153.043141812289832, -26.946244241476396 ], [ 153.065888238525133, -26.974954316315834 ], [ 153.04274275218043, -26.969397527637234 ], [ 153.069878839619037, -26.988267455858313 ], [ 153.063626897905237, -26.996602638876215 ], [ 153.112445251287454, -27.06444176732747 ], [ 153.144104019965823, -27.075786877546278 ], [ 153.068947699363804, -27.109243376048688 ], [ 153.029440748534057, -27.178934767392807 ], [ 153.037421950721892, -27.196647031305847 ], [ 153.084511043630044, -27.205097980754552 ], [ 153.114706591907321, -27.191321775488856 ], [ 153.107922570047691, -27.2617077654178 ], [ 153.079456282244422, -27.263328495449056 ], [ 153.075731721223463, -27.228019734053781 ], [ 153.054581535425712, -27.229756230515843 ], [ 153.078658162025647, -27.264486159757098 ], [ 153.06655333870745, -27.307203972723844 ], [ 153.082515743083093, -27.333482952516395 ], [ 153.160465484450867, -27.377011130498765 ], [ 153.110050890631101, -27.440103835287047 ], [ 153.048196573675455, -27.441145733164284 ], [ 153.049127713930687, -27.474139165943477 ], [ 153.03449550991968, -27.462678289293862 ], [ 153.028110548169423, -27.479464421760468 ], [ 153.01733592521586, -27.467887778680051 ], [ 153.003235801350684, -27.475528363113128 ], [ 152.994589498980559, -27.489883400532847 ], [ 153.020661426127447, -27.500418145736027 ], [ 153.001240500803732, -27.506206467276236 ], [ 152.998181039965061, -27.511068657370011 ], [ 152.997781979855688, -27.514773183155746 ], [ 153.007891502626933, -27.521256103280781 ], [ 152.970645892417082, -27.504585737244977 ], [ 152.965857171104375, -27.51431011743253 ], [ 152.973306293146351, -27.542672892979553 ], [ 152.966389251250234, -27.543483257995184 ], [ 152.95933918931766, -27.532601213499589 ], [ 152.938322023556367, -27.52542369478973 ], [ 152.927414380566347, -27.529475519867876 ], [ 152.922226599144267, -27.542325593687142 ], [ 152.906131174732138, -27.543599024425987 ], [ 152.90329543964009, -27.546651849847443 ], [ 152.925419080019395, -27.542094060825534 ], [ 152.929675721186214, -27.528665154852249 ], [ 152.952954227567375, -27.530517417745116 ], [ 152.963595830484479, -27.543714790856793 ], [ 152.974237433401584, -27.544525155872421 ], [ 152.97024683230768, -27.507479898015081 ], [ 153.007625462553989, -27.523802964758474 ], [ 153.011616063647921, -27.51928807395711 ], [ 153.001639560913134, -27.508984861615538 ], [ 153.018001025398178, -27.505048802968194 ], [ 153.022656726674398, -27.497871284258334 ], [ 152.99618573941811, -27.487683838347568 ], [ 153.007891502626933, -27.474139165943477 ], [ 153.030238868752832, -27.482127049668968 ], [ 153.03396342977382, -27.467772012249249 ], [ 153.045270132873242, -27.477959458160015 ], [ 153.056709856009121, -27.471939603758198 ], [ 153.05365039517045, -27.442187631041524 ], [ 153.089698825052153, -27.449712449043794 ], [ 153.115238672053181, -27.439872302425439 ], [ 153.164057025435397, -27.401669380260056 ], [ 153.156474883356964, -27.392408065795724 ], [ 153.18879875221765, -27.345406894889223 ], [ 153.20223377590051, -27.352931712891497 ], [ 153.183477950759112, -27.393218430811352 ], [ 153.165387225800032, -27.398312153766735 ], [ 153.191991233092779, -27.476222961697953 ], [ 153.226842482646305, -27.482705881822987 ], [ 153.241474686657313, -27.465803982925575 ], [ 153.241740726730228, -27.480737852499317 ], [ 153.259964471725766, -27.482937414684596 ], [ 153.260629571908083, -27.513847051709313 ], [ 153.28922887974781, -27.514078584570921 ], [ 153.277922176648389, -27.540473330794274 ], [ 153.289494919820726, -27.564668514832348 ], [ 153.317695167551051, -27.580991581575741 ], [ 153.301732763175409, -27.603334502720948 ], [ 153.322882948973131, -27.699189107426811 ], [ 153.301067662993091, -27.706598158998279 ], [ 153.292554380659396, -27.692011588716952 ], [ 153.298407262263794, -27.709839619060798 ], [ 153.348156755901243, -27.695137282348664 ], [ 153.35653701819848, -27.711691881953666 ], [ 153.371967342428263, -27.707292757583105 ], [ 153.383141025491227, -27.709723852629992 ], [ 153.387929746803934, -27.709029254045166 ], [ 153.39125524771552, -27.706945458290694 ], [ 153.40575443169007, -27.734382102391283 ], [ 153.415198854278998, -27.741791153962751 ], [ 153.426372537341962, -27.741906920393557 ], [ 153.439275480878933, -27.735771299560934 ], [ 153.424909316940841, -27.779646776835719 ], [ 153.384338205819404, -27.784393200498691 ], [ 153.382076865199508, -27.786476996253167 ], [ 153.411341273221552, -27.788792324869252 ], [ 153.394580748627106, -27.818775830447535 ], [ 153.373696602902299, -27.814029406784563 ], [ 153.390837015679182, -27.794486302948034 ], [ 153.383673105637087, -27.799558602934042 ], [ 153.366646540969725, -27.796317142871523 ], [ 153.351349236776372, -27.80175816511932 ], [ 153.368774861553135, -27.80175816511932 ], [ 153.379150424397324, -27.842739481624001 ], [ 153.392984508189556, -27.839034955838265 ], [ 153.401763830596167, -27.862767074153126 ], [ 153.380613644798416, -27.870407658586203 ], [ 153.37728814388683, -27.877700943726865 ], [ 153.380746664834874, -27.889046053945673 ], [ 153.356803058271396, -27.891014083269347 ], [ 153.343235014552107, -27.910115544352035 ], [ 153.382874985418283, -27.889972185392107 ], [ 153.379948544616099, -27.873764885079524 ], [ 153.400433630231504, -27.87480678295676 ], [ 153.396709069210516, -27.887309557483611 ], [ 153.410543153002749, -27.954917153073257 ], [ 153.420386635701078, -27.970314088370213 ], [ 153.415198854278998, -27.99960299536367 ], [ 153.423313076503291, -27.982122264312238 ], [ 153.425574417123158, -27.937089122729411 ], [ 153.45031614390544, -28.083649424127508 ], [ 153.514564821517439, -28.161212932766311 ], [ 153.552209491836692, -28.164338626398024 ], [ 153.534650847023471, -28.177651765940507 ], [ 153.476920151198186, -28.156929574826556 ], [ 153.357335138417255, -28.249311186608296 ], [ 153.28204579777875, -28.233798484880538 ], [ 153.23282838428716, -28.265055421197665 ], [ 153.176693928899454, -28.249542719469904 ], [ 153.161130584633185, -28.279757757909799 ], [ 153.169244806857478, -28.293070897452278 ], [ 153.125880274970285, -28.317266081490352 ], [ 153.126811415225546, -28.336251776142241 ], [ 153.102335728516209, -28.357900098702622 ], [ 153.04487107276384, -28.339030170481539 ], [ 152.934331422462463, -28.337640973311888 ], [ 152.849464639198573, -28.311130460657733 ], [ 152.804237826800886, -28.353500974332064 ], [ 152.777367779435224, -28.34597615632979 ], [ 152.750896792178906, -28.363919953104439 ], [ 152.666562089060875, -28.31159352638095 ], [ 152.639692041695213, -28.312172358534969 ], [ 152.61242293422012, -28.27095950916868 ], [ 152.579566985213575, -28.339145936912345 ], [ 152.525959910518679, -28.305920971271544 ], [ 152.536468493399326, -28.265865786213297 ], [ 152.50933240596072, -28.249195420177493 ], [ 152.463440493380716, -28.259151333226654 ], [ 152.444152588093459, -28.297238488961231 ], [ 152.413158919597407, -28.301521846900986 ], [ 152.41768160083717, -28.331621118910071 ], [ 152.385224711939998, -28.368782143198217 ], [ 152.309403291155661, -28.362878055227203 ], [ 152.21722040588628, -28.449124046176319 ], [ 152.156430249222325, -28.434537475894992 ], [ 152.121845039741743, -28.460700689256736 ], [ 152.06970118544794, -28.468572806551421 ], [ 152.016759210935362, -28.525182591214669 ], [ 151.988825003277981, -28.525645656937886 ], [ 151.982573061564182, -28.503302735792676 ], [ 151.955303954089089, -28.519162736812852 ], [ 151.95676717449021, -28.563269746949246 ], [ 151.985898562475768, -28.582139675170328 ], [ 152.001993986887896, -28.650673402206404 ], [ 152.066508704572811, -28.68123573993871 ], [ 152.076086147198197, -28.708325084746889 ], [ 152.042299057936418, -28.731825670200138 ], [ 152.036579196368479, -28.817724361856843 ], [ 152.014896930424868, -28.85025472891282 ], [ 152.037510336623711, -28.85164392608247 ], [ 152.037510336623711, -28.86437823347093 ], [ 152.010640289258021, -28.906632980714456 ], [ 151.998003385793965, -28.895403636926449 ], [ 151.91632908340523, -28.929323201152076 ], [ 151.847291684480524, -28.908485243607323 ], [ 151.8257424385734, -28.963937363962529 ], [ 151.806853593395545, -28.945298968603055 ], [ 151.770672143477384, -28.95571794737543 ], [ 151.733825593376935, -28.871439985749983 ], [ 151.706423465865385, -28.871671518611592 ], [ 151.633262445810317, -28.93024933259851 ], [ 151.611713199903193, -28.923534879611868 ], [ 151.544804121561896, -28.953286852328542 ], [ 151.497848048690201, -29.020894447918188 ], [ 151.490265906611768, -29.057360873621505 ], [ 151.502769790039366, -29.069863648148356 ], [ 151.39542262061309, -29.17729489593464 ], [ 151.315610598734821, -29.166065552146634 ], [ 151.316142678880681, -29.134808615829506 ], [ 151.279030088707287, -29.099152555141817 ], [ 151.290602831879625, -29.051109486358079 ], [ 151.271847006738255, -29.030734594536543 ], [ 151.28408485009291, -29.006770943360078 ], [ 151.27477344754044, -28.938584515616412 ], [ 151.10331062053865, -28.836594290077926 ], [ 151.04637804493214, -28.845276772388239 ], [ 151.041323283546518, -28.797812535758524 ], [ 151.025227859134418, -28.793992243541986 ], [ 151.028420340009546, -28.762619540794052 ], [ 151.009930554941093, -28.740971218233668 ], [ 150.937833695177716, -28.730668005892095 ], [ 150.907904186973354, -28.688876324371787 ], [ 150.874383137784491, -28.694433113050387 ], [ 150.752137724274291, -28.634697634755426 ], [ 150.680306904583858, -28.661439680271194 ], [ 150.67299080257834, -28.650673402206404 ], [ 150.632951771602762, -28.676720849137347 ], [ 150.553405789797409, -28.653220263684098 ], [ 150.551543509286915, -28.671511359751157 ], [ 150.52746688268698, -28.669311797565879 ], [ 150.539172645895803, -28.659703183809132 ], [ 150.524540441884767, -28.654493694422943 ], [ 150.442201039313716, -28.664333841041298 ], [ 150.414399851692764, -28.651946832945249 ], [ 150.412936631291672, -28.633539970447387 ], [ 150.370104179550339, -28.621152962351339 ], [ 150.350018154044307, -28.57473062359886 ], [ 150.289094977343893, -28.537222300018303 ], [ 150.213539596632472, -28.573341426429209 ], [ 150.151685279676826, -28.551114271714805 ], [ 150.090895123012871, -28.565237776272916 ], [ 150.07692801918418, -28.583528872339979 ], [ 150.026912485473815, -28.579013981538615 ], [ 149.942045702209924, -28.618374568012037 ], [ 149.88950278780672, -28.61895340016606 ], [ 149.864761061024467, -28.602861866284275 ], [ 149.724823982664589, -28.609344786409309 ], [ 149.702476616538661, -28.633887269739798 ], [ 149.669354627459199, -28.630645809677279 ], [ 149.664033826000633, -28.612238947179417 ], [ 149.629847676629453, -28.594873982558788 ], [ 149.605505009956573, -28.598346975482915 ], [ 149.593134146565461, -28.576119820768511 ], [ 149.496694620129205, -28.57831938295379 ], [ 149.439096944340406, -28.611660115025394 ], [ 149.388017250338322, -28.694317346619581 ], [ 149.357954722097503, -28.684245667139617 ], [ 149.293706044485504, -28.711219245516993 ], [ 149.268299217520934, -28.743633846142163 ], [ 149.246350911504408, -28.739234721771606 ], [ 149.194606117319978, -28.770954723811954 ], [ 149.179175793090195, -28.803022025144713 ], [ 149.139535822223991, -28.806726550930446 ], [ 149.127830059015167, -28.835552392200686 ], [ 149.08007586592467, -28.843424509495371 ], [ 149.034583013454068, -28.952823786605325 ], [ 148.972196616352562, -28.978292401382248 ], [ 148.958096492487414, -28.999014592496195 ], [ 140.999241670787029, -28.999130358927001 ], [ 140.999374690823487, -25.996380676728062 ], [ 137.999107768383141, -25.996843742451279 ] ], [ [ 146.705801235082816, -19.209573670832743 ], [ 146.711065190371954, -19.208733787026354 ], [ 146.711065190371954, -19.20873378702635 ], [ 146.705801235082816, -19.209573670832743 ] ], [ [ 152.903398634610056, -27.547152219172119 ], [ 152.894026351413942, -27.579255085113676 ], [ 152.897085812252612, -27.586664136685144 ], [ 152.905067014440419, -27.596041217580282 ], [ 152.905998154695681, -27.601250706966471 ], [ 152.888971590028319, -27.590252896040074 ], [ 152.900943393310058, -27.603102969859339 ], [ 152.906663254877998, -27.601366473397277 ], [ 152.905998154695681, -27.596388516872697 ], [ 152.894824471632717, -27.57659245720518 ], [ 152.907195335023857, -27.555522966798819 ], [ 152.903398634610056, -27.547152219172119 ] ] ], [ [ [ 139.554644074790474, -17.122999522018119 ], [ 139.560629976431358, -17.116053536169868 ], [ 139.549456293368394, -17.129250909281549 ], [ 139.554644074790474, -17.122999522018119 ] ] ], [ [ [ 139.597077466422434, -17.1168639011855 ], [ 139.613837991016851, -17.093363315732251 ], [ 139.62993341542898, -17.062685211569143 ], [ 139.639643878090823, -17.074840686803579 ], [ 139.604792628537325, -17.13816492445347 ], [ 139.597077466422434, -17.1168639011855 ] ] ], [ [ [ 139.366287703157781, -17.068820832401762 ], [ 139.383314267825142, -17.072409591756692 ], [ 139.386107688590869, -17.071946526033475 ], [ 139.382649167642825, -17.074956453234385 ], [ 139.366287703157781, -17.068820832401762 ] ] ], [ [ [ 139.436921342520037, -17.101582732319347 ], [ 139.433595841608451, -17.138975289469098 ], [ 139.394620970924564, -17.081555139790222 ], [ 139.423885378946579, -17.078082146866098 ], [ 139.464057429958643, -17.02506112155778 ], [ 139.486670836157487, -17.020314697894811 ], [ 139.495716198637041, -16.980491045698169 ], [ 139.554245014681072, -17.034901268176135 ], [ 139.550919513769486, -17.05492886070526 ], [ 139.574198020150646, -17.089195724223298 ], [ 139.518728664945257, -17.105055725243474 ], [ 139.517531484617081, -17.122536456294906 ], [ 139.480418894443687, -17.117905799062736 ], [ 139.472304672219394, -17.096141710071549 ], [ 139.436921342520037, -17.101582732319347 ] ] ], [ [ [ 139.260935834278484, -17.054813094274458 ], [ 139.213447681260902, -17.033975136729705 ], [ 139.207328759583561, -17.003297032566593 ], [ 139.260935834278484, -17.054813094274458 ] ] ], [ [ [ 139.200145677614529, -16.99264652093261 ], [ 139.199879637541613, -16.99461455025628 ], [ 139.189637094733882, -16.990562725178133 ], [ 139.200145677614529, -16.99264652093261 ] ] ], [ [ [ 139.27782937890936, -16.989983893024114 ], [ 139.261866974533717, -16.998666375334427 ], [ 139.263862275080669, -16.984774403637925 ], [ 139.27782937890936, -16.989983893024114 ] ] ], [ [ [ 139.054222697613767, -16.891350893978949 ], [ 139.073776642973939, -16.891813959702166 ], [ 139.07683610381261, -16.905127099244645 ], [ 139.069786041880036, -16.903969434936602 ], [ 139.054222697613767, -16.891350893978949 ] ] ], [ [ [ 139.063401080129779, -16.863914249878356 ], [ 139.061937859728658, -16.875722425820381 ], [ 139.057681218561839, -16.870976002157413 ], [ 139.063401080129779, -16.863914249878356 ] ] ], [ [ [ 139.147868803284268, -16.8236275319585 ], [ 139.113283593803686, -16.849443446027834 ], [ 139.094793808735233, -16.843076292333603 ], [ 139.09492682877169, -16.812745487462905 ], [ 139.132571499090943, -16.797811617889167 ], [ 139.147868803284268, -16.8236275319585 ] ] ], [ [ [ 139.148533903466586, -16.761924024339869 ], [ 139.142148941716329, -16.755441104214835 ], [ 139.149997123867678, -16.75671453495368 ], [ 139.148533903466586, -16.761924024339869 ] ] ], [ [ [ 139.186843673968156, -16.721405773558406 ], [ 139.141350821497554, -16.754051907045184 ], [ 139.140020621132891, -16.706124604692253 ], [ 139.179660591999095, -16.671857741174215 ], [ 139.186843673968156, -16.721405773558406 ] ] ], [ [ [ 139.840238093078199, -16.699873217428827 ], [ 139.831724810744504, -16.697094823089525 ], [ 139.839572992895881, -16.698020954535959 ], [ 139.840238093078199, -16.699873217428827 ] ] ], [ [ [ 139.459401728682423, -16.70242007890652 ], [ 139.438384562921129, -16.694547961611836 ], [ 139.467515950906716, -16.66699555108044 ], [ 139.477625473677961, -16.679382559176485 ], [ 139.459401728682423, -16.70242007890652 ] ] ], [ [ [ 139.858461838073737, -16.673362704774668 ], [ 139.848219295266034, -16.662712193140685 ], [ 139.869901561209616, -16.646504892828098 ], [ 139.886396045731118, -16.653682411537957 ], [ 139.858461838073737, -16.673362704774668 ] ] ], [ [ [ 139.162501007295276, -16.666185186064808 ], [ 139.160505706748324, -16.609806934263172 ], [ 139.211452380713951, -16.569288683481705 ], [ 139.241248868881826, -16.505269847246993 ], [ 139.301906005509323, -16.464983129327138 ], [ 139.465387630323278, -16.446113201106055 ], [ 139.550919513769486, -16.390776847181655 ], [ 139.606255848938417, -16.404553052447351 ], [ 139.650152460971469, -16.449470427599376 ], [ 139.676357408154843, -16.450628091907419 ], [ 139.70189725515587, -16.487904882626363 ], [ 139.711474697781256, -16.532243425624369 ], [ 139.657202522904043, -16.519393351805103 ], [ 139.594949145838996, -16.555280945354401 ], [ 139.558634675884377, -16.483042692532589 ], [ 139.541741131253502, -16.487441816903146 ], [ 139.530301408117595, -16.517541088912235 ], [ 139.480684934516631, -16.524371308329684 ], [ 139.485606675865768, -16.542083572242724 ], [ 139.516201284252446, -16.555280945354401 ], [ 139.506224781517659, -16.577855399361216 ], [ 139.483744395355274, -16.555975543939226 ], [ 139.455278107552033, -16.570330581358945 ], [ 139.46937823141721, -16.572993209267441 ], [ 139.47243769225588, -16.612816861464079 ], [ 139.465653670396222, -16.628329563191841 ], [ 139.442508184051519, -16.629371461069077 ], [ 139.451287506458129, -16.665374821049181 ], [ 139.416170216831688, -16.671973507605017 ], [ 139.40725787438862, -16.645115695658447 ], [ 139.386639768736728, -16.639327374118238 ], [ 139.373869845236214, -16.686328545024736 ], [ 139.350591338855054, -16.688991172933232 ], [ 139.313079688572259, -16.730204022299525 ], [ 139.229277065600087, -16.732635117346412 ], [ 139.217970362500665, -16.709944896908791 ], [ 139.199746617505127, -16.707629568292706 ], [ 139.195090916228907, -16.661901828125053 ], [ 139.162501007295276, -16.666185186064808 ] ] ], [ [ [ 139.813368045712508, -16.492072474135316 ], [ 139.802593422758946, -16.48998867838084 ], [ 139.804056643160038, -16.486862984749127 ], [ 139.813368045712508, -16.492072474135316 ] ] ], [ [ [ 139.717194559349196, -16.450743858338221 ], [ 139.730762603068513, -16.454448384123957 ], [ 139.730895623104971, -16.501333788599648 ], [ 139.702163295228814, -16.478527801731225 ], [ 139.717194559349196, -16.450743858338221 ] ] ], [ [ [ 139.276632198581183, -16.267369831944393 ], [ 139.274237837924858, -16.274894649946667 ], [ 139.271311397122645, -16.269106328406455 ], [ 139.276632198581183, -16.267369831944393 ] ] ], [ [ [ 143.251935988301, -11.996283133854808 ], [ 143.244087806149651, -11.989337148006557 ], [ 143.24621612673306, -11.984706490774391 ], [ 143.251935988301, -11.996283133854808 ] ] ], [ [ [ 143.095637445456077, -11.769265163047804 ], [ 143.08566094272129, -11.769149396616999 ], [ 143.083665642174338, -11.765907936554482 ], [ 143.095637445456077, -11.769265163047804 ] ] ], [ [ [ 142.100647572707061, -10.986452557949907 ], [ 142.107697634639635, -10.9973346024455 ], [ 142.100514552670603, -10.987841755119558 ], [ 142.100248512597659, -10.979738104963264 ], [ 142.10117965285292, -10.973834016992251 ], [ 142.108894814967812, -10.967582629728826 ], [ 142.100647572707061, -10.986452557949907 ] ] ], [ [ [ 142.686999893439378, -10.936904525565716 ], [ 142.668643128407354, -10.936557226273303 ], [ 142.652680724031711, -10.913751239404879 ], [ 142.693251835153177, -10.922549488145997 ], [ 142.705223638434916, -10.956353285940819 ], [ 142.691655594715598, -10.957626716679664 ], [ 142.686999893439378, -10.936904525565716 ] ] ], [ [ [ 142.638048520020703, -10.916182334451767 ], [ 142.622751215827378, -10.924517517469669 ], [ 142.620755915280398, -10.918729195929458 ], [ 142.638048520020703, -10.916182334451767 ] ] ], [ [ [ 142.3766641483694, -10.759666120004511 ], [ 142.369747106473284, -10.761402616466572 ], [ 142.37520092796828, -10.7566561928036 ], [ 142.3766641483694, -10.759666120004511 ] ] ], [ [ [ 142.220498625560907, -10.743806118984336 ], [ 142.22395714650898, -10.737091665997694 ], [ 142.225154326837156, -10.747394878339266 ], [ 142.220498625560907, -10.743806118984336 ] ] ], [ [ [ 142.59521606827937, -10.712780715528815 ], [ 142.62062289524394, -10.747394878339266 ], [ 142.584441445325808, -10.714401445560073 ], [ 142.59521606827937, -10.712780715528815 ] ] ], [ [ [ 142.410451237631179, -10.710928452635947 ], [ 142.399011514495299, -10.735470935966434 ], [ 142.384911390630151, -10.74751064477007 ], [ 142.38970011194283, -10.717990204915003 ], [ 142.410451237631179, -10.710928452635947 ] ] ], [ [ [ 142.416304119235605, -10.725283490055666 ], [ 142.411116337813496, -10.726904220086926 ], [ 142.414707878798026, -10.722852395008779 ], [ 142.416304119235605, -10.725283490055666 ] ] ], [ [ [ 142.303769168387248, -10.726672687225317 ], [ 142.283949182954132, -10.722852395008779 ], [ 142.29432474579832, -10.701782904602418 ], [ 142.303104068204931, -10.708265824727452 ], [ 142.303769168387248, -10.726672687225317 ] ] ], [ [ [ 142.34926202085785, -10.703172101772068 ], [ 142.353651682061155, -10.704792831803326 ], [ 142.348862960748448, -10.708613124019864 ], [ 142.34926202085785, -10.703172101772068 ] ] ], [ [ [ 142.196421998960972, -10.594235890385329 ], [ 142.273573620109971, -10.697962612385879 ], [ 142.26692261828677, -10.726441154363709 ], [ 142.246038472561963, -10.713012248390424 ], [ 142.230209088222779, -10.739406994613777 ], [ 142.223026006253718, -10.723083927870388 ], [ 142.206797561805161, -10.726441154363709 ], [ 142.177932213892518, -10.770895463792515 ], [ 142.149998006235109, -10.762444514343811 ], [ 142.112885416061715, -10.719610934946262 ], [ 142.119802457957832, -10.64540465280078 ], [ 142.196421998960972, -10.594235890385329 ] ] ], [ [ [ 142.667179908006261, -10.630239250365431 ], [ 142.638447580130077, -10.65316100366466 ], [ 142.650951463557675, -10.638574433383333 ], [ 142.633126778671539, -10.625377060271656 ], [ 142.667179908006261, -10.630239250365431 ] ] ], [ [ [ 142.307892789517609, -10.579302020811591 ], [ 142.326515594622549, -10.612874285744804 ], [ 142.29592098623587, -10.637764068367703 ], [ 142.265991478031538, -10.642047426307458 ], [ 142.236061969827176, -10.608822460666657 ], [ 142.257079135588469, -10.579417787242395 ], [ 142.307892789517609, -10.579302020811591 ] ] ], [ [ [ 142.615701153894776, -10.600718810510365 ], [ 142.621421015462715, -10.590184065307184 ], [ 142.627007856994197, -10.600371511217952 ], [ 142.615701153894776, -10.600718810510365 ] ] ], [ [ [ 142.148933845943418, -10.59724581758624 ], [ 142.179528454330068, -10.585206108782604 ], [ 142.170749131923458, -10.60558100060414 ], [ 142.148933845943418, -10.59724581758624 ] ] ], [ [ [ 142.229943048149835, -10.581038517273653 ], [ 142.209457962534429, -10.588563335275925 ], [ 142.205600381476984, -10.578375889365157 ], [ 142.225154326837156, -10.569114574900821 ], [ 142.229943048149835, -10.581038517273653 ] ] ], [ [ [ 142.145608345031803, -10.565641581976696 ], [ 142.160905649225157, -10.556959099666383 ], [ 142.171015171996402, -10.553601873173061 ], [ 142.159043368714663, -10.56934610776243 ], [ 142.145608345031803, -10.565641581976696 ] ] ], [ [ [ 142.230475128295694, -10.534268879228762 ], [ 142.197752199325606, -10.574671363579423 ], [ 142.180326574548872, -10.561358224036942 ], [ 142.219700505342132, -10.521187272547889 ], [ 142.230475128295694, -10.534268879228762 ] ] ], [ [ [ 142.308557889699927, -10.542835595108272 ], [ 142.284082202990589, -10.527901725534532 ], [ 142.310553190246907, -10.505906103681736 ], [ 142.321061773127525, -10.531143185597049 ], [ 142.308557889699927, -10.542835595108272 ] ] ], [ [ [ 142.136562982552277, -10.387824344261469 ], [ 142.126320439744575, -10.384814417060561 ], [ 142.125655339562257, -10.356220108651927 ], [ 142.13802620295337, -10.362471495915353 ], [ 142.136562982552277, -10.387824344261469 ] ] ], [ [ [ 142.049966938814379, -10.366870620285912 ], [ 142.05049901896021, -10.35575704292871 ], [ 142.061539681986716, -10.354483612189863 ], [ 142.049966938814379, -10.366870620285912 ] ] ], [ [ [ 142.105968374165627, -10.290349009524345 ], [ 142.098918312233025, -10.291969739555604 ], [ 142.102908913326957, -10.286528717307807 ], [ 142.105968374165627, -10.290349009524345 ] ] ], [ [ [ 142.107697634639635, -10.280161563613577 ], [ 142.104505153764507, -10.282476892229662 ], [ 142.101844753035238, -10.277498935705081 ], [ 142.107697634639635, -10.280161563613577 ] ] ], [ [ [ 142.078832286726993, -10.266385358347879 ], [ 142.068190683809888, -10.263028131854558 ], [ 142.076836986180041, -10.260018204653649 ], [ 142.078832286726993, -10.266385358347879 ] ] ], [ [ [ 142.487735878816636, -10.255387547421481 ], [ 142.474034815060861, -10.251335722343335 ], [ 142.486272658415544, -10.246126232957147 ], [ 142.487735878816636, -10.255387547421481 ] ] ], [ [ [ 142.084552148294932, -10.240569444278545 ], [ 142.086281408768969, -10.246126232957147 ], [ 142.083354967966784, -10.245084335079909 ], [ 142.084552148294932, -10.240569444278545 ] ] ], [ [ [ 142.077635106398816, -10.232234261260645 ], [ 142.079098326799937, -10.241264042863371 ], [ 142.075107725706005, -10.231308129814211 ], [ 142.077635106398816, -10.232234261260645 ] ] ], [ [ [ 142.151328206599771, -10.224593676827569 ], [ 142.151993306782089, -10.217879223840926 ], [ 142.156382967985394, -10.224477910396764 ], [ 142.151328206599771, -10.224593676827569 ] ] ], [ [ [ 142.172877452506896, -10.224130611104352 ], [ 142.163965110063828, -10.214406230916801 ], [ 142.171414232105775, -10.207112945776137 ], [ 142.172877452506896, -10.224130611104352 ] ] ], [ [ [ 142.141883784010844, -10.205144916452467 ], [ 142.148002705688157, -10.211280537285088 ], [ 142.142149824083759, -10.210007106546241 ], [ 142.141883784010844, -10.205144916452467 ] ] ], [ [ [ 142.827203011872172, -10.203524186421207 ], [ 142.821217110231316, -10.211280537285088 ], [ 142.81789160931973, -10.208965208669003 ], [ 142.827203011872172, -10.203524186421207 ] ] ], [ [ [ 142.511945525453029, -10.184075426046103 ], [ 142.513142705781206, -10.195304769834109 ], [ 142.505959623812174, -10.185464623215754 ], [ 142.511945525453029, -10.184075426046103 ] ] ], [ [ [ 142.273972680219345, -10.258050175329979 ], [ 142.241116731212799, -10.234202290584316 ], [ 142.215975944321144, -10.23790681637005 ], [ 142.185780396043867, -10.192526375494809 ], [ 142.21983352537859, -10.128854838552508 ], [ 142.26585845799508, -10.115773231871636 ], [ 142.32438727403914, -10.134527393661914 ], [ 142.344207259472228, -10.169488855764778 ], [ 142.273972680219345, -10.258050175329979 ] ] ], [ [ [ 142.513009685744748, -10.155365351206667 ], [ 142.50822096443207, -10.16323746850135 ], [ 142.505826603775716, -10.159185643423205 ], [ 142.513009685744748, -10.155365351206667 ] ] ], [ [ [ 142.085084228440792, -10.113342136824748 ], [ 142.114215616426378, -10.068540528103528 ], [ 142.182587915168739, -10.059858045793215 ], [ 142.18870683684608, -10.146914401757961 ], [ 142.165029270355518, -10.179329002383133 ], [ 142.133503521713607, -10.175971775889812 ], [ 142.085084228440792, -10.113342136824748 ] ] ], [ [ [ 143.071959878965515, -10.048860234866817 ], [ 143.063845656741222, -10.051522862775313 ], [ 143.061052235975495, -10.05036519846727 ], [ 143.071959878965515, -10.048860234866817 ] ] ], [ [ [ 142.865512782373742, -10.043650745480628 ], [ 142.851279638472136, -10.050249432036466 ], [ 142.829065292382666, -10.020497459319792 ], [ 142.85779762025885, -10.020381692888988 ], [ 142.865512782373742, -10.043650745480628 ] ] ], [ [ [ 143.122906552931141, -9.986809427955773 ], [ 143.113728170415158, -9.98727249367899 ], [ 143.123438633077001, -9.984031033616473 ], [ 143.122906552931141, -9.986809427955773 ] ] ], [ [ [ 142.200678640127819, -9.952774097299343 ], [ 142.17992751443947, -9.972570156966858 ], [ 142.165295310428462, -9.953121396591756 ], [ 142.184184155606317, -9.943744315696618 ], [ 142.200678640127819, -9.952774097299343 ] ] ], [ [ [ 142.157979208422944, -9.940734388495708 ], [ 142.165029270355518, -9.945943877881897 ], [ 142.156249947948908, -9.944786213573854 ], [ 142.157979208422944, -9.940734388495708 ] ] ], [ [ [ 142.783173379802662, -9.897900809098161 ], [ 142.768541175791654, -9.905078327808019 ], [ 142.766279835171787, -9.896858911220923 ], [ 142.783173379802662, -9.897900809098161 ] ] ], [ [ [ 142.89770363119797, -9.853446499669353 ], [ 142.948517285127139, -9.855530295423828 ], [ 142.912601875281922, -9.866875405642638 ], [ 142.89770363119797, -9.853446499669353 ] ] ], [ [ [ 142.972593911727074, -9.798341678606562 ], [ 142.976052432675147, -9.807024160916875 ], [ 142.972593911727074, -9.807371460209287 ], [ 142.972593911727074, -9.798341678606562 ] ] ], [ [ [ 142.628338057358832, -9.757707661394292 ], [ 142.648690122937808, -9.772178465244815 ], [ 142.622086115645033, -9.771252333798381 ], [ 142.628338057358832, -9.757707661394292 ] ] ], [ [ [ 143.257655849868939, -9.765000946534956 ], [ 143.262976651327506, -9.767316275151039 ], [ 143.256458669540763, -9.768126640166669 ], [ 143.257655849868939, -9.765000946534956 ] ] ], [ [ [ 142.258276315916618, -9.554884874625362 ], [ 142.290600184777333, -9.551296115270432 ], [ 142.319465532689975, -9.56785071487543 ], [ 142.283816162917674, -9.5698187441991 ], [ 142.258276315916618, -9.554884874625362 ] ] ], [ [ [ 141.573622188237607, -9.519460346799281 ], [ 141.57242500790943, -9.513440492397462 ], [ 141.574686348529298, -9.515408521721135 ], [ 141.573622188237607, -9.519460346799281 ] ] ], [ [ [ 142.551452476282776, -9.421637712769744 ], [ 142.531366450776744, -9.431477859388101 ], [ 142.52950417026625, -9.41040836898174 ], [ 142.551452476282776, -9.421637712769744 ] ] ], [ [ [ 142.765215674880068, -9.369311286046253 ], [ 142.800865044652369, -9.382045593434714 ], [ 142.707218938981867, -9.428352165756387 ], [ 142.651616563739992, -9.428004866463976 ], [ 142.596679288680463, -9.402652018117859 ], [ 142.608119011816342, -9.380656396265064 ], [ 142.644699521843876, -9.365143694537302 ], [ 142.670904469027249, -9.375794206171287 ], [ 142.707484979054783, -9.381698294142302 ], [ 142.765215674880068, -9.369311286046253 ] ] ], [ [ [ 142.718791682154205, -9.372668512539574 ], [ 142.697375456283538, -9.377183403340938 ], [ 142.669707288699072, -9.373131578262791 ], [ 142.686866873402892, -9.358545007981464 ], [ 142.718791682154205, -9.372668512539574 ] ] ], [ [ [ 142.663987427131133, -9.361554935182372 ], [ 142.666647827860402, -9.366532891706953 ], [ 142.663721387058217, -9.364680628814085 ], [ 142.663987427131133, -9.361554935182372 ] ] ], [ [ [ 142.211320243044923, -9.231086167666056 ], [ 142.244442232124413, -9.258870111059061 ], [ 142.293925685688919, -9.260027775367103 ], [ 142.292462465287826, -9.271372885585913 ], [ 142.274637780401662, -9.289548215222171 ], [ 142.241781831395116, -9.290474346668603 ], [ 142.133370501677149, -9.269173323400635 ], [ 142.211320243044923, -9.231086167666056 ] ] ], [ [ [ 142.188174756700221, -9.231664999820078 ], [ 142.155717867803077, -9.241736679300042 ], [ 142.164364170173201, -9.223908648956197 ], [ 142.188174756700221, -9.231664999820078 ] ] ], [ [ [ 142.144677204776571, -9.226571276864695 ], [ 142.151727266709145, -9.227265875449518 ], [ 142.146539485287065, -9.231549233389273 ], [ 142.144677204776571, -9.226571276864695 ] ] ], [ [ [ 142.240318610994024, -9.23363302914375 ], [ 142.243777131942068, -9.222750984648156 ], [ 142.251625314093445, -9.232938430558924 ], [ 142.240318610994024, -9.23363302914375 ] ] ], [ [ [ 146.010239464413758, -17.152056896149972 ], [ 146.010505504486702, -17.160970911321893 ], [ 146.005450743101079, -17.152519961873189 ], [ 146.010239464413758, -17.152056896149972 ] ] ], [ [ [ 146.004652622882276, -16.925270458204572 ], [ 146.00079504182483, -16.936152502700168 ], [ 145.985497737631505, -16.942172357101985 ], [ 145.990552499017127, -16.925617757496987 ], [ 146.004652622882276, -16.925270458204572 ] ] ], [ [ [ 145.4953189032625, -16.296427206076242 ], [ 145.500107624575207, -16.293533045306138 ], [ 145.501304804903384, -16.298858301123133 ], [ 145.4953189032625, -16.296427206076242 ] ] ], [ [ [ 145.379591471539015, -15.09673968365248 ], [ 145.383848112705863, -15.092224792851116 ], [ 145.384247172815265, -15.095582019344437 ], [ 145.379591471539015, -15.09673968365248 ] ] ], [ [ [ 145.525248411466862, -14.831866089972506 ], [ 145.52897297248785, -14.827119666309533 ], [ 145.529771092706625, -14.831055724956876 ], [ 145.525248411466862, -14.831866089972506 ] ] ], [ [ [ 145.509419027127677, -14.747588128347058 ], [ 145.510616207455854, -14.742031339668458 ], [ 145.515005868659159, -14.748977325516709 ], [ 145.509419027127677, -14.747588128347058 ] ] ], [ [ [ 145.201477642714025, -14.733464623788947 ], [ 145.204005023406836, -14.737632215297898 ], [ 145.196555901364889, -14.734159222373773 ], [ 145.201477642714025, -14.733464623788947 ] ] ], [ [ [ 145.452087391411794, -14.703596884641469 ], [ 145.453284571739943, -14.699313526701713 ], [ 145.457408192870332, -14.702439220333426 ], [ 145.452087391411794, -14.703596884641469 ] ] ], [ [ [ 145.44822981035432, -14.68924184722175 ], [ 145.445303369552136, -14.696072066639196 ], [ 145.441977868640549, -14.692946373007484 ], [ 145.44822981035432, -14.68924184722175 ] ] ], [ [ [ 145.474567777574151, -14.66157367025955 ], [ 145.467916775750979, -14.68125396349626 ], [ 145.442642968822867, -14.671066517585492 ], [ 145.455678932396296, -14.646408267824201 ], [ 145.474567777574151, -14.66157367025955 ] ] ], [ [ [ 145.256148877700639, -14.657869144473816 ], [ 145.250429016132699, -14.650460092902348 ], [ 145.255084717408948, -14.649881260748327 ], [ 145.256148877700639, -14.657869144473816 ] ] ], [ [ [ 144.930914888546738, -14.611909871444555 ], [ 144.926259187270489, -14.601953958395395 ], [ 144.935437569786501, -14.610636440705708 ], [ 144.930914888546738, -14.611909871444555 ] ] ], [ [ [ 144.885954116221967, -14.557962714689804 ], [ 144.889013577060638, -14.564445634814838 ], [ 144.884357875784417, -14.5606253425983 ], [ 144.885954116221967, -14.557962714689804 ] ] ], [ [ [ 144.996493766523372, -14.54013468434596 ], [ 144.987980484189677, -14.54233424653124 ], [ 144.988246524262621, -14.539671618622743 ], [ 144.996493766523372, -14.54013468434596 ] ] ], [ [ [ 144.97999928200187, -14.523001252586941 ], [ 144.971752039741091, -14.527053077665087 ], [ 144.96550009802732, -14.524158916894983 ], [ 144.97999928200187, -14.523001252586941 ] ] ], [ [ [ 144.91947516541083, -14.505404755104705 ], [ 144.912292083441798, -14.508414682305613 ], [ 144.910961883077164, -14.504131324365858 ], [ 144.91947516541083, -14.505404755104705 ] ] ], [ [ [ 144.764240782857627, -14.506793952274355 ], [ 144.767699303805671, -14.502047528611383 ], [ 144.768098363915072, -14.507951616582396 ], [ 144.764240782857627, -14.506793952274355 ] ] ], [ [ [ 144.983324782913456, -14.512003441660543 ], [ 144.95672077562071, -14.507141251566768 ], [ 144.95472547507373, -14.499269134272083 ], [ 144.978669081637207, -14.493017747008658 ], [ 144.983324782913456, -14.512003441660543 ] ] ], [ [ [ 144.814921416750309, -14.425410151419014 ], [ 144.811994975948124, -14.438723290961494 ], [ 144.804013773760289, -14.433976867298522 ], [ 144.814921416750309, -14.425410151419014 ] ] ], [ [ [ 144.266346786373731, -14.225481525420186 ], [ 144.269805307321775, -14.239257730685884 ], [ 144.247324921159418, -14.221429700342039 ], [ 144.266346786373731, -14.225481525420186 ] ] ], [ [ [ 144.228835136090936, -14.206032765045084 ], [ 144.214202932079928, -14.220156269603194 ], [ 144.202364148834647, -14.231269846960396 ], [ 144.228835136090936, -14.206032765045084 ] ] ], [ [ [ 143.773507551275458, -14.213904882339769 ], [ 143.778030232515221, -14.220156269603194 ], [ 143.771911310837879, -14.220619335326411 ], [ 143.773507551275458, -14.213904882339769 ] ] ], [ [ [ 144.283772411150466, -14.195382253411099 ], [ 144.240141839190358, -14.191793494056169 ], [ 144.232160637002522, -14.175586193743582 ], [ 144.273263828269847, -14.158800061276976 ], [ 144.283772411150466, -14.195382253411099 ] ] ], [ [ [ 144.267543966701908, -14.148496848935403 ], [ 144.220986953939587, -14.166556412140856 ], [ 144.209414210767221, -14.185079041069526 ], [ 144.230963456674374, -14.132405315053623 ], [ 144.267543966701908, -14.148496848935403 ] ] ], [ [ [ 144.529859478608444, -14.114924584002191 ], [ 144.523740556931131, -14.11990254052677 ], [ 144.525469817405138, -14.112030423232085 ], [ 144.529859478608444, -14.114924584002191 ] ] ], [ [ [ 144.324742582381333, -14.097906918673974 ], [ 144.339640826465256, -14.087487939901598 ], [ 144.333920964897317, -14.103695240214185 ], [ 144.324742582381333, -14.097906918673974 ] ] ], [ [ [ 144.262223165243341, -14.055073339276428 ], [ 144.267810006774823, -14.051253047059889 ], [ 144.267277926628964, -14.057388667892511 ], [ 144.262223165243341, -14.055073339276428 ] ] ], [ [ [ 143.759806487519683, -13.935486616255703 ], [ 143.750495084967213, -13.93872807631822 ], [ 143.756480986608096, -13.931666324039165 ], [ 143.759806487519683, -13.935486616255703 ] ] ], [ [ [ 143.714180615012623, -13.861048801248613 ], [ 143.719501416471161, -13.871352013590187 ], [ 143.713648534866763, -13.866952889219627 ], [ 143.714180615012623, -13.861048801248613 ] ] ], [ [ [ 143.636097853608362, -13.772950547406628 ], [ 143.640886574921069, -13.768319890174462 ], [ 143.640487514811667, -13.775150109591909 ], [ 143.636097853608362, -13.772950547406628 ] ] ], [ [ [ 143.692099288959611, -13.673275650484227 ], [ 143.688374727938651, -13.668760759682863 ], [ 143.694493649615964, -13.667834628236429 ], [ 143.692099288959611, -13.673275650484227 ] ] ], [ [ [ 143.575573737017351, -13.17872145808875 ], [ 143.577036957418471, -13.173048902979344 ], [ 143.573711456506857, -13.190992699753993 ], [ 143.575573737017351, -13.17872145808875 ] ] ], [ [ [ 143.364603959185814, -12.883748592399687 ], [ 143.375245562102918, -12.895556768341715 ], [ 143.360746378128368, -12.889189614647485 ], [ 143.364603959185814, -12.883748592399687 ] ] ], [ [ [ 143.394666487426633, -12.896367133357344 ], [ 143.399056148629938, -12.876686840120632 ], [ 143.400918429140432, -12.896019834064932 ], [ 143.394666487426633, -12.896367133357344 ] ] ], [ [ [ 143.38655226520234, -12.876802606551436 ], [ 143.384157904545987, -12.883748592399687 ], [ 143.379635223306224, -12.877149905843849 ], [ 143.38655226520234, -12.876802606551436 ] ] ], [ [ [ 143.388946625858694, -12.872287715750073 ], [ 143.400918429140432, -12.869393554979968 ], [ 143.396661787973585, -12.875876475105002 ], [ 143.388946625858694, -12.872287715750073 ] ] ], [ [ [ 143.388148505639919, -12.873561146488919 ], [ 143.378837103087449, -12.867888591379515 ], [ 143.387749445530517, -12.866267861348256 ], [ 143.388148505639919, -12.873561146488919 ] ] ], [ [ [ 143.396528767937127, -12.75628975208428 ], [ 143.402115609468609, -12.764393402240573 ], [ 143.399189168666396, -12.76624566513344 ], [ 143.396528767937127, -12.75628975208428 ] ] ], [ [ [ 143.45026886266848, -12.620843028043385 ], [ 143.444948061209942, -12.619222298012126 ], [ 143.449337722413247, -12.614823173641566 ], [ 143.45026886266848, -12.620843028043385 ] ] ], [ [ [ 143.414353452823264, -12.283731181541599 ], [ 143.411560032057537, -12.292529430282718 ], [ 143.405973190526055, -12.287667240188942 ], [ 143.414353452823264, -12.283731181541599 ] ] ], [ [ [ 143.295699580297594, -12.040390143991203 ], [ 143.303281722376028, -12.039232479683161 ], [ 143.298093940953919, -12.043284304761308 ], [ 143.295699580297594, -12.040390143991203 ] ] ], [ [ [ 143.267765372640184, -11.990147513022187 ], [ 143.262444571181646, -11.975329409879251 ], [ 143.274682414536301, -11.988758315852538 ], [ 143.267765372640184, -11.990147513022187 ] ] ], [ [ [ 143.285324017453405, -11.970351453354672 ], [ 143.289979718729654, -11.970698752647085 ], [ 143.287053277927441, -11.974519044863623 ], [ 143.285324017453405, -11.970351453354672 ] ] ], [ [ [ 143.483656891820885, -11.914320500845447 ], [ 143.476074749742452, -11.919877289524047 ], [ 143.478336090362347, -11.913973201553034 ], [ 143.483656891820885, -11.914320500845447 ] ] ], [ [ [ 143.471153008393287, -11.90667991641237 ], [ 143.469822808028653, -11.89811320053286 ], [ 143.472217168685006, -11.901007361302964 ], [ 143.471153008393287, -11.90667991641237 ] ] ], [ [ [ 143.285989117635722, -9.954163294468994 ], [ 143.29330521964124, -9.947101542189939 ], [ 143.292374079385979, -9.953468695884169 ], [ 143.285989117635722, -9.954163294468994 ] ] ], [ [ [ 144.024117299973199, -9.947333075051548 ], [ 144.028107901067102, -9.94270241781938 ], [ 144.031965482124548, -9.947217308620743 ], [ 144.024117299973199, -9.947333075051548 ] ] ], [ [ [ 144.063757270839403, -9.911792780794663 ], [ 144.059367609636098, -9.921517160982214 ], [ 144.042341044968737, -9.926263584645184 ], [ 144.041409904713475, -9.913181977964312 ], [ 144.063757270839403, -9.911792780794663 ] ] ], [ [ [ 143.391074946442103, -9.871737595736414 ], [ 143.394799507463091, -9.867454237796659 ], [ 143.397725948265304, -9.869769566412742 ], [ 143.391074946442103, -9.871737595736414 ] ] ], [ [ [ 143.421802574865239, -9.750645909115237 ], [ 143.400652389067488, -9.757360362101879 ], [ 143.398125008374677, -9.753540069885341 ], [ 143.406106210562513, -9.74821481406835 ], [ 143.421802574865239, -9.750645909115237 ] ] ], [ [ [ 143.311528964636778, -9.609295097103328 ], [ 143.303015682303084, -9.616241082951579 ], [ 143.29902508120918, -9.616704148674796 ], [ 143.311528964636778, -9.609295097103328 ] ] ], [ [ [ 143.761269707920775, -9.598876118330951 ], [ 143.759407427410281, -9.58000619010987 ], [ 143.783617074046703, -9.576070131462528 ], [ 143.778163252551678, -9.594476993960392 ], [ 143.761269707920775, -9.598876118330951 ] ] ], [ [ [ 143.496160775248484, -9.561136261888787 ], [ 143.498156075795436, -9.561715094042809 ], [ 143.4869823927325, -9.571323707799555 ], [ 143.496160775248484, -9.561136261888787 ] ] ], [ [ [ 143.544181008411897, -9.504526477225541 ], [ 143.54351590822958, -9.510777864488967 ], [ 143.542584767974347, -9.509157134457709 ], [ 143.544181008411897, -9.504526477225541 ] ] ], [ [ [ 148.868041927801443, -20.615904272241977 ], [ 148.87549104984339, -20.613125877902675 ], [ 148.873229709223523, -20.616830403688411 ], [ 148.868041927801443, -20.615904272241977 ] ] ], [ [ [ 148.876422190098651, -20.599465439067782 ], [ 148.880811851301956, -20.595182081128026 ], [ 148.879747691010238, -20.601549234822258 ], [ 148.876422190098651, -20.599465439067782 ] ] ], [ [ [ 148.851281403206997, -20.348599583515114 ], [ 148.866445687363864, -20.396526885868049 ], [ 148.851547443279912, -20.380898417709481 ], [ 148.845295501566113, -20.337486006157913 ], [ 148.854473884082125, -20.315953450028335 ], [ 148.851281403206997, -20.348599583515114 ] ] ], [ [ [ 148.825608536169483, -20.271383374168725 ], [ 148.850483282988222, -20.261774760411978 ], [ 148.834653898649037, -20.282265418664316 ], [ 148.825608536169483, -20.271383374168725 ] ] ], [ [ [ 148.825342496096567, -20.224497969693029 ], [ 148.819622634528628, -20.233875050588168 ], [ 148.812572572596054, -20.214657823074674 ], [ 148.825342496096567, -20.224497969693029 ] ] ], [ [ [ 148.605061315712561, -20.139525409482758 ], [ 148.611579297499276, -20.148092125362268 ], [ 148.600804674545714, -20.14786059250066 ], [ 148.605061315712561, -20.139525409482758 ] ] ], [ [ [ 148.715867006086881, -20.100164823009337 ], [ 148.723981228311175, -20.101438253748181 ], [ 148.716133046159797, -20.103985115225871 ], [ 148.715867006086881, -20.100164823009337 ] ] ], [ [ [ 148.573934627180023, -20.09703912937762 ], [ 148.569544965976718, -20.103753582364266 ], [ 148.570609126268437, -20.097386428670035 ], [ 148.573934627180023, -20.09703912937762 ] ] ], [ [ [ 148.645499406797541, -20.100280589440139 ], [ 148.654411749240609, -20.092408472145454 ], [ 148.652416448693657, -20.106416210272762 ], [ 148.645499406797541, -20.100280589440139 ] ] ], [ [ [ 148.612643457790995, -20.094839567192341 ], [ 148.604396215530244, -20.099238691562903 ], [ 148.602932995129123, -20.097617961531643 ], [ 148.612643457790995, -20.094839567192341 ] ] ], [ [ [ 148.535757876714939, -20.065434893768078 ], [ 148.541876798392252, -20.056520878596157 ], [ 148.545734379449726, -20.059415039366261 ], [ 148.535757876714939, -20.065434893768078 ] ] ], [ [ [ 148.277699005975222, -20.037998249667488 ], [ 148.293794430387322, -20.031631095973257 ], [ 148.294060470460266, -20.036956351790248 ], [ 148.277699005975222, -20.037998249667488 ] ] ], [ [ [ 148.474701679978068, -20.049690659178712 ], [ 148.444506131700791, -20.043439271915286 ], [ 148.446368412211285, -19.973053281986342 ], [ 148.478559261035514, -20.001763356825776 ], [ 148.474701679978068, -20.049690659178712 ] ] ], [ [ [ 148.363895989603748, -19.98138846500424 ], [ 148.369216791062286, -19.98497722435917 ], [ 148.361368608910936, -19.985092990789976 ], [ 148.363895989603748, -19.98138846500424 ] ] ], [ [ [ 146.829775909067052, -19.11013030677195 ], [ 146.883116943689032, -19.111519503941597 ], [ 146.872741380844872, -19.152037754723064 ], [ 146.850793074828346, -19.160141404879358 ], [ 146.845206233296864, -19.181673961008936 ], [ 146.77909527517437, -19.129116001423835 ], [ 146.829775909067052, -19.11013030677195 ] ] ], [ [ [ 146.601513526495239, -19.03708168893451 ], [ 146.613485329776978, -19.028862272347411 ], [ 146.621599552001271, -19.031987965979123 ], [ 146.601513526495239, -19.03708168893451 ] ] ], [ [ [ 146.630378874407882, -19.029672637363042 ], [ 146.636497796085195, -19.02492621370007 ], [ 146.634635515574701, -19.032914097425557 ], [ 146.630378874407882, -19.029672637363042 ] ] ], [ [ [ 146.636231756012279, -18.962643873927419 ], [ 146.641286517397901, -18.964496136820284 ], [ 146.635300615757018, -18.965074968974307 ], [ 146.636231756012279, -18.962643873927419 ] ] ], [ [ [ 146.537397868919697, -18.832406639272708 ], [ 146.549901752347296, -18.848729706016101 ], [ 146.532343107534075, -18.835879632196836 ], [ 146.537397868919697, -18.832406639272708 ] ] ], [ [ [ 146.540058269648966, -18.779501380395196 ], [ 146.54192055015946, -18.788183862705512 ], [ 146.535535588409203, -18.778227949656351 ], [ 146.540058269648966, -18.779501380395196 ] ] ], [ [ [ 146.522499624835746, -18.770587365223275 ], [ 146.515449562903171, -18.768619335899604 ], [ 146.517178823377208, -18.765030576544675 ], [ 146.522499624835746, -18.770587365223275 ] ] ], [ [ [ 146.581028440879805, -18.722775829301145 ], [ 146.573712338874316, -18.676469256979473 ], [ 146.619737271490777, -18.707494660434996 ], [ 146.643680878054255, -18.750559772694153 ], [ 146.683852929066319, -18.73724663315167 ], [ 146.694627552019881, -18.761094517897334 ], [ 146.647006378965841, -18.776607219625092 ], [ 146.609627748719532, -18.757968824265621 ], [ 146.576106699530641, -18.76769320445317 ], [ 146.566662276941713, -18.751485904140583 ], [ 146.581028440879805, -18.722775829301145 ] ] ], [ [ [ 146.526889286039051, -18.672417431901327 ], [ 146.517976943595983, -18.714093346990833 ], [ 146.516380703158404, -18.659914657374475 ], [ 146.526889286039051, -18.672417431901327 ] ] ], [ [ [ 146.555754633951693, -18.687930133629088 ], [ 146.537929949065557, -18.658178160912414 ], [ 146.544447930852272, -18.652158306510593 ], [ 146.567726437233432, -18.671607066885699 ], [ 146.555754633951693, -18.687930133629088 ] ] ], [ [ [ 146.50001923867336, -18.633635677581925 ], [ 146.484322874370662, -18.56741727916193 ], [ 146.508133460897653, -18.622869399517135 ], [ 146.493102196777244, -18.666050278207099 ], [ 146.50001923867336, -18.633635677581925 ] ] ], [ [ [ 146.497358837944091, -18.538244138599278 ], [ 146.503876819730834, -18.546347788755568 ], [ 146.500418298782762, -18.563365454083787 ], [ 146.488180455428108, -18.558040198266792 ], [ 146.497358837944091, -18.538244138599278 ] ] ], [ [ [ 146.204980797796736, -18.457091870605545 ], [ 146.200192076484029, -18.47306763805652 ], [ 146.189284433494009, -18.468900046547571 ], [ 146.204980797796736, -18.457091870605545 ] ] ], [ [ [ 146.185958932582423, -18.443199898909043 ], [ 146.17584940981115, -18.437527343799637 ], [ 146.188353293238748, -18.435212015183552 ], [ 146.185958932582423, -18.443199898909043 ] ] ], [ [ [ 146.182367391597893, -18.426298000011631 ], [ 146.186491012728254, -18.433938584444707 ], [ 146.177445650248728, -18.43347551872149 ], [ 146.182367391597893, -18.426298000011631 ] ] ], [ [ [ 146.170528608352612, -18.423403839241526 ], [ 146.181170211269716, -18.423866904964743 ], [ 146.176381489957009, -18.432317854413448 ], [ 146.170528608352612, -18.423403839241526 ] ] ], [ [ [ 146.175184309628833, -18.41935201416338 ], [ 146.168001227659801, -18.408006903944571 ], [ 146.182500411634351, -18.413563692623171 ], [ 146.175184309628833, -18.41935201416338 ] ] ], [ [ [ 146.182500411634351, -18.377560332643068 ], [ 146.192609934405596, -18.429423693643344 ], [ 146.180106050977997, -18.417499751270512 ], [ 146.184495712181302, -18.411942962591912 ], [ 146.182500411634351, -18.377560332643068 ] ] ], [ [ [ 146.178775850613363, -18.409627633975827 ], [ 146.1452548014245, -18.359037703714399 ], [ 146.14831426226317, -18.357532740113946 ], [ 146.179174910722764, -18.379065296243525 ], [ 146.178775850613363, -18.409627633975827 ] ] ], [ [ [ 146.239299967204374, -18.263877697593358 ], [ 146.216420520932616, -18.226253607581999 ], [ 146.228259304177897, -18.195343970557282 ], [ 146.250473650267338, -18.237135652077594 ], [ 146.305543945363354, -18.241997842171369 ], [ 146.275614437158993, -18.317477555055696 ], [ 146.305943005472727, -18.355217411497861 ], [ 146.331349832437326, -18.362279163776918 ], [ 146.338798954479273, -18.38427478562971 ], [ 146.32336863024949, -18.398745589480235 ], [ 146.355160418964317, -18.420162379179008 ], [ 146.328423391635113, -18.448062089002818 ], [ 146.32908849181743, -18.482213186090053 ], [ 146.30527790529041, -18.493674062739665 ], [ 146.22187434242764, -18.476772163842256 ], [ 146.191279734040961, -18.366678288147476 ], [ 146.151639763174757, -18.312962664254336 ], [ 146.070630560968311, -18.247438864419166 ], [ 146.127031056428962, -18.234588790599901 ], [ 146.196334495426584, -18.277885435720666 ], [ 146.216154480859672, -18.280895362921576 ], [ 146.231584805089483, -18.291661640986366 ], [ 146.247148149355752, -18.295366166772098 ], [ 146.230520644797764, -18.272328647042066 ], [ 146.239299967204374, -18.263877697593358 ] ] ], [ [ [ 146.238368826949142, -18.283326457968464 ], [ 146.229855544615447, -18.287609815908219 ], [ 146.226796083776776, -18.277538136428255 ], [ 146.238368826949142, -18.283326457968464 ] ] ], [ [ [ 146.188619333311692, -18.164781632824976 ], [ 146.176115449884094, -18.180988933137563 ], [ 146.15563036426866, -18.174158713720118 ], [ 146.160552105617825, -18.152163091867322 ], [ 146.188619333311692, -18.164781632824976 ] ] ], [ [ [ 146.282132418945707, -18.135145426539108 ], [ 146.283462619310342, -18.145332872449874 ], [ 146.277210677596543, -18.138734185894037 ], [ 146.282132418945707, -18.135145426539108 ] ] ], [ [ [ 146.201921336958065, -18.046699873404709 ], [ 146.205512877942596, -18.051214764206073 ], [ 146.198462816009993, -18.047394471989534 ], [ 146.201921336958065, -18.046699873404709 ] ] ], [ [ [ 146.177445650248728, -18.041837683310934 ], [ 146.181569271379118, -18.037554325371179 ], [ 146.182234371561435, -18.04149038401852 ], [ 146.177445650248728, -18.041837683310934 ] ] ], [ [ [ 146.166804047331624, -18.028987609491669 ], [ 146.16494176682113, -18.023778120105479 ], [ 146.169331428024435, -18.024356952259502 ], [ 146.166804047331624, -18.028987609491669 ] ] ], [ [ [ 146.151107683028897, -17.998541038190169 ], [ 146.149777482664263, -18.009307316254958 ], [ 146.141530240403512, -18.00386629400716 ], [ 146.151107683028897, -17.998541038190169 ] ] ], [ [ [ 146.146451981752676, -17.926302785368357 ], [ 146.173189009081881, -17.945867312174265 ], [ 146.17212484879019, -17.96485300682615 ], [ 146.138337759528383, -17.937763662017971 ], [ 146.146451981752676, -17.926302785368357 ] ] ], [ [ [ 146.156960564633295, -17.73714043743432 ], [ 146.163611566456495, -17.739455766050405 ], [ 146.156694524560379, -17.738992700327188 ], [ 146.156960564633295, -17.73714043743432 ] ] ], [ [ [ 149.756748791415902, -22.400328036657676 ], [ 149.757812951707592, -22.412946577615333 ], [ 149.753556310540745, -22.411788913307291 ], [ 149.756748791415902, -22.400328036657676 ] ] ], [ [ [ 149.757546911634677, -22.391761320778169 ], [ 149.762601673020299, -22.39766540874918 ], [ 149.755950671197098, -22.396855043733552 ], [ 149.757546911634677, -22.391761320778169 ] ] ], [ [ [ 149.886975407113908, -22.264765546185977 ], [ 149.891365068317214, -22.267543940525279 ], [ 149.888305607478571, -22.268122772679298 ], [ 149.886975407113908, -22.264765546185977 ] ] ], [ [ [ 149.893626408937109, -22.253999268121188 ], [ 149.884714066494041, -22.263260582585524 ], [ 149.879526285071961, -22.253999268121188 ], [ 149.893626408937109, -22.253999268121188 ] ] ], [ [ [ 149.891764128426615, -22.252841603813145 ], [ 149.87699890437915, -22.251452406643494 ], [ 149.876732864306206, -22.235245106330911 ], [ 149.884581046457583, -22.235708172054128 ], [ 149.891764128426615, -22.252841603813145 ] ] ], [ [ [ 149.90027741076031, -22.235708172054128 ], [ 149.8914980883537, -22.242769924333182 ], [ 149.888837687624402, -22.237907734239407 ], [ 149.90027741076031, -22.235708172054128 ] ] ], [ [ [ 149.861834620222282, -22.169721306495742 ], [ 149.88165460565537, -22.067962613818864 ], [ 149.908923713130434, -22.053723342829947 ], [ 149.904667071963615, -22.078497359022045 ], [ 149.929940878891728, -22.133717946515642 ], [ 149.920629476339258, -22.154671670491197 ], [ 149.923289877068527, -22.175972693759167 ], [ 149.91690491531827, -22.195305687703467 ], [ 149.918634175792306, -22.20503006789102 ], [ 149.898016070140415, -22.234318974884477 ], [ 149.865958241352644, -22.219037806018324 ], [ 149.879127224962559, -22.206766564353082 ], [ 149.861834620222282, -22.169721306495742 ] ] ], [ [ [ 149.584221804122365, -22.12897152285267 ], [ 149.573447181168802, -22.125614296359348 ], [ 149.578235902481509, -22.119594441957531 ], [ 149.584221804122365, -22.12897152285267 ] ] ], [ [ [ 149.878728164853158, -21.99595589385866 ], [ 149.863430860659832, -22.01227896060205 ], [ 149.844542015481977, -22.002091514691283 ], [ 149.869017702191314, -21.992598667365339 ], [ 149.878728164853158, -21.99595589385866 ] ] ], [ [ [ 149.809291705819078, -21.982295455023767 ], [ 149.808493585600303, -21.990051805887646 ], [ 149.804902044615773, -21.981716622869747 ], [ 149.809291705819078, -21.982295455023767 ] ] ], [ [ [ 149.569589600111357, -21.980558958561705 ], [ 149.56626409919977, -21.99201983521132 ], [ 149.558415917048393, -21.987041878686739 ], [ 149.569589600111357, -21.980558958561705 ] ] ], [ [ [ 149.657781884286834, -21.978359396376426 ], [ 149.65951114476087, -21.965972388280377 ], [ 149.664565906146493, -21.98125355714653 ], [ 149.657781884286834, -21.978359396376426 ] ] ], [ [ [ 149.646475181187412, -21.934831218394052 ], [ 149.651263902500119, -21.925338371068108 ], [ 149.653924303229388, -21.929737495438669 ], [ 149.646475181187412, -21.934831218394052 ] ] ], [ [ [ 149.80037936337601, -21.845228000951611 ], [ 149.799714263193692, -21.851363621784234 ], [ 149.797053862464423, -21.849974424614583 ], [ 149.80037936337601, -21.845228000951611 ] ] ], [ [ [ 149.793462321479893, -21.830294131377872 ], [ 149.804236944433455, -21.833419825009585 ], [ 149.792664201261118, -21.83770318294934 ], [ 149.793462321479893, -21.830294131377872 ] ] ], [ [ [ 149.822859749538395, -21.836892817933713 ], [ 149.819268208553865, -21.824042744114447 ], [ 149.824988070121805, -21.835619387194864 ], [ 149.822859749538395, -21.836892817933713 ] ] ], [ [ [ 149.490043618306032, -21.836545518641298 ], [ 149.469691552727056, -21.821032816913537 ], [ 149.500552201186679, -21.830641430670287 ], [ 149.490043618306032, -21.836545518641298 ] ] ], [ [ [ 149.67095086789675, -21.728651205131797 ], [ 149.664033826000633, -21.723441715745611 ], [ 149.674276368808364, -21.72726200796215 ], [ 149.67095086789675, -21.728651205131797 ] ] ], [ [ [ 149.78175655827107, -21.674819814807854 ], [ 149.776169716739588, -21.674935581238657 ], [ 149.776701796885447, -21.67088375616051 ], [ 149.78175655827107, -21.674819814807854 ] ] ], [ [ [ 149.840152354278672, -21.656991784464008 ], [ 149.830441891616829, -21.651203462923799 ], [ 149.834299472674275, -21.646572805691633 ], [ 149.840152354278672, -21.656991784464008 ] ] ], [ [ [ 149.86928374226423, -21.602928861278453 ], [ 149.862765760477515, -21.605359956325341 ], [ 149.86196764025874, -21.602813094847651 ], [ 149.86928374226423, -21.602928861278453 ] ] ], [ [ [ 149.791467020932942, -21.616357767251738 ], [ 149.784949039146198, -21.600497766231566 ], [ 149.809557745891993, -21.591352218198036 ], [ 149.817804988152773, -21.607559518510623 ], [ 149.791467020932942, -21.616357767251738 ] ] ], [ [ [ 149.485653957102727, -21.596098641861008 ], [ 149.498556900639699, -21.598877036200307 ], [ 149.493369119217618, -21.60501265703293 ], [ 149.485653957102727, -21.596098641861008 ] ] ], [ [ [ 149.891897148463073, -21.486120532597031 ], [ 149.893892449010025, -21.498160241400669 ], [ 149.888704667587945, -21.500244037155142 ], [ 149.891897148463073, -21.486120532597031 ] ] ], [ [ [ 149.715246540039203, -21.458220822773225 ], [ 149.713650299601625, -21.438887828828925 ], [ 149.718172980841388, -21.45532666200312 ], [ 149.715246540039203, -21.458220822773225 ] ] ], [ [ [ 149.846271275956013, -21.447917610431652 ], [ 149.847734496357106, -21.441087391014204 ], [ 149.855316638435539, -21.446875712554412 ], [ 149.846271275956013, -21.447917610431652 ] ] ], [ [ [ 149.824056929866543, -21.374405926870995 ], [ 149.836959873403543, -21.3773000876411 ], [ 149.836560813294142, -21.384246073489351 ], [ 149.824056929866543, -21.374405926870995 ] ] ], [ [ [ 149.664565906146493, -21.309345192759043 ], [ 149.694628434387312, -21.315480813591662 ], [ 149.692367093767416, -21.32914125242656 ], [ 149.664565906146493, -21.309345192759043 ] ] ], [ [ [ 149.266037876901038, -21.176329563765034 ], [ 149.26643693701044, -21.170309709363217 ], [ 149.268432237557391, -21.174593067302972 ], [ 149.266037876901038, -21.176329563765034 ] ] ], [ [ [ 149.897483989994555, -21.017266487840086 ], [ 149.895222649374688, -21.017266487840086 ], [ 149.897630407732521, -21.016873589899571 ], [ 149.897483989994555, -21.017266487840086 ] ] ], [ [ [ 149.778697097432399, -20.987977580846625 ], [ 149.7724451557186, -20.984620354353304 ], [ 149.789604740422448, -20.989251011585473 ], [ 149.778697097432399, -20.987977580846625 ] ] ], [ [ [ 149.464902831414378, -20.930673197598555 ], [ 149.469159472581225, -20.929052467567296 ], [ 149.466499071851928, -20.937156117723589 ], [ 149.464902831414378, -20.930673197598555 ] ] ], [ [ [ 149.456123509007767, -20.910298305777019 ], [ 149.452398947986779, -20.933220059076248 ], [ 149.428322321386844, -20.944912468587468 ], [ 149.425528900621089, -20.906825312852892 ], [ 149.456123509007767, -20.910298305777019 ] ] ], [ [ [ 149.412226896974715, -20.897448231957753 ], [ 149.418877898797916, -20.927547503966842 ], [ 149.385888929754884, -20.904046918513593 ], [ 149.412226896974715, -20.897448231957753 ] ] ], [ [ [ 149.578102882445052, -20.869201222841532 ], [ 149.605771050029517, -20.864917864901777 ], [ 149.604706889737798, -20.847668666711954 ], [ 149.626123115608465, -20.868738157118315 ], [ 149.599652128352176, -20.884713924569294 ], [ 149.578102882445052, -20.869201222841532 ] ] ], [ [ [ 148.920717862241077, -20.856003849729856 ], [ 148.917658401402406, -20.848015966004368 ], [ 148.927767924173679, -20.852067791082515 ], [ 148.920717862241077, -20.856003849729856 ] ] ], [ [ [ 148.933221745668675, -20.843732608064613 ], [ 148.932955705595759, -20.854151586836988 ], [ 148.928566044392454, -20.847205600988737 ], [ 148.933221745668675, -20.843732608064613 ] ] ], [ [ [ 148.897572375896402, -20.854961951852619 ], [ 148.901562976990306, -20.827062242028809 ], [ 148.915131020709595, -20.852646623236534 ], [ 148.897572375896402, -20.854961951852619 ] ] ], [ [ [ 149.253267953400524, -20.804835087314405 ], [ 149.274418139198247, -20.796384137865701 ], [ 149.289183363245741, -20.815832898240803 ], [ 149.264840696572861, -20.818611292580105 ], [ 149.253267953400524, -20.804835087314405 ] ] ], [ [ [ 149.283463501677801, -20.797773335035352 ], [ 149.284926722078893, -20.771610121673604 ], [ 149.301022146491022, -20.796847203588918 ], [ 149.283463501677801, -20.797773335035352 ] ] ], [ [ [ 149.398924893328342, -20.766400632287418 ], [ 149.412359917011173, -20.772883552412452 ], [ 149.390278590958189, -20.773809683858886 ], [ 149.398924893328342, -20.766400632287418 ] ] ], [ [ [ 149.622664594660421, -20.760728077178012 ], [ 149.618540973530031, -20.777977275367835 ], [ 149.612688091925634, -20.776819611059793 ], [ 149.622664594660421, -20.760728077178012 ] ] ], [ [ [ 149.158557687438304, -20.751235229852067 ], [ 149.163213388714553, -20.750077565544029 ], [ 149.16188318834989, -20.754592456345389 ], [ 149.158557687438304, -20.751235229852067 ] ] ], [ [ [ 149.483658656555775, -20.741047783941301 ], [ 149.465700951633153, -20.735027929539484 ], [ 149.467031151997787, -20.730049973014903 ], [ 149.483658656555775, -20.741047783941301 ] ] ], [ [ [ 149.197532558122191, -20.691615517987913 ], [ 149.209105301294528, -20.690573620110676 ], [ 149.203518459763075, -20.698793036697772 ], [ 149.197532558122191, -20.691615517987913 ] ] ], [ [ [ 149.157360507110127, -20.674366319798089 ], [ 149.144989643719015, -20.694162379465606 ], [ 149.136077301275918, -20.686406028601727 ], [ 149.162681308568693, -20.664063107456517 ], [ 149.166671909662597, -20.683280334970011 ], [ 149.157360507110127, -20.674366319798089 ] ] ], [ [ [ 149.173455931522255, -20.670661794012357 ], [ 149.193941017137661, -20.671587925458791 ], [ 149.185826794913396, -20.687332160048157 ], [ 149.183033374147641, -20.679575809184279 ], [ 149.173455931522255, -20.670661794012357 ] ] ], [ [ [ 149.053737898704867, -20.638247193387183 ], [ 149.061985140965618, -20.646350843543477 ], [ 149.062916281220851, -20.651097267206449 ], [ 149.053737898704867, -20.638247193387183 ] ] ], [ [ [ 149.055201119105959, -20.61845113371967 ], [ 149.066374802168923, -20.626439017445158 ], [ 149.08885518833128, -20.660937413824804 ], [ 149.057196419652911, -20.629448944646068 ], [ 149.055201119105959, -20.61845113371967 ] ] ], [ [ [ 149.112133694712441, -20.582795073031981 ], [ 149.109473293983172, -20.589277993157015 ], [ 149.109074233873798, -20.582216240877958 ], [ 149.112133694712441, -20.582795073031981 ] ] ], [ [ [ 149.0965703504462, -20.548065143790726 ], [ 149.1126657748583, -20.537761931449154 ], [ 149.120114896900276, -20.542276822250514 ], [ 149.113463895077103, -20.553043100315303 ], [ 149.0965703504462, -20.548065143790726 ] ] ], [ [ [ 149.090185388695943, -20.524448791906671 ], [ 149.080873986143473, -20.525606456214714 ], [ 149.079144725669437, -20.515766309596358 ], [ 149.090185388695943, -20.524448791906671 ] ] ], [ [ [ 149.064246481585485, -20.503610834361918 ], [ 149.082337206544565, -20.459735357087133 ], [ 149.081406066289333, -20.438202800957555 ], [ 149.104684572670493, -20.481152146785906 ], [ 149.08207116647165, -20.484277840417619 ], [ 149.066906882314782, -20.525953755507125 ], [ 149.043628375933622, -20.522133463290587 ], [ 149.043096295787763, -20.507778425870868 ], [ 149.064246481585485, -20.503610834361918 ] ] ], [ [ [ 149.035913213818702, -20.472006598752376 ], [ 149.032853752980031, -20.468417839397446 ], [ 149.037110394146879, -20.466218277212167 ], [ 149.035913213818702, -20.472006598752376 ] ] ], [ [ [ 149.133017840437276, -20.467839007243423 ], [ 149.123706437884806, -20.474206160937655 ], [ 149.121179057191995, -20.464944846473319 ], [ 149.133017840437276, -20.467839007243423 ] ] ], [ [ [ 149.108941213837312, -20.463555649303672 ], [ 149.103620412378774, -20.462397984995629 ], [ 149.10747799343622, -20.46019842281035 ], [ 149.108941213837312, -20.463555649303672 ] ] ], [ [ [ 149.061719100892674, -20.451515940500034 ], [ 149.034050933308208, -20.46019842281035 ], [ 149.024739530755767, -20.440170830281225 ], [ 149.04735293695461, -20.434035209448602 ], [ 149.061719100892674, -20.451515940500034 ] ] ], [ [ [ 149.08153908632579, -20.428131121477591 ], [ 149.092180689242895, -20.418059441997627 ], [ 149.082603246617509, -20.432646012278951 ], [ 149.08153908632579, -20.428131121477591 ] ] ], [ [ [ 149.034050933308208, -20.403820171008711 ], [ 149.031789592688341, -20.393980024390356 ], [ 149.036312273928104, -20.400578710946192 ], [ 149.034050933308208, -20.403820171008711 ] ] ], [ [ [ 148.892916674620153, -20.376615059769726 ], [ 148.893448754766013, -20.381361483432698 ], [ 148.889458153672109, -20.37001637321389 ], [ 148.892916674620153, -20.376615059769726 ] ] ], [ [ [ 148.928166984283052, -20.369321774629064 ], [ 148.935616106325028, -20.340148634066409 ], [ 148.940670867710651, -20.38055111841707 ], [ 148.928166984283052, -20.369321774629064 ] ] ], [ [ [ 148.976586277555867, -20.36341768665805 ], [ 148.967939975185715, -20.352188342870043 ], [ 148.952775691028847, -20.375110096169273 ], [ 148.94692280942445, -20.332160750340922 ], [ 148.981907079014434, -20.348483817084311 ], [ 148.976586277555867, -20.36341768665805 ] ] ], [ [ [ 148.994943042587863, -20.355892868655779 ], [ 148.990287341311642, -20.350104547115571 ], [ 148.996007202879582, -20.352998707885675 ], [ 148.994943042587863, -20.355892868655779 ] ] ], [ [ [ 149.11625731584283, -20.353346007178086 ], [ 149.126898918759935, -20.348020751361094 ], [ 149.122908317666031, -20.357513598687039 ], [ 149.11625731584283, -20.353346007178086 ] ] ], [ [ [ 148.923910343116205, -20.313522354981448 ], [ 148.928699064428912, -20.314448486427882 ], [ 148.926836783918418, -20.318847610798439 ], [ 148.923910343116205, -20.313522354981448 ] ] ], [ [ [ 149.071296543518088, -20.307849799872042 ], [ 149.066507822205381, -20.301135346885399 ], [ 149.074755064466132, -20.305534471255957 ], [ 149.071296543518088, -20.307849799872042 ] ] ], [ [ [ 149.103620412378774, -20.250892715916383 ], [ 149.093377869571071, -20.300903814023791 ], [ 149.074489024393216, -20.298588485407706 ], [ 149.075553184684907, -20.270225709860682 ], [ 149.094309009826304, -20.270804542014702 ], [ 149.103620412378774, -20.250892715916383 ] ] ], [ [ [ 149.109739334056115, -20.286433010173269 ], [ 149.104152492524634, -20.276245564262499 ], [ 149.107078933326818, -20.265247753336102 ], [ 149.111734634603067, -20.274393301369631 ], [ 149.109739334056115, -20.286433010173269 ] ] ], [ [ [ 149.119183756645043, -20.271499140599527 ], [ 149.123706437884806, -20.265247753336102 ], [ 149.123440397811862, -20.272541038476767 ], [ 149.119183756645043, -20.271499140599527 ] ] ], [ [ [ 148.918589541657667, -20.272193739184353 ], [ 148.906351698302984, -20.268026147675403 ], [ 148.915663100855454, -20.252050380224425 ], [ 148.924309403225607, -20.25633373816418 ], [ 148.918589541657667, -20.272193739184353 ] ] ], [ [ [ 149.176781432433842, -20.250082350900755 ], [ 149.169997410574183, -20.247419722992259 ], [ 149.174121031704573, -20.241631401452047 ], [ 149.176781432433842, -20.250082350900755 ] ] ], [ [ [ 148.945060528913956, -20.238274174958725 ], [ 148.966742794857538, -20.156080009087756 ], [ 148.983769359524899, -20.185021616788802 ], [ 148.975522117264148, -20.203196946425059 ], [ 148.996805323098357, -20.205280742179536 ], [ 148.993745862259686, -20.246956657269042 ], [ 149.011304507072907, -20.233875050588168 ], [ 149.004520485213249, -20.255407606717746 ], [ 149.025005570828682, -20.234916948465404 ], [ 149.015029068093895, -20.269762644137465 ], [ 149.026867851339176, -20.260038263949912 ], [ 149.060920980673899, -20.298356952546097 ], [ 149.0194187292972, -20.319079143660048 ], [ 148.989755261165783, -20.301135346885399 ], [ 148.986030700144795, -20.322667903014977 ], [ 148.962619173727177, -20.327067027385535 ], [ 148.962220113617775, -20.303450675501484 ], [ 148.949716230190177, -20.306229069840782 ], [ 148.969403195586835, -20.274393301369631 ], [ 148.937478386835522, -20.305302938394348 ], [ 148.912869680089727, -20.287822207342916 ], [ 148.962087093581317, -20.244872861514565 ], [ 148.958495552596787, -20.227623663324742 ], [ 148.945060528913956, -20.238274174958725 ] ] ], [ [ [ 149.152305745724505, -20.239663372128376 ], [ 149.156828426964267, -20.237695342804706 ], [ 149.154833126417316, -20.243252131483306 ], [ 149.152305745724505, -20.239663372128376 ] ] ], [ [ [ 149.041766095423128, -20.175297236601249 ], [ 149.020748929661835, -20.162794462074398 ], [ 149.041234015277269, -20.151680884717198 ], [ 149.041766095423128, -20.175297236601249 ] ] ], [ [ [ 148.903824317610173, -20.16256292921279 ], [ 148.913268740199101, -20.12551767135545 ], [ 148.887595873161615, -20.16916161576863 ], [ 148.883339231994768, -20.150291687547547 ], [ 148.889325133635623, -20.111394166797339 ], [ 148.911539479725093, -20.100396355870942 ], [ 148.902627137282025, -20.07840073401815 ], [ 148.962885213800092, -20.062309200136365 ], [ 148.948519049862, -20.083494456973533 ], [ 148.955436091758116, -20.103406283071852 ], [ 148.937079326726121, -20.10166978660979 ], [ 148.949982270263121, -20.157584972688209 ], [ 148.930428324902948, -20.1766864337709 ], [ 148.928166984283052, -20.134200153665766 ], [ 148.918323501584752, -20.164878257828875 ], [ 148.903824317610173, -20.16256292921279 ] ] ], [ [ [ 148.898104456042233, -20.050385257763537 ], [ 148.878949570791463, -20.056752411457765 ], [ 148.880944871338414, -20.036956351790248 ], [ 148.898104456042233, -20.050385257763537 ] ] ], [ [ [ 151.433998431187575, -24.051967704940978 ], [ 151.437057892026246, -24.037265368228848 ], [ 151.439186212609656, -24.051736172079369 ], [ 151.433998431187575, -24.051967704940978 ] ] ], [ [ [ 151.33636172442317, -23.824602434841559 ], [ 151.335696624240853, -23.755837174943874 ], [ 151.385047057768901, -23.837915574384041 ], [ 151.388638598753431, -23.874382000087358 ], [ 151.366557272700447, -23.874497766518164 ], [ 151.36070439109605, -23.824023602687539 ], [ 151.33636172442317, -23.824602434841559 ] ] ], [ [ [ 151.260806343711749, -23.789640972738695 ], [ 151.25508648214381, -23.781074256859185 ], [ 151.258278963018938, -23.780379658274363 ], [ 151.260806343711749, -23.789640972738695 ] ] ], [ [ [ 151.215579531314063, -23.796934257879361 ], [ 151.120337185206012, -23.661603300269267 ], [ 151.04637804493214, -23.621085049487803 ], [ 151.032543961139908, -23.57037935279557 ], [ 150.976941585898061, -23.490616281971487 ], [ 151.013921156034996, -23.473598616643272 ], [ 151.018842897384161, -23.4521818269445 ], [ 151.060079108687916, -23.449056133312784 ], [ 151.080697214339807, -23.468157594395475 ], [ 151.078036813610538, -23.487259055478166 ], [ 151.199617126938421, -23.510412341639004 ], [ 151.192700085042304, -23.538543584324419 ], [ 151.235133476674235, -23.483670296123236 ], [ 151.225689054085308, -23.609508406407386 ], [ 151.247105279955974, -23.654657314421016 ], [ 151.286479210749263, -23.683946221414477 ], [ 151.315344558661906, -23.759194401437195 ], [ 151.291666992171344, -23.760699365037649 ], [ 151.282621629691818, -23.792998199232017 ], [ 151.261205403821151, -23.772854840272089 ], [ 151.215579531314063, -23.796934257879361 ] ] ], [ [ [ 150.8537650321326, -23.533912927092253 ], [ 150.838467727939275, -23.520831320411379 ], [ 150.865337775304965, -23.527893072690436 ], [ 150.8537650321326, -23.533912927092253 ] ] ], [ [ [ 150.831151625933757, -23.519673656103336 ], [ 150.828092165095114, -23.5241885469047 ], [ 150.825032704256444, -23.520020955395751 ], [ 150.831151625933757, -23.519673656103336 ] ] ], [ [ [ 150.856425432861897, -23.508097013022919 ], [ 150.870126496617644, -23.505202852252815 ], [ 150.87185575709168, -23.50589745083764 ], [ 150.86453965508619, -23.51701102819484 ], [ 150.856425432861897, -23.508097013022919 ] ] ], [ [ [ 151.15252803403024, -23.400202699513418 ], [ 151.162637556801485, -23.400434232375027 ], [ 151.155055414723051, -23.405412188899607 ], [ 151.15252803403024, -23.400202699513418 ] ] ], [ [ [ 150.933444033974411, -23.340814520510872 ], [ 150.938631815396491, -23.341509119095697 ], [ 150.938232755287117, -23.347065907774297 ], [ 150.933444033974411, -23.340814520510872 ] ] ], [ [ [ 150.970024544001944, -23.213008380903052 ], [ 150.975611385533426, -23.216018308103962 ], [ 150.970290584074888, -23.21682867311959 ], [ 150.970024544001944, -23.213008380903052 ] ] ], [ [ [ 150.932778933792093, -23.167743706458616 ], [ 150.976276485715744, -23.153272902608094 ], [ 150.975478365496969, -23.171216699382743 ], [ 150.994633250747739, -23.181288378862707 ], [ 150.93969597568821, -23.197842978467705 ], [ 150.932778933792093, -23.167743706458616 ] ] ], [ [ [ 150.91947693014572, -23.168554071474247 ], [ 150.920807130510354, -23.163923414242078 ], [ 150.9246647115678, -23.169480202920681 ], [ 150.91947693014572, -23.168554071474247 ] ] ], [ [ [ 151.068991451130984, -23.161029253471973 ], [ 151.078435873719911, -23.154083267623722 ], [ 151.081761374631526, -23.159755822733128 ], [ 151.079367013975173, -23.163344582088058 ], [ 151.068991451130984, -23.161029253471973 ] ] ], [ [ [ 150.884625680592194, -23.077445890431353 ], [ 150.89925788460323, -23.056144867163383 ], [ 150.914023108650696, -23.087054504188099 ], [ 150.884625680592194, -23.077445890431353 ] ] ], [ [ [ 150.015206722264992, -22.621904985216887 ], [ 150.018133163067205, -22.627114474603076 ], [ 150.014807662155619, -22.625493744571816 ], [ 150.015206722264992, -22.621904985216887 ] ] ], [ [ [ 150.495409053899209, -22.542720746546824 ], [ 150.498867574847282, -22.553834323904027 ], [ 150.496207174117984, -22.553023958888396 ], [ 150.495409053899209, -22.542720746546824 ] ] ], [ [ [ 149.971576150304884, -22.491551984131373 ], [ 149.964925148481683, -22.480554173204979 ], [ 149.965058168518141, -22.477196946711658 ], [ 149.971576150304884, -22.480438406774173 ], [ 149.971576150304884, -22.491551984131373 ] ] ], [ [ [ 149.908524653021061, -22.469556362278581 ], [ 149.9075935127658, -22.47789154529648 ], [ 149.898947210395647, -22.462378843568722 ], [ 149.908524653021061, -22.469556362278581 ] ] ], [ [ [ 150.52533856210357, -22.37277562612628 ], [ 150.515362059368783, -22.372081027541455 ], [ 150.520948900900265, -22.366524238862855 ], [ 150.52533856210357, -22.37277562612628 ] ] ], [ [ [ 150.27060519227544, -22.354831829351632 ], [ 150.251583327061127, -22.364787742400793 ], [ 150.278453374426789, -22.347075478487753 ], [ 150.27060519227544, -22.354831829351632 ] ] ], [ [ [ 150.656230277983923, -22.332025842483208 ], [ 150.66261523973418, -22.334688470391704 ], [ 150.660619939187228, -22.339550660485482 ], [ 150.656230277983923, -22.332025842483208 ] ] ], [ [ [ 150.202498933605995, -22.316976206478664 ], [ 150.206622554736356, -22.321606863710834 ], [ 150.201966853460135, -22.322996060880481 ], [ 150.202498933605995, -22.316976206478664 ] ] ], [ [ [ 150.442467079386631, -22.313618979985343 ], [ 150.450182241501523, -22.314545111431777 ], [ 150.449916201428607, -22.31963883438716 ], [ 150.442467079386631, -22.313618979985343 ] ] ], [ [ [ 149.91637283517241, -22.302852701920553 ], [ 149.916106795099495, -22.308756789891568 ], [ 149.913712434443141, -22.305399563398247 ], [ 149.91637283517241, -22.302852701920553 ] ] ], [ [ [ 150.491950532951165, -22.264534013324369 ], [ 150.480244769742342, -22.250989340920281 ], [ 150.495808114008611, -22.235245106330911 ], [ 150.470401287044012, -22.221121601772801 ], [ 150.479180609450623, -22.206535031491473 ], [ 150.519618700535631, -22.225057660420141 ], [ 150.534916004728956, -22.275416057819964 ], [ 150.560189811657068, -22.294401752471849 ], [ 150.542631166843847, -22.302158103335728 ], [ 150.54249814680739, -22.321143797987617 ], [ 150.482905170471611, -22.349275040673032 ], [ 150.480510809815257, -22.316281607893838 ], [ 150.493945833498117, -22.312229782815692 ], [ 150.460557804345711, -22.297295913241953 ], [ 150.471864507445133, -22.263839414739543 ], [ 150.491950532951165, -22.264534013324369 ] ] ], [ [ [ 150.43062829614135, -22.252031238797517 ], [ 150.464016325293755, -22.225173426850947 ], [ 150.463351225111438, -22.259208757507377 ], [ 150.431426416360125, -22.271827298465034 ], [ 150.421449913625366, -22.294517518902651 ], [ 150.415597032020941, -22.279583649328913 ], [ 150.440072718730278, -22.25874569178416 ], [ 150.43062829614135, -22.252031238797517 ] ] ], [ [ [ 149.909721833349238, -22.22887795263668 ], [ 149.907859552838744, -22.257819560337726 ], [ 149.897483989994555, -22.258977224645768 ], [ 149.909721833349238, -22.22887795263668 ] ] ], [ [ [ 150.297342219604644, -22.242422625040771 ], [ 150.314235764235548, -22.233045544145632 ], [ 150.32341414675156, -22.235708172054128 ], [ 150.314368784272006, -22.245664085103286 ], [ 150.297342219604644, -22.242422625040771 ] ] ], [ [ [ 150.268742911764946, -22.224826127558533 ], [ 150.269408011947263, -22.231309047683567 ], [ 150.261559829795914, -22.226794156882203 ], [ 150.268742911764946, -22.224826127558533 ] ] ], [ [ [ 149.94018342169943, -22.222047733219235 ], [ 149.937256980897217, -22.216027878817414 ], [ 149.940582481808832, -22.212786418754899 ], [ 149.94018342169943, -22.222047733219235 ] ] ], [ [ [ 149.918634175792306, -22.195884519857486 ], [ 149.924620077433161, -22.17655152591319 ], [ 149.926615377980113, -22.174815029451125 ], [ 149.931670139365735, -22.187317803977979 ], [ 149.918634175792306, -22.195884519857486 ] ] ], [ [ [ 149.934463560131491, -22.166595612864029 ], [ 149.930073898928185, -22.160459992031406 ], [ 149.931138059219904, -22.15582933479924 ], [ 149.934463560131491, -22.166595612864029 ] ] ], [ [ [ 149.938454161225394, -22.135801742270115 ], [ 149.942976842465157, -22.137769771593788 ], [ 149.936990940824302, -22.141590063810327 ], [ 149.938454161225394, -22.135801742270115 ] ] ], [ [ [ 150.018266183103663, -22.110217361062389 ], [ 150.020660543760016, -22.126887727098193 ], [ 149.943375902574559, -22.170878970803784 ], [ 149.9365918807149, -22.14506305673445 ], [ 149.981286612966727, -22.116700281187427 ], [ 150.001106598399844, -22.122257069866027 ], [ 150.008821760514735, -22.101882178044491 ], [ 150.040347509156646, -22.111375025370432 ], [ 150.018266183103663, -22.110217361062389 ] ] ], [ [ [ 150.676981403672272, -22.090884367118093 ], [ 150.66993134173967, -22.09134743284131 ], [ 150.673655902760657, -22.086022177024315 ], [ 150.676981403672272, -22.090884367118093 ] ] ], [ [ [ 150.295080878984777, -22.021771807927994 ], [ 150.293484638547199, -22.0274443630374 ], [ 150.292952558401339, -22.023624070820862 ], [ 150.295080878984777, -22.021771807927994 ] ] ], [ [ [ 150.369173039295106, -22.024202902974881 ], [ 150.366246598492893, -22.011237062724813 ], [ 150.373961760607784, -22.023392537959253 ], [ 150.369173039295106, -22.024202902974881 ] ] ], [ [ [ 150.385800543853065, -22.010889763432402 ], [ 150.385667523816608, -22.015867719956979 ], [ 150.383406183196712, -22.012742026325267 ], [ 150.385800543853065, -22.010889763432402 ] ] ], [ [ [ 150.645987735176192, -22.010079398416771 ], [ 150.641864114045831, -22.008342901954709 ], [ 150.646120755212678, -22.003712244722543 ], [ 150.645987735176192, -22.010079398416771 ] ] ], [ [ [ 150.12814073322275, -21.987620710840758 ], [ 150.137851195884593, -21.998850054628765 ], [ 150.130402073842617, -22.002323047552892 ], [ 150.12454919223822, -21.999891952506005 ], [ 150.12814073322275, -21.987620710840758 ] ] ], [ [ [ 150.180284587516525, -21.998386988905548 ], [ 150.151685279676826, -21.975928301329535 ], [ 150.181880827954103, -21.971181877666567 ], [ 150.180284587516525, -21.998386988905548 ] ] ], [ [ [ 150.141442736869124, -21.97928552782286 ], [ 150.146364478218288, -21.967477351880831 ], [ 150.147029578400605, -21.978822462099643 ], [ 150.141442736869124, -21.97928552782286 ] ] ], [ [ [ 150.69161360768328, -21.963888592525901 ], [ 150.680838984729718, -21.961804796771425 ], [ 150.686957906407031, -21.945713262889644 ], [ 150.69161360768328, -21.963888592525901 ] ] ], [ [ [ 150.125879392602855, -21.936336181994506 ], [ 150.127608653076891, -21.941429904949889 ], [ 150.12454919223822, -21.942008737103912 ], [ 150.125879392602855, -21.936336181994506 ] ] ], [ [ [ 150.114173629394031, -21.92093924669755 ], [ 150.1136415492482, -21.934136619809227 ], [ 150.108320747789634, -21.922212677436395 ], [ 150.114173629394031, -21.92093924669755 ] ] ], [ [ [ 150.325941527444371, -21.765464930127528 ], [ 150.303461141281986, -21.742774709689908 ], [ 150.339775611236604, -21.74138551252026 ], [ 150.362389017435447, -21.72066332140631 ], [ 150.346559633096263, -21.764307265819486 ], [ 150.325941527444371, -21.765464930127528 ] ] ], [ [ [ 150.338445410871969, -21.655949886586772 ], [ 150.340041651309519, -21.674356749084637 ], [ 150.327138707772548, -21.658844047356876 ], [ 150.338445410871969, -21.655949886586772 ] ] ], [ [ [ 150.247991786076597, -21.618904628729432 ], [ 150.263954190452239, -21.641131783443836 ], [ 150.29082423781793, -21.643794411352332 ], [ 150.298273359859905, -21.670304924006491 ], [ 150.243070044727432, -21.675282880531071 ], [ 150.247991786076597, -21.618904628729432 ] ] ], [ [ [ 150.276591093916295, -21.517030169621748 ], [ 150.256638088446749, -21.526986082670909 ], [ 150.247592725967195, -21.516567103898534 ], [ 150.276591093916295, -21.517030169621748 ] ] ], [ [ [ 149.914244514589001, -21.502906665063637 ], [ 149.909322773239836, -21.492603452722065 ], [ 149.916505855208868, -21.496771044231018 ], [ 149.914244514589001, -21.502906665063637 ] ] ], [ [ [ 149.917037935354728, -21.490056591244375 ], [ 149.920097396193398, -21.487857029059096 ], [ 149.920762496375716, -21.493876883460914 ], [ 149.917037935354728, -21.490056591244375 ] ] ], [ [ [ 149.91331337433374, -21.484499802565775 ], [ 149.911052033713872, -21.486699364751054 ], [ 149.907992572875202, -21.481142576072454 ], [ 149.91331337433374, -21.484499802565775 ] ] ], [ [ [ 150.271403312494215, -21.489477759090352 ], [ 150.265683450926275, -21.47720651742511 ], [ 150.278054314317416, -21.480447977487628 ], [ 150.271403312494215, -21.489477759090352 ] ] ], [ [ [ 149.894158489082969, -21.009047071252986 ], [ 149.911451093823246, -21.018076852855714 ], [ 149.90599727232825, -21.019350283594559 ], [ 149.894158489082969, -21.009047071252986 ] ] ], [ [ [ 152.566264981567201, -25.173860185864331 ], [ 152.586484027109691, -25.179764273835342 ], [ 152.563604580837932, -25.178143543804087 ], [ 152.566264981567201, -25.173860185864331 ] ] ], [ [ [ 151.874560791955588, -24.164376909251843 ], [ 151.876290052429624, -24.167965668606772 ], [ 151.870969250971058, -24.168312967899183 ], [ 151.874560791955588, -24.164376909251843 ] ] ], [ [ [ 152.711921921495048, -24.110892818220307 ], [ 152.718173863208818, -24.116449606898907 ], [ 152.710857761203329, -24.116565373329713 ], [ 152.711921921495048, -24.110892818220307 ] ] ], [ [ [ 151.541611640686767, -24.074657925378599 ], [ 151.541079560540908, -24.085076904150974 ], [ 151.536024799155285, -24.080677779780416 ], [ 151.541611640686767, -24.074657925378599 ] ] ], [ [ [ 151.459538278188631, -24.041896025461014 ], [ 151.461533578735583, -24.054514566418671 ], [ 151.459272238115688, -24.056366829311536 ], [ 151.459538278188631, -24.041896025461014 ] ] ], [ [ [ 151.476165782746591, -24.050925807063742 ], [ 151.473239341944407, -24.051851938510175 ], [ 151.469647800959876, -24.045137485523533 ], [ 151.476165782746591, -24.050925807063742 ] ] ], [ [ [ 151.661196653467698, -24.042937923338251 ], [ 151.660664573321839, -24.052662303525803 ], [ 151.652151290988172, -24.046873981985595 ], [ 151.661196653467698, -24.042937923338251 ] ] ], [ [ [ 151.652816391170489, -24.036223470351608 ], [ 151.653082431243405, -24.043053689769057 ], [ 151.648293709930726, -24.035644638197589 ], [ 151.652816391170489, -24.036223470351608 ] ] ], [ [ [ 152.393338934164291, -23.90459703852725 ], [ 152.392939874054917, -23.90957499505183 ], [ 152.389747393179789, -23.909111929328613 ], [ 152.393338934164291, -23.90459703852725 ] ] ], [ [ [ 151.7066895059383, -23.301106634745036 ], [ 151.712808427615641, -23.292192619573115 ], [ 151.717065068782489, -23.294739481050808 ], [ 151.7066895059383, -23.301106634745036 ] ] ], [ [ [ 151.780382606139256, -23.244959915805008 ], [ 151.781446766430946, -23.246927945128679 ], [ 151.775061804680689, -23.249011740883155 ], [ 151.780382606139256, -23.244959915805008 ] ] ], [ [ [ 152.986741316829182, -25.803050737285073 ], [ 152.979292194787206, -25.803976868731507 ], [ 152.985943196610407, -25.799114678637732 ], [ 152.986741316829182, -25.803050737285073 ] ] ], [ [ [ 152.952821207530917, -25.616203717967121 ], [ 152.964127910630339, -25.620602842337679 ], [ 152.95933918931766, -25.636231310496242 ], [ 152.955082548150813, -25.632874084002921 ], [ 152.952821207530917, -25.616203717967121 ] ] ], [ [ [ 152.930074781295616, -25.617824447998377 ], [ 152.927015320456945, -25.624307368123414 ], [ 152.923689819545359, -25.611920360027366 ], [ 152.930074781295616, -25.617824447998377 ] ] ], [ [ [ 152.956013688406046, -25.598722986915689 ], [ 152.960802409718752, -25.610531162857715 ], [ 152.955481608260186, -25.613078024335408 ], [ 152.956013688406046, -25.598722986915689 ] ] ], [ [ [ 152.938055983483451, -25.595944592576387 ], [ 152.938455043592825, -25.610299629996106 ], [ 152.931538001696708, -25.586335978819641 ], [ 152.938055983483451, -25.595944592576387 ] ] ], [ [ [ 152.888173469809544, -25.581821088018277 ], [ 152.900943393310058, -25.594786928268345 ], [ 152.898549032653705, -25.597912621900058 ], [ 152.888173469809544, -25.581821088018277 ] ] ], [ [ [ 152.924753979837078, -25.597449556176841 ], [ 152.918635058159737, -25.577074664355305 ], [ 152.923689819545359, -25.575569700754851 ], [ 152.924753979837078, -25.597449556176841 ] ] ], [ [ [ 152.942312624650299, -25.583441818049536 ], [ 152.937922963446994, -25.562719626935586 ], [ 152.942179604613813, -25.559362400442264 ], [ 152.949495706619331, -25.575222401462437 ], [ 152.942312624650299, -25.583441818049536 ] ] ], [ [ [ 152.883916828642697, -25.562140794781566 ], [ 152.883517768533295, -25.575338167893243 ], [ 152.878729047220617, -25.574990868600828 ], [ 152.874206365980825, -25.568724543733467 ], [ 152.883916828642697, -25.562140794781566 ] ] ], [ [ [ 152.898549032653705, -25.56005699902709 ], [ 152.903470774002869, -25.57221247426153 ], [ 152.891631990757588, -25.573833204292789 ], [ 152.889237630101235, -25.569434079922228 ], [ 152.898549032653705, -25.56005699902709 ] ] ], [ [ [ 152.888572529918918, -25.566771452013732 ], [ 152.888971590028319, -25.559593933303873 ], [ 152.892962191122223, -25.560172765457896 ], [ 152.888572529918918, -25.566771452013732 ] ] ], [ [ [ 152.921694518998407, -25.559362400442264 ], [ 152.915043517175206, -25.563066926228 ], [ 152.917969957977419, -25.557278604687792 ], [ 152.921694518998407, -25.559362400442264 ] ] ], [ [ [ 152.902140573638235, -25.556699772533769 ], [ 152.909190635570809, -25.556584006102966 ], [ 152.907727415169717, -25.563529991951217 ], [ 152.902140573638235, -25.556699772533769 ] ] ], [ [ [ 152.897883932471387, -25.550332618839537 ], [ 152.888173469809544, -25.558088969703419 ], [ 152.885114008970874, -25.555310575364118 ], [ 152.897883932471387, -25.550332618839537 ] ] ], [ [ [ 152.946303225744202, -25.55947816687307 ], [ 152.944307925197251, -25.550448385270343 ], [ 152.949628726655789, -25.548364589515867 ], [ 152.946303225744202, -25.55947816687307 ] ] ], [ [ [ 152.947101345962977, -25.545007363022545 ], [ 152.944706985306624, -25.543965465145309 ], [ 152.956545768551905, -25.538640209328317 ], [ 152.947101345962977, -25.545007363022545 ] ] ], [ [ [ 152.958940129208258, -25.512708528828178 ], [ 152.95933918931766, -25.501247652178563 ], [ 152.96452697073974, -25.499279622854893 ], [ 152.958940129208258, -25.512708528828178 ] ] ], [ [ [ 152.955880668369588, -25.494764732053529 ], [ 152.915442577284608, -25.529494661294784 ], [ 152.907461375096773, -25.505646776549124 ], [ 152.945771145598343, -25.478904731033357 ], [ 152.955880668369588, -25.494764732053529 ] ] ], [ [ [ 152.838024916062693, -25.487239914051258 ], [ 152.843877797667091, -25.490944439836991 ], [ 152.835364515333424, -25.490134074821363 ], [ 152.838024916062693, -25.487239914051258 ] ] ], [ [ [ 152.958541069098857, -25.483882687557937 ], [ 152.969980792234765, -25.48145159251105 ], [ 152.961201469828154, -25.491407505560208 ], [ 152.958541069098857, -25.483882687557937 ] ] ], [ [ [ 152.862234562699086, -25.479946628910593 ], [ 152.857844901495781, -25.47682093527888 ], [ 152.863298722990805, -25.473000643062342 ], [ 152.862234562699086, -25.479946628910593 ] ] ], [ [ [ 152.880059247585251, -25.448458159731857 ], [ 152.871412945215098, -25.445679765392555 ], [ 152.880724347767568, -25.446027064684969 ], [ 152.880059247585251, -25.448458159731857 ] ] ], [ [ [ 152.993658358725298, -25.334543991820539 ], [ 152.947101345962977, -25.27341931635593 ], [ 152.989800777667853, -25.316252895753479 ], [ 152.993658358725298, -25.334543991820539 ] ] ], [ [ [ 153.050590934331808, -25.886518333894891 ], [ 153.050058854185949, -25.881771910231919 ], [ 153.052187174769358, -25.885476436017655 ], [ 153.050590934331808, -25.886518333894891 ] ] ], [ [ [ 153.046334293164961, -25.830950447108883 ], [ 153.048728653821314, -25.839980228711607 ], [ 153.043673892435692, -25.841948258035281 ], [ 153.046334293164961, -25.830950447108883 ] ] ], [ [ [ 153.18361097079557, -27.39344996367296 ], [ 153.187867611962417, -27.403290110291316 ], [ 153.178556209409948, -27.395996825150654 ], [ 153.18361097079557, -27.39344996367296 ] ] ], [ [ [ 153.077327961661013, -27.009221179833872 ], [ 153.085575203921763, -27.007368916941004 ], [ 153.082781783156037, -27.010957676295934 ], [ 153.077327961661013, -27.009221179833872 ] ] ], [ [ [ 153.164057025435397, -27.097319433675857 ], [ 153.076928901551611, -26.978543075670764 ], [ 153.090496945270928, -26.947286139353633 ], [ 153.077727021770414, -26.906999421433778 ], [ 153.130003896100675, -26.873890222223782 ], [ 153.124816114678595, -26.846337811692386 ], [ 153.129870876064217, -26.812649780328368 ], [ 153.136122817777988, -26.898548471985073 ], [ 153.204894176629779, -27.06837782597481 ], [ 153.197711094660718, -27.09627753579862 ], [ 153.164057025435397, -27.097319433675857 ] ] ], [ [ [ 153.078392121952731, -26.956778986679577 ], [ 153.072672260384792, -26.954463658063492 ], [ 153.077594001733928, -26.952495628739822 ], [ 153.078392121952731, -26.956778986679577 ] ] ], [ [ [ 153.122953834168101, -26.862313579143361 ], [ 153.119628333256486, -26.865902338498291 ], [ 153.118165112855394, -26.860345549819691 ], [ 153.122953834168101, -26.862313579143361 ] ] ], [ [ [ 153.038220070940667, -25.223176685386914 ], [ 152.993392318652383, -25.22977537194275 ], [ 152.999511240329696, -25.20847434867478 ], [ 153.163258905216622, -25.08066820906696 ], [ 153.22923684330263, -24.980993312144559 ], [ 153.23282838428716, -24.92762498754383 ], [ 153.198509214879522, -24.868236808541283 ], [ 153.163657965325996, -24.827602791329014 ], [ 153.119229273147113, -24.813710819632512 ], [ 153.183344930722626, -24.737652274594165 ], [ 153.262624872455035, -24.697712855966721 ], [ 153.270207014533469, -24.893473890456594 ], [ 153.304127123831734, -24.949852142258234 ], [ 153.349220916192962, -24.964786011831972 ], [ 153.357867218563115, -25.008893021968369 ], [ 153.107523509938289, -25.561098896904326 ], [ 153.077194941624555, -25.680106787771031 ], [ 153.089299764942751, -25.757670296409835 ], [ 153.077727021770414, -25.792284459220284 ], [ 153.060301396993651, -25.79737818217567 ], [ 153.015074584595965, -25.769131173059449 ], [ 152.973040253073407, -25.621528973784113 ], [ 152.965192070922058, -25.603585177009464 ], [ 152.944573965270166, -25.586104445958032 ], [ 152.950293826838106, -25.57580123361646 ], [ 152.950958927020423, -25.551953348870796 ], [ 152.986741316829182, -25.510508966642899 ], [ 152.986342256719809, -25.449500057609093 ], [ 153.051389054550583, -25.345310269885328 ], [ 153.048728653821314, -25.240194350715129 ], [ 153.038220070940667, -25.223176685386914 ] ] ], [ [ [ 153.421583816029255, -27.879321673758124 ], [ 153.415863954461315, -27.87283875363309 ], [ 153.417859255008267, -27.870060359293788 ], [ 153.421583816029255, -27.879321673758124 ] ] ], [ [ [ 153.403493091070175, -27.872375687909873 ], [ 153.410543153002749, -27.869481527139769 ], [ 153.404956311471295, -27.88198430166662 ], [ 153.400034570122131, -27.880595104496969 ], [ 153.403493091070175, -27.872375687909873 ] ] ], [ [ [ 153.406419531872388, -27.834983130760122 ], [ 153.441536821498829, -27.751631300581106 ], [ 153.427968777779512, -27.933963429097698 ], [ 153.423446096539749, -27.873649118648718 ], [ 153.406419531872388, -27.834983130760122 ] ] ], [ [ [ 153.392319408007239, -27.83880342297666 ], [ 153.383806125673544, -27.831741670697603 ], [ 153.395511888882368, -27.833015101436448 ], [ 153.396176989064685, -27.839729554423091 ], [ 153.392319408007239, -27.83880342297666 ] ] ], [ [ [ 153.392718468116612, -27.819817728324772 ], [ 153.386466526402813, -27.828152911342674 ], [ 153.385003306001721, -27.822364589802465 ], [ 153.392718468116612, -27.819817728324772 ] ] ], [ [ [ 153.402029870669082, -27.821322691925229 ], [ 153.399502489976271, -27.817386633277884 ], [ 153.407084632054705, -27.809630282414005 ], [ 153.402029870669082, -27.821322691925229 ] ] ], [ [ [ 153.413735633877906, -27.803726194442991 ], [ 153.417992275044725, -27.803031595858165 ], [ 153.414134693987279, -27.809861815275614 ], [ 153.413735633877906, -27.803726194442991 ] ] ], [ [ [ 153.380347604725472, -27.801526632257712 ], [ 153.373829622938757, -27.807083420936312 ], [ 153.373430562829355, -27.802105464411731 ], [ 153.380347604725472, -27.801526632257712 ] ] ], [ [ [ 153.417593214935351, -27.792959916378202 ], [ 153.421982876138657, -27.784508966929497 ], [ 153.424377236794982, -27.786940061976384 ], [ 153.417593214935351, -27.792959916378202 ] ] ], [ [ [ 153.445793462665648, -27.734382102391283 ], [ 153.445926482702134, -27.742138453255166 ], [ 153.440339641170652, -27.7404019567931 ], [ 153.445793462665648, -27.734382102391283 ] ] ], [ [ [ 153.319424428025087, -27.681476843513771 ], [ 153.33485475225487, -27.68309757354503 ], [ 153.339111393421717, -27.695137282348664 ], [ 153.327405630212894, -27.694789983056253 ], [ 153.319424428025087, -27.681476843513771 ] ] ], [ [ [ 153.388328806913307, -27.658555090214545 ], [ 153.397640209465777, -27.69583188093349 ], [ 153.369040901626079, -27.703125166074155 ], [ 153.377953244069147, -27.676961952712407 ], [ 153.365050300532147, -27.652766768674333 ], [ 153.403759131143119, -27.637254066946575 ], [ 153.388328806913307, -27.658555090214545 ] ] ], [ [ [ 153.356137958089079, -27.65265100224353 ], [ 153.361724799620561, -27.683907938560658 ], [ 153.355871918016163, -27.687149398623177 ], [ 153.349486956265878, -27.67916151489769 ], [ 153.356137958089079, -27.65265100224353 ] ] ], [ [ [ 153.40216289070554, -27.652187936520313 ], [ 153.4093459726746, -27.654155965843984 ], [ 153.39484678870005, -27.662143849569475 ], [ 153.40216289070554, -27.652187936520313 ] ] ], [ [ [ 153.329267910723388, -27.670479032587373 ], [ 153.322882948973131, -27.651956403658705 ], [ 153.328735830577529, -27.635054504761293 ], [ 153.341505754078071, -27.649062242888601 ], [ 153.329267910723388, -27.670479032587373 ] ] ], [ [ [ 153.373829622938757, -27.636096402638533 ], [ 153.377421163923287, -27.642579322763567 ], [ 153.363188020021653, -27.635054504761293 ], [ 153.373829622938757, -27.636096402638533 ] ] ], [ [ [ 153.336450992692448, -27.627761219620631 ], [ 153.350019036411737, -27.630192314667518 ], [ 153.347358635682468, -27.638759030547028 ], [ 153.336450992692448, -27.627761219620631 ] ] ], [ [ [ 153.375026803266934, -27.621162533064791 ], [ 153.378219284142062, -27.63192881112958 ], [ 153.372499422574123, -27.630771146821537 ], [ 153.375026803266934, -27.621162533064791 ] ] ], [ [ [ 153.340840653895754, -27.61722647441745 ], [ 153.336051932583047, -27.607617860660703 ], [ 153.341239714005127, -27.604144867736576 ], [ 153.340840653895754, -27.61722647441745 ] ] ], [ [ [ 153.360394599255926, -27.614332313647346 ], [ 153.375957943522195, -27.61919450374112 ], [ 153.361857819657018, -27.632391876852797 ], [ 153.348821856083561, -27.621046766633988 ], [ 153.360660639328842, -27.580412749421718 ], [ 153.360394599255926, -27.614332313647346 ] ] ], [ [ [ 153.326740530030577, -27.565131580555565 ], [ 153.337515152984139, -27.573466763573467 ], [ 153.318626307806284, -27.573466763573467 ], [ 153.326740530030577, -27.565131580555565 ] ] ], [ [ [ 153.440871721316512, -27.392292299364918 ], [ 153.546755670341668, -27.434778579470056 ], [ 153.473727670323058, -27.603913334874967 ], [ 153.454040704926427, -27.728478014420272 ], [ 153.439009440806018, -27.733340204514047 ], [ 153.43688112022258, -27.718059035647894 ], [ 153.437014140259066, -27.733803270237264 ], [ 153.411607313294468, -27.73843392746943 ], [ 153.393117528226014, -27.706713925429085 ], [ 153.40216289070554, -27.692358888009366 ], [ 153.399901550085673, -27.661449250984649 ], [ 153.418391335154126, -27.648946476457795 ], [ 153.421716836065713, -27.642000490609544 ], [ 153.40735067212762, -27.608775524968745 ], [ 153.412538453549729, -27.511647489524034 ], [ 153.398438329684552, -27.496713619950292 ], [ 153.423047036430347, -27.47008734086533 ], [ 153.440871721316512, -27.392292299364918 ] ] ], [ [ [ 153.373829622938757, -27.493124860595362 ], [ 153.344033134770882, -27.513036686693685 ], [ 153.338047233129998, -27.499028948566377 ], [ 153.359330438964207, -27.485715809023898 ], [ 153.373829622938757, -27.493124860595362 ] ] ], [ [ [ 153.22923684330263, -27.422970403528026 ], [ 153.237085025454007, -27.427137995036979 ], [ 153.233493484469477, -27.430032155807083 ], [ 153.22923684330263, -27.422970403528026 ] ] ], [ [ [ 153.223383961698232, -27.39402879582698 ], [ 153.228172683010939, -27.378516094099222 ], [ 153.239080326000959, -27.373422371143835 ], [ 153.239612406146819, -27.401090548106037 ], [ 153.223383961698232, -27.39402879582698 ] ] ], [ [ [ 153.407749732237022, -27.345059595596812 ], [ 153.3964430291376, -27.335103682547651 ], [ 153.404956311471295, -27.327000032391357 ], [ 153.407749732237022, -27.345059595596812 ] ] ], [ [ [ 153.26701453365834, -27.331630689623527 ], [ 153.240543546402051, -27.347143391351288 ], [ 153.235488785016429, -27.328389229561008 ], [ 153.26701453365834, -27.331630689623527 ] ] ], [ [ [ 153.361458759547617, -27.061084540834148 ], [ 153.468539888900978, -27.028438407347366 ], [ 153.421051735883395, -27.193289804812526 ], [ 153.417593214935351, -27.274442072806259 ], [ 153.437280180331982, -27.333946018239608 ], [ 153.426372537341962, -27.360224998032159 ], [ 153.365449360641549, -27.201277688538013 ], [ 153.361724799620561, -27.134364691533197 ], [ 153.361458759547617, -27.061084540834148 ] ] ] ] } },
{ "type": "Feature", "properties": { "STE_NAME21": "South Australia" }, "geometry": { "type": "MultiPolygon", "coordinates": [ [ [ [ 136.11461291180089, -35.334448284685998 ], [ 136.126185654973227, -35.340120839795404 ], [ 136.115011971910263, -35.337921277610121 ], [ 136.11461291180089, -35.334448284685998 ] ] ], [ [ [ 136.115411032019665, -35.329123028869006 ], [ 136.114213851691488, -35.318588283665825 ], [ 136.11820445278542, -35.31685178720376 ], [ 136.115411032019665, -35.329123028869006 ] ] ], [ [ [ 136.068720999220886, -35.223080978252376 ], [ 136.06752381889271, -35.238825212841739 ], [ 136.055552015610971, -35.235236453486813 ], [ 136.068720999220886, -35.223080978252376 ] ] ], [ [ [ 135.965630470961457, -35.023152352253547 ], [ 135.97946455475369, -35.021647388653093 ], [ 135.98305609573822, -35.033687097456728 ], [ 135.974143753295152, -35.037391623242463 ], [ 135.965630470961457, -35.023152352253547 ] ] ], [ [ [ 136.157445363542223, -35.007986949818196 ], [ 136.078697501955673, -34.952187530170583 ], [ 136.103971308883786, -34.932391470503063 ], [ 136.153986842594151, -34.99120081735159 ], [ 136.189636212366452, -35.004282424032468 ], [ 136.202938216012825, -35.064017902327421 ], [ 136.157179323469279, -35.048273667738052 ], [ 136.157445363542223, -35.007986949818196 ] ] ], [ [ [ 135.617783075608713, -34.993400379536872 ], [ 135.62629635794238, -34.982171035748863 ], [ 135.620177436265038, -34.997220671753411 ], [ 135.617783075608713, -34.993400379536872 ] ] ], [ [ [ 136.05089631433475, -34.967815998329144 ], [ 136.069918179549063, -34.963416873958586 ], [ 136.051428394480581, -34.970247093376038 ], [ 136.05089631433475, -34.967815998329144 ] ] ], [ [ [ 136.035732030177883, -34.905417892125691 ], [ 136.032539549302726, -34.918036433083344 ], [ 136.028548948208822, -34.916994535206108 ], [ 136.027218747844188, -34.913058476558767 ], [ 136.035732030177883, -34.905417892125691 ] ] ], [ [ [ 136.014448824343674, -34.882727671688073 ], [ 136.000880780624357, -34.8725402257773 ], [ 136.008196882629875, -34.865131174205835 ], [ 136.014448824343674, -34.882727671688073 ] ] ], [ [ [ 135.871984365290956, -34.775759489625003 ], [ 135.879034427223559, -34.773791460301332 ], [ 135.868525844342912, -34.779116716118324 ], [ 135.871984365290956, -34.775759489625003 ] ] ], [ [ [ 135.027972233928324, -34.774138759593747 ], [ 135.032228875095171, -34.771360365254445 ], [ 135.031962835022256, -34.7756437231942 ], [ 135.027972233928324, -34.774138759593747 ] ] ], [ [ [ 135.044599738486312, -34.752490437033366 ], [ 135.045131818632171, -34.757584159988745 ], [ 135.038081756699597, -34.758510291435179 ], [ 135.044599738486312, -34.752490437033366 ] ] ], [ [ [ 135.155006368751231, -34.727484887979656 ], [ 135.154341268568913, -34.733273209519872 ], [ 135.150483687511468, -34.732347078073438 ], [ 135.155006368751231, -34.727484887979656 ] ] ], [ [ [ 135.286962244923302, -34.703752769664803 ], [ 135.28709526495976, -34.710235689789833 ], [ 135.28350372397523, -34.709309558343399 ], [ 135.286962244923302, -34.703752769664803 ] ] ], [ [ [ 135.853760620295418, -34.705605032557671 ], [ 135.886217509192591, -34.727137588687249 ], [ 135.877571206822438, -34.741724158968573 ], [ 135.891538310651129, -34.751217006294517 ], [ 135.864668263285466, -34.76962386879238 ], [ 135.863737123030205, -34.755153064941858 ], [ 135.846444518289928, -34.752837736325773 ], [ 135.788181742318784, -34.812341681759129 ], [ 135.89712515218261, -34.804469564464441 ], [ 135.95405772778912, -34.76047832075885 ], [ 135.975340933623329, -34.786062701966578 ], [ 135.990106157670795, -34.769392335930775 ], [ 135.979198514680775, -34.73049481518057 ], [ 135.9944958188741, -34.725285325794381 ], [ 136.010857283359144, -34.743344888999836 ], [ 136.008329902666333, -34.805742995203289 ], [ 135.960043629429975, -34.847997742446815 ], [ 136.003009101207795, -34.976498480639464 ], [ 135.960309669502919, -34.991895415936419 ], [ 135.960575709575835, -35.005324321909704 ], [ 135.943283104835558, -35.002082861847185 ], [ 135.948603906294096, -34.981129137871626 ], [ 135.928783920861008, -34.948251471523243 ], [ 135.870521144889864, -34.920699060991844 ], [ 135.856021960915314, -34.927297747547684 ], [ 135.854957800623595, -34.888631759659084 ], [ 135.79203932337623, -34.860963582696883 ], [ 135.712493341570905, -34.865246940636638 ], [ 135.705709319711247, -34.905765191418105 ], [ 135.679238332454958, -34.913637308712786 ], [ 135.688682755043885, -34.94200008425981 ], [ 135.624035017322484, -34.945936142907158 ], [ 135.623502937176653, -34.907733220741775 ], [ 135.604481071962311, -34.878675846609923 ], [ 135.495936722207887, -34.782589709042455 ], [ 135.474387476300763, -34.744039487584658 ], [ 135.379677210338542, -34.687082403628999 ], [ 135.321946514513286, -34.682567512827639 ], [ 135.346954281368454, -34.666707511807459 ], [ 135.341633479909916, -34.629083421796103 ], [ 135.25237703544272, -34.551867212449714 ], [ 135.173762193892628, -34.554992906081424 ], [ 135.143699665651809, -34.591690864646353 ], [ 135.109114456171227, -34.5875232731374 ], [ 135.125209880583355, -34.576641228641805 ], [ 135.140773224849625, -34.501856114342303 ], [ 135.205154922498082, -34.429270562228083 ], [ 135.217392765852736, -34.433553920167832 ], [ 135.216062565488102, -34.494794362063246 ], [ 135.351609982644703, -34.520494509701777 ], [ 135.316226652945318, -34.520726042563389 ], [ 135.297603847840406, -34.552330278172931 ], [ 135.355334543665691, -34.580808820150757 ], [ 135.360788365160687, -34.619937873762574 ], [ 135.398566055516397, -34.627115392472433 ], [ 135.366375206692169, -34.642280794907776 ], [ 135.516687847896236, -34.611255391452261 ], [ 135.508041545526083, -34.594932324708871 ], [ 135.460819432581445, -34.587060207414183 ], [ 135.442994747695309, -34.600141814095053 ], [ 135.458425071925092, -34.610445026436629 ], [ 135.431688044595887, -34.603383274157572 ], [ 135.44552212838812, -34.536933342875969 ], [ 135.428495563720759, -34.527440495550032 ], [ 135.410936918907538, -34.539132905061251 ], [ 135.402290616537385, -34.507065603728492 ], [ 135.391515993583823, -34.534039182105865 ], [ 135.421844561897558, -34.547236555217545 ], [ 135.406813297777148, -34.558234366143942 ], [ 135.413597319636807, -34.587407506706597 ], [ 135.398965115625799, -34.592732762523589 ], [ 135.416390740402562, -34.5986368504946 ], [ 135.388855592854554, -34.593890426831628 ], [ 135.398300015443482, -34.555687504666253 ], [ 135.376883789572815, -34.515169253884785 ], [ 135.395373574641269, -34.49514166135566 ], [ 135.391382973547366, -34.464695090054164 ], [ 135.388057472635779, -34.440731438877691 ], [ 135.359325144759595, -34.420472313486961 ], [ 135.344160860602727, -34.261409237562013 ], [ 135.303456729444804, -34.184077261784815 ], [ 135.241203352379756, -34.1477266025123 ], [ 135.278981042735467, -34.121331856288947 ], [ 135.271531920693491, -34.019573163612073 ], [ 135.252110995369804, -33.981254475015888 ], [ 135.194114259471576, -33.919898266689671 ], [ 135.182142456189837, -33.877759285876948 ], [ 135.162854550902608, -33.877759285876948 ], [ 135.033958135569208, -33.749953146269128 ], [ 134.886704955203811, -33.659539563811059 ], [ 134.878191672870145, -33.635691679065395 ], [ 134.861032088166297, -33.643911095652491 ], [ 134.831900700180739, -33.627356496047497 ], [ 134.863160408749735, -33.548172257377431 ], [ 134.846665924228205, -33.442130206760801 ], [ 134.801705151903462, -33.328447571711088 ], [ 134.663497334017592, -33.233056032728442 ], [ 134.722824270280455, -33.224142017556517 ], [ 134.704068445139058, -33.176446248065197 ], [ 134.595125035275231, -33.138822158053834 ], [ 134.558278485174753, -33.161396612060649 ], [ 134.598184496113902, -33.196473840594322 ], [ 134.64128298792815, -33.184086832498274 ], [ 134.645140568985596, -33.194968876993862 ], [ 134.62372434311493, -33.196936906317539 ], [ 134.63090742508399, -33.212912673768514 ], [ 134.662965253871761, -33.224605083279734 ], [ 134.644076408693905, -33.223447418971695 ], [ 134.632370645485082, -33.244053843654839 ], [ 134.595923155494006, -33.203651359304182 ], [ 134.449867155456786, -33.144610479594043 ], [ 134.368724933213883, -33.175635883049566 ], [ 134.358349370369723, -33.125161719218944 ], [ 134.292637472356603, -33.075960986127164 ], [ 134.298889414070402, -33.047713977010943 ], [ 134.273881647215205, -33.025371055865733 ], [ 134.264171184553362, -33.031275143836744 ], [ 134.279601508783173, -33.05327076568954 ], [ 134.260978703678234, -33.072719526064645 ], [ 134.27880338856437, -33.107449455305904 ], [ 134.312590477826177, -33.111964346107264 ], [ 134.358349370369723, -33.148083472518167 ], [ 134.351432328473607, -33.1876755918532 ], [ 134.328419862165362, -33.199483767795229 ], [ 134.260180583459459, -33.152598363319534 ], [ 134.261510783824093, -33.098998505857196 ], [ 134.231049195473872, -33.044009451225207 ], [ 134.192074324789985, -33.035095436053282 ], [ 134.169327898554684, -33.050608137781047 ], [ 134.146980532428785, -33.028844048789857 ], [ 134.140728590714986, -33.015646675678184 ], [ 134.200720627160138, -33.006848426937061 ], [ 134.201917807488314, -32.963783314677912 ], [ 134.174914740086166, -32.929747984021475 ], [ 134.14565033206415, -32.927201122543785 ], [ 134.138733290168034, -32.943524189287174 ], [ 134.119179344807861, -32.914582581586131 ], [ 134.080869574306291, -32.926506523958963 ], [ 134.065705290149424, -32.911688420816027 ], [ 134.079539373941657, -32.895365354072638 ], [ 134.071558171753821, -32.883788710992214 ], [ 134.118647264662002, -32.866771045664002 ], [ 134.138334230058632, -32.832156882853553 ], [ 134.119844444990179, -32.784924179085444 ], [ 134.060384488690858, -32.72252607288199 ], [ 134.080603534233347, -32.709560232631922 ], [ 134.204977268326985, -32.725188700790483 ], [ 134.154828714580134, -32.727504029406568 ], [ 134.199124386722588, -32.749268118397751 ], [ 134.196863046102692, -32.795458924288624 ], [ 134.221870812957889, -32.789786369179218 ], [ 134.289711031554418, -32.695784027366223 ], [ 134.294366732830639, -32.661980229571398 ], [ 134.278936408600828, -32.64646752784364 ], [ 134.266299505136772, -32.573766209298611 ], [ 134.183161982346917, -32.482310728963306 ], [ 134.118514244625544, -32.453832186985473 ], [ 134.086190375764829, -32.457189413478794 ], [ 134.086323395801287, -32.470502553021277 ], [ 134.03484464168983, -32.460662406402925 ], [ 133.995071650787139, -32.484394524717779 ], [ 133.99081500962032, -32.504769416539318 ], [ 133.920846470440381, -32.495392335644176 ], [ 133.891183002308935, -32.541120075811833 ], [ 133.849015650749919, -32.541698907965852 ], [ 133.868436576073634, -32.39803276733786 ], [ 133.898632124350911, -32.410188242572296 ], [ 133.893710383001746, -32.42882663793177 ], [ 133.918718149856943, -32.428247805777751 ], [ 133.952239199045806, -32.391549847212822 ], [ 133.871629056948763, -32.282960935118496 ], [ 133.818288022326811, -32.24730487443081 ], [ 133.820682382983136, -32.233528669165111 ], [ 133.770799869309229, -32.263859474035812 ], [ 133.756034645261764, -32.205397426479692 ], [ 133.679016044149222, -32.202503265709588 ], [ 133.693382208087314, -32.15608092695711 ], [ 133.64283459423109, -32.144156984584285 ], [ 133.670502761815555, -32.135011436550748 ], [ 133.665980080575792, -32.10375450023362 ], [ 133.592286980374865, -32.087199900628626 ], [ 133.573930215342841, -32.114405011867603 ], [ 133.583773698041171, -32.141610123106588 ], [ 133.553445129727436, -32.169625599361204 ], [ 133.522052401121982, -32.155270561941485 ], [ 133.517263679809275, -32.133738005811907 ], [ 133.510745698022561, -32.153649831910222 ], [ 133.49677859419387, -32.150639904709315 ], [ 133.501567315506549, -32.128991582148934 ], [ 133.484141690729814, -32.126560487102047 ], [ 133.475229348286746, -32.100860339463516 ], [ 133.452881982160818, -32.110237420358658 ], [ 133.452083861942043, -32.135358735843162 ], [ 133.43984601858736, -32.124823990639982 ], [ 133.395018266299076, -32.142188955260607 ], [ 133.413907111476931, -32.178423848102319 ], [ 133.45328104227022, -32.169857132222809 ], [ 133.491324772698846, -32.20018793709351 ], [ 133.446230980337617, -32.178539614533122 ], [ 133.390229544986397, -32.199956404231898 ], [ 133.292991898331366, -32.180970709580009 ], [ 133.253218907428703, -32.210838448727493 ], [ 133.164627563143824, -32.170088665084421 ], [ 133.129510273517383, -32.207481222234172 ], [ 133.136028255304126, -32.170783263669243 ], [ 133.088407082250086, -32.127023552825264 ], [ 133.007663920116585, -32.083726907704495 ], [ 132.979064612276858, -32.105259463834074 ], [ 132.981458972933211, -32.081758878380825 ], [ 132.947272823562031, -32.054206467849433 ], [ 132.744949348100619, -31.94909054867923 ], [ 132.666334506550527, -31.957078432404721 ], [ 132.595168787042411, -31.934272445536294 ], [ 132.531319169539813, -31.93496704412112 ], [ 132.477978134917834, -31.94654368720154 ], [ 132.446452386275922, -31.970738871239615 ], [ 132.437673063869312, -32.00025931109468 ], [ 132.473455453678071, -32.02977975094975 ], [ 132.41545871777987, -31.998754347494227 ], [ 132.343228837980035, -32.014498582083597 ], [ 132.3352476357922, -32.029085152364921 ], [ 132.200631358890888, -32.027232889472053 ], [ 132.151946025545129, -32.003153471864785 ], [ 132.073065143922122, -31.917717845931296 ], [ 131.758605777721755, -31.720220314979358 ], [ 131.442151110974464, -31.571807750688393 ], [ 131.148708910535362, -31.463681904317284 ], [ 131.081799832194093, -31.490887015556268 ], [ 131.026463497025162, -31.537656653601157 ], [ 130.806182316641156, -31.605611548483214 ], [ 130.157576618843819, -31.576438407920559 ], [ 129.527726746187852, -31.622629213811429 ], [ 129.001898542046575, -31.686995349338556 ], [ 129.001898542046575, -25.998580238913341 ], [ 140.999374690823487, -25.996380676728062 ], [ 141.002966231808017, -34.021888492228157 ], [ 140.98567362706774, -34.027561047337556 ], [ 140.963725321051214, -33.980675642861868 ], [ 140.965853641634624, -38.056001306461575 ], [ 140.836691186228308, -38.041067436887836 ], [ 140.662035878351361, -38.059937365108915 ], [ 140.606832563218916, -38.027754297345354 ], [ 140.580760636072, -38.029143494515004 ], [ 140.454524621467897, -37.936067284148436 ], [ 140.395596745314435, -37.919396918112639 ], [ 140.247944504839666, -37.686127560042202 ], [ 140.184893007555814, -37.6224560230999 ], [ 140.112663127756008, -37.578233246532704 ], [ 140.130487812642144, -37.56017368332725 ], [ 140.120910370016759, -37.530884776333792 ], [ 140.049877670545101, -37.478558349610303 ], [ 140.001591397308744, -37.487240831920616 ], [ 139.811771805274958, -37.280829285796756 ], [ 139.740074005620983, -37.179533658843091 ], [ 139.744995746970147, -37.156033073389843 ], [ 139.788493298893798, -37.157769569851908 ], [ 139.791020679586609, -37.111578763961035 ], [ 139.744596686860746, -37.074765038965303 ], [ 139.742468366277336, -37.024175108703879 ], [ 139.670371506513959, -36.958767075299512 ], [ 139.675426267899581, -36.942328242125321 ], [ 139.789158399076115, -36.893359041895145 ], [ 139.850480635885901, -36.823436117689418 ], [ 139.862186399094725, -36.696671875958842 ], [ 139.821482267936801, -36.55694179397819 ], [ 139.709346377197846, -36.31244309211975 ], [ 139.590825524708634, -36.128606000002705 ], [ 139.484010435428218, -35.999642196086846 ], [ 139.300043724998829, -35.824603352710916 ], [ 138.980662617449298, -35.607078229229856 ], [ 138.738300111012308, -35.515970048186958 ], [ 138.631485021731891, -35.543869758010771 ], [ 138.599294172907662, -35.577789322236391 ], [ 138.603816854147453, -35.59422815541059 ], [ 138.525734092743193, -35.641229326317088 ], [ 138.430757786708085, -35.629305383944256 ], [ 138.275656424191311, -35.63937706342422 ], [ 138.19132172107328, -35.665077211062751 ], [ 138.095547294819369, -35.623864361696462 ], [ 138.09395105438179, -35.60337370344412 ], [ 138.165515833999308, -35.519327274680279 ], [ 138.193849101766091, -35.523610632620034 ], [ 138.242135375002448, -35.502193842921265 ], [ 138.294146209259793, -35.468390045126441 ], [ 138.341235302167945, -35.392794565811307 ], [ 138.440335229333471, -35.351002884290999 ], [ 138.443660730245057, -35.27112404703611 ], [ 138.469998697464888, -35.239172512134154 ], [ 138.467471316772077, -35.121322285575495 ], [ 138.517486850482442, -35.032876732441096 ], [ 138.476117619142229, -34.856795991187937 ], [ 138.490217743007378, -34.810952484589478 ], [ 138.477979899652723, -34.782937008334862 ], [ 138.496336664684719, -34.764993211560217 ], [ 138.515757590008434, -34.771591898116057 ], [ 138.511500948841586, -34.818361536160943 ], [ 138.497134784903494, -34.841630588752587 ], [ 138.497932905122269, -34.850776136786116 ], [ 138.516023630081349, -34.810952484589478 ], [ 138.559838563144609, -34.824248577133801 ], [ 138.525601072706735, -34.737788100321232 ], [ 138.430624766671599, -34.66809670897711 ], [ 138.445123950646149, -34.654783569434635 ], [ 138.426102085431836, -34.622137435947849 ], [ 138.364380788512648, -34.578146192242265 ], [ 138.332056919651961, -34.520262976840172 ], [ 138.263684620909572, -34.473724871656884 ], [ 138.225241830371544, -34.365946324578189 ], [ 138.222315389569332, -34.310031138499767 ], [ 138.195046282094268, -34.274143544950476 ], [ 138.148356249295489, -34.268007924117853 ], [ 138.164850733816991, -34.249601061619984 ], [ 138.164185633634673, -34.218459891733659 ], [ 138.10326245693426, -34.139507185925204 ], [ 138.077057509750915, -34.133834630815798 ], [ 138.037683578957626, -34.184887626800446 ], [ 138.00176816911241, -34.255968215314219 ], [ 138.021322114472582, -34.284678290153657 ], [ 138.007088970570948, -34.349044425680781 ], [ 137.915970245593286, -34.430775525828537 ], [ 137.887636977826503, -34.507297136590104 ], [ 137.876064234654137, -34.598521084063798 ], [ 137.907323943223133, -34.615422982961206 ], [ 137.876862354872941, -34.668444008269525 ], [ 137.863028271080708, -34.780505913287975 ], [ 137.800109793833343, -34.877518182301884 ], [ 137.804632475073106, -34.911785045819919 ], [ 137.75727734209201, -34.998262569630647 ], [ 137.76406136395164, -35.040633083304982 ], [ 137.726948773778247, -35.049084032753683 ], [ 137.759139622602504, -35.114376299727247 ], [ 137.69728530564683, -35.141465644535423 ], [ 137.676933240067882, -35.167976157189585 ], [ 137.637559309274593, -35.16820769005119 ], [ 137.55482084659414, -35.117386226928154 ], [ 137.424328190823189, -35.097821700122246 ], [ 137.352231331059812, -35.133940826533149 ], [ 137.334140606100732, -35.168091923620388 ], [ 137.237701079664504, -35.164503164265454 ], [ 137.175048642490083, -35.236046818502444 ], [ 137.001457494904855, -35.223196744683179 ], [ 136.943992839152514, -35.282121857962508 ], [ 136.882803622379157, -35.300297187598765 ], [ 136.825338966626816, -35.248086527306079 ], [ 136.846223112351623, -35.229448131946604 ], [ 136.846489152424567, -35.189971779042374 ], [ 136.889986704348217, -35.184183457502165 ], [ 136.894775425660896, -35.162072069218567 ], [ 136.941465458459675, -35.128384037854552 ], [ 136.960753363746932, -35.079877903347594 ], [ 136.930424795433197, -35.030098338101801 ], [ 136.970862886518177, -34.995599941722148 ], [ 136.976316708013201, -34.941884317829008 ], [ 137.012498157931333, -34.920467528130239 ], [ 137.009039636983289, -34.897545774831009 ], [ 137.09337434010132, -34.919888695976212 ], [ 137.276542930311933, -34.893841249045273 ], [ 137.309265859282021, -34.927760813270901 ], [ 137.346910529601274, -34.929728842594571 ], [ 137.375376817404515, -34.953692493771037 ], [ 137.448803877532526, -34.910280082219465 ], [ 137.459179440376687, -34.810257886004649 ], [ 137.509461014159996, -34.623410866686697 ], [ 137.473811644387695, -34.511233195237445 ], [ 137.483788147122482, -34.440731438877691 ], [ 137.46317004147059, -34.426607934319584 ], [ 137.426988591552458, -34.472567207348845 ], [ 137.415149808307177, -34.459601367098777 ], [ 137.44707461705849, -34.397666326618541 ], [ 137.476738085189908, -34.390951873631899 ], [ 137.500548671716928, -34.308410408468511 ], [ 137.49988357153461, -34.22644777545915 ], [ 137.450134077897161, -34.135339594416259 ], [ 137.52063469722296, -34.131403535768911 ], [ 137.567457750058196, -34.043652581219341 ], [ 137.530877240030662, -34.001166301114203 ], [ 137.630642267378477, -33.921750529582532 ], [ 137.625454485956396, -33.895124250497574 ], [ 137.600978799247059, -33.877411986584534 ], [ 137.642215010550842, -33.832147312140094 ], [ 137.72056381202799, -33.774842928892028 ], [ 137.755149021508572, -33.714181319150633 ], [ 137.861565050679587, -33.627240729616688 ], [ 137.87899067545635, -33.596794158315191 ], [ 137.919162726468414, -33.587069778127635 ], [ 137.912644744681671, -33.614390655797422 ], [ 137.901072001509334, -33.600382917670117 ], [ 137.893888919540302, -33.621336641645676 ], [ 137.919561786577788, -33.623999269554176 ], [ 137.936588351245149, -33.552571381747988 ], [ 137.950023374928008, -33.571904375692291 ], [ 137.976893422293699, -33.559748900457848 ], [ 137.970375440506956, -33.545162330176524 ], [ 137.940179892229679, -33.54875108953145 ], [ 137.943372373104808, -33.508348605180792 ], [ 137.870610413159142, -33.396749765885559 ], [ 137.880719935930387, -33.322427717309274 ], [ 137.851854588017744, -33.326132243095003 ], [ 137.811150456859821, -33.26628099836924 ], [ 137.838419564334913, -33.207008585797503 ], [ 137.907856023368993, -33.171468291540613 ], [ 137.929006209166715, -33.174709751603132 ], [ 137.940312912266137, -33.158155151998137 ], [ 137.958536657261675, -33.162554276368695 ], [ 138.000304948711317, -33.131876172205587 ], [ 138.011478631774253, -33.176793547357605 ], [ 138.024248555274795, -33.181887270312991 ], [ 138.020657014290265, -33.15109339971908 ], [ 138.048059141801815, -33.135812230852927 ], [ 138.054178063479128, -33.114163908292547 ], [ 138.024647615384168, -33.105828725274641 ], [ 138.045930821218377, -33.087769162069186 ], [ 138.018794733779771, -33.035558501776499 ], [ 137.952284715547876, -33.006385361213852 ], [ 137.956541356714723, -32.981842877883359 ], [ 137.902402201873969, -32.805646370199391 ], [ 137.905461662712639, -32.771379506681356 ], [ 137.942308212813117, -32.756214104246006 ], [ 137.838020504225511, -32.694742129488986 ], [ 137.859968810242037, -32.689416873671988 ], [ 137.867018872174611, -32.663369426741049 ], [ 137.803701334817845, -32.607685773524238 ], [ 137.834561983277439, -32.575155406468262 ], [ 137.781353968691946, -32.552465186030638 ], [ 137.783615309311813, -32.529311899869803 ], [ 137.766987804753853, -32.524912775499246 ], [ 137.757543382164926, -32.491456276996836 ], [ 137.770446325701926, -32.476406640992295 ], [ 137.757543382164926, -32.455800216309143 ], [ 137.765258544279817, -32.441329412458622 ], [ 137.761800023331773, -32.433804594456355 ], [ 137.753951841180395, -32.459273209233274 ], [ 137.765125524243359, -32.479879633916418 ], [ 137.752887680888705, -32.497128832106242 ], [ 137.76246512351409, -32.509400073771481 ], [ 137.750227280159407, -32.532553359932322 ], [ 137.765524584352761, -32.600276721952767 ], [ 137.750227280159407, -32.710023298355132 ], [ 137.752355600742845, -32.720673809989123 ], [ 137.783482289275355, -32.714769722018104 ], [ 137.810219316604588, -32.747531621935693 ], [ 137.797050332994672, -32.782145784746142 ], [ 137.811416496932765, -32.845122723103621 ], [ 137.792660671791367, -32.871054403603758 ], [ 137.799178653578082, -32.893628857610572 ], [ 137.790000271062098, -32.91574024589417 ], [ 137.759272642638962, -32.907983895030291 ], [ 137.75009426012295, -32.922223166019208 ], [ 137.783216249202439, -32.993187988102171 ], [ 137.72109589217385, -32.990293827332067 ], [ 137.69156544407889, -32.959499956738156 ], [ 137.64181595044144, -32.955216598798401 ], [ 137.608693961361979, -32.977906819236019 ], [ 137.599914638955369, -33.018077770725071 ], [ 137.585681495053734, -33.022129595803214 ], [ 137.595791017824979, -33.035095436053282 ], [ 137.563866209073666, -33.051534269227481 ], [ 137.540853742765449, -33.089852957823666 ], [ 137.448803877532526, -33.139632523069466 ], [ 137.438561334724795, -33.218122163154703 ], [ 137.378702318316101, -33.29313881031581 ], [ 137.385619360212218, -33.371744216831857 ], [ 137.360478573320563, -33.438541447405868 ], [ 137.314719680777017, -33.471419113754258 ], [ 137.27933635107766, -33.564032258397603 ], [ 137.209500831934179, -33.663591388889202 ], [ 137.167865560521022, -33.690449200835772 ], [ 137.069696773610758, -33.698784383853678 ], [ 136.990283811841891, -33.726105261523465 ], [ 136.857263775378129, -33.798343514345277 ], [ 136.799666099589302, -33.803321470869854 ], [ 136.77798383364572, -33.831105414262858 ], [ 136.727835279898869, -33.836314903649047 ], [ 136.664517742542102, -33.880306147354638 ], [ 136.593751083143388, -33.899060309144915 ], [ 136.574064117746758, -33.918856368812428 ], [ 136.576990558548943, -33.941662355680855 ], [ 136.504893698785594, -33.988663526587352 ], [ 136.434792139569197, -34.011585279886582 ], [ 136.363094339915222, -34.069352728857872 ], [ 136.323587389085475, -34.182340765322756 ], [ 136.277961516578387, -34.220775220349744 ], [ 136.259870791619335, -34.268934055564287 ], [ 136.187906951892415, -34.334805154691864 ], [ 136.131107396322392, -34.343719169863789 ], [ 136.108360970087091, -34.365251725993367 ], [ 136.103838288847328, -34.382500924183191 ], [ 136.125254514717994, -34.407622239667695 ], [ 136.091866485565589, -34.429502095089688 ], [ 136.116475192311384, -34.425450270011545 ], [ 136.121795993769922, -34.467357717962656 ], [ 136.095591046586577, -34.539248671492054 ], [ 136.084949443669473, -34.539827503646073 ], [ 136.082156022903717, -34.493983997047621 ], [ 136.056350135829746, -34.479050127473883 ], [ 136.028282908135907, -34.481944288243987 ], [ 136.015512984635365, -34.499309252864613 ], [ 136.023627206859658, -34.514821954592371 ], [ 135.972015432711714, -34.504981807974019 ], [ 135.940755724142747, -34.520494509701777 ], [ 135.902711993714092, -34.593890426831628 ], [ 135.931444321590277, -34.609171595697781 ], [ 135.935700962757124, -34.649226780756031 ], [ 135.909362995537293, -34.618201377300508 ], [ 135.8722504053639, -34.623989698840717 ], [ 135.853760620295418, -34.705605032557671 ] ] ], [ [ [ 135.913752656740598, -34.678052622026271 ], [ 135.942884044726156, -34.69449145520047 ], [ 135.948603906294096, -34.726674522964032 ], [ 135.931577341626735, -34.72644299010242 ], [ 135.912023396266562, -34.696227951662529 ], [ 135.913752656740598, -34.678052622026271 ] ] ], [ [ [ 135.331390937102213, -34.702826638218369 ], [ 135.325538055497788, -34.704100068957217 ], [ 135.329528656591719, -34.699700944586652 ], [ 135.331390937102213, -34.702826638218369 ] ] ], [ [ [ 135.946209545637743, -34.568306045623906 ], [ 135.959378529247658, -34.588102105291419 ], [ 135.954722827971437, -34.593195828246806 ], [ 135.946209545637743, -34.568306045623906 ] ] ], [ [ [ 134.250470120797587, -34.006723089792807 ], [ 134.239961537916969, -33.997924841051692 ], [ 134.243686098937928, -33.996882943174448 ], [ 134.250470120797587, -34.006723089792807 ] ] ], [ [ [ 134.259249443204197, -33.942356954265684 ], [ 134.276808088017418, -33.944209217158544 ], [ 134.268693865793125, -33.965278707564906 ], [ 134.259249443204197, -33.942356954265684 ] ] ], [ [ [ 134.446940714654573, -33.771833001691114 ], [ 134.47194848150977, -33.690449200835772 ], [ 134.527816896824561, -33.677946426308921 ], [ 134.547104802111789, -33.724252998630597 ], [ 134.507065771136212, -33.722863801460946 ], [ 134.446940714654573, -33.771833001691114 ] ] ], [ [ [ 134.781353086324515, -33.593899997545087 ], [ 134.808755213836037, -33.592279267513824 ], [ 134.812745814929968, -33.594941895422323 ], [ 134.806892933325543, -33.610338830719279 ], [ 134.781353086324515, -33.593899997545087 ] ] ], [ [ [ 134.763661421474836, -33.593899997545087 ], [ 134.75621229943286, -33.595289194714738 ], [ 134.757010419651635, -33.592395033944634 ], [ 134.763661421474836, -33.593899997545087 ] ] ], [ [ [ 134.676134237481648, -33.217196031708269 ], [ 134.67081343602311, -33.202377928565333 ], [ 134.681322018903757, -33.210365812290824 ], [ 134.676134237481648, -33.217196031708269 ] ] ], [ [ [ 134.266831585282631, -32.674714536959861 ], [ 134.27361560714229, -32.682355121392938 ], [ 134.259914543386515, -32.678882128468807 ], [ 134.266831585282631, -32.674714536959861 ] ] ], [ [ [ 133.289932437492695, -32.585342852379028 ], [ 133.276630433846321, -32.583259056624556 ], [ 133.283813515815353, -32.578859932253998 ], [ 133.289932437492695, -32.585342852379028 ] ] ], [ [ [ 133.275433253518145, -32.565431026280706 ], [ 133.298578739862847, -32.556285478247176 ], [ 133.291129617820872, -32.566588690588752 ], [ 133.275433253518145, -32.565431026280706 ] ] ], [ [ [ 133.252287767173442, -32.513336132418829 ], [ 133.253085887392245, -32.506968978724593 ], [ 133.255613268085057, -32.508589708755856 ], [ 133.252287767173442, -32.513336132418829 ] ] ], [ [ [ 133.269580371913747, -32.502454087923233 ], [ 133.286872976654024, -32.490877444842816 ], [ 133.310949603253988, -32.509631606633093 ], [ 133.287405056799884, -32.527228104115331 ], [ 133.269580371913747, -32.502454087923233 ] ] ], [ [ [ 133.330503548614161, -32.484510291148581 ], [ 133.336888510364417, -32.489256714811553 ], [ 133.333829049525747, -32.493308539889703 ], [ 133.330503548614161, -32.484510291148581 ] ] ], [ [ [ 133.625541989490785, -32.456842114186387 ], [ 133.633656211715078, -32.450243427630546 ], [ 133.654806397512829, -32.451401091938585 ], [ 133.639642113355961, -32.463209267880615 ], [ 133.625541989490785, -32.456842114186387 ] ] ], [ [ [ 133.66092531919017, -32.455221384155124 ], [ 133.672232022289592, -32.435078025195196 ], [ 133.683538725389013, -32.4406348138738 ], [ 133.66092531919017, -32.455221384155124 ] ] ], [ [ [ 133.375730361011819, -32.402894957431634 ], [ 133.368148218933385, -32.393286343674887 ], [ 133.381184182506843, -32.395833205152577 ], [ 133.375730361011819, -32.402894957431634 ] ] ], [ [ [ 133.485205851021504, -32.380088970563207 ], [ 133.476825588724296, -32.370711889668073 ], [ 133.485072830985047, -32.36851232748279 ], [ 133.485205851021504, -32.380088970563207 ] ] ], [ [ [ 133.814696481342281, -32.356009552955939 ], [ 133.855400612500205, -32.387613788565481 ], [ 133.788491534158908, -32.359482545880063 ], [ 133.814696481342281, -32.356009552955939 ] ] ], [ [ [ 133.82666828462402, -32.351726195016184 ], [ 133.831323985900241, -32.358440648002826 ], [ 133.817489902108008, -32.354157290063071 ], [ 133.82666828462402, -32.351726195016184 ] ] ], [ [ [ 133.530698703492135, -32.304609257678884 ], [ 133.52218542115844, -32.312944440696782 ], [ 133.501434295470091, -32.318385462944576 ], [ 133.512740998569512, -32.302293929062799 ], [ 133.530698703492135, -32.304609257678884 ] ] ], [ [ [ 133.542005406591556, -32.277867212163116 ], [ 133.623812729016777, -32.239316990705319 ], [ 133.673961282763599, -32.232371004857072 ], [ 133.614368306427849, -32.256797721756755 ], [ 133.607850324641106, -32.301136264754753 ], [ 133.571269814613572, -32.319080061529405 ], [ 133.549454528633504, -32.307503418448988 ], [ 133.542005406591556, -32.277867212163116 ] ] ], [ [ [ 133.227146980281788, -32.269879328437625 ], [ 133.23273382181327, -32.271963124192098 ], [ 133.228876240755824, -32.273236554930946 ], [ 133.227146980281788, -32.269879328437625 ] ] ], [ [ [ 137.973301881309169, -35.719834732833128 ], [ 138.064287586250373, -35.755838092813228 ], [ 138.072135768401751, -35.790915321346901 ], [ 138.125077742914328, -35.809437950275566 ], [ 138.13425612543034, -35.843589047362805 ], [ 138.040743039796297, -35.904250657104193 ], [ 137.909851323915944, -35.859680581244582 ], [ 137.873536853961326, -35.870562625740178 ], [ 137.818466558865339, -35.85296612825794 ], [ 137.737856416768295, -35.854239558996788 ], [ 137.726150653559472, -35.876698246572801 ], [ 137.662966136239191, -35.884107298144265 ], [ 137.615344963185152, -35.909575912921191 ], [ 137.598584438590706, -35.937128323452583 ], [ 137.618936504169682, -35.978920004972892 ], [ 137.602841079757553, -36.009135043412783 ], [ 137.541651862984224, -36.024068912986529 ], [ 137.458248300121454, -36.073153879647499 ], [ 137.371253196274125, -35.9984845317788 ], [ 137.209500831934179, -35.973942048448315 ], [ 137.179571323729846, -35.985634457959534 ], [ 137.189148766355231, -35.997558400332366 ], [ 137.162677779098942, -36.024763511571351 ], [ 137.131418070529946, -36.033677526743276 ], [ 137.102552722617304, -36.018164825015511 ], [ 136.996934813665092, -36.018164825015511 ], [ 136.914861451166928, -36.043401906930825 ], [ 136.841168350966001, -36.018049058584708 ], [ 136.700832212496721, -36.06146147013628 ], [ 136.704024693371849, -36.027773438772257 ], [ 136.665581902833821, -35.97567854491038 ], [ 136.62474475163944, -35.954377521642407 ], [ 136.595214303544481, -35.960976208198247 ], [ 136.533359986588835, -35.875424815833952 ], [ 136.564087615011971, -35.848914303179797 ], [ 136.587499141429589, -35.748892106964981 ], [ 136.697107651475733, -35.739515026069839 ], [ 136.717459717054709, -35.722497360741627 ], [ 136.758828948394921, -35.722728893603232 ], [ 136.783570675177202, -35.70027020602722 ], [ 137.072756234449429, -35.667392539678836 ], [ 137.142192693483508, -35.629536916805868 ], [ 137.204446070548556, -35.624443193850482 ], [ 137.324962223584748, -35.578020855098003 ], [ 137.44561139665737, -35.596196184734261 ], [ 137.490971229091542, -35.579757351560069 ], [ 137.526088518717955, -35.594691221133807 ], [ 137.571182311079184, -35.569454139218493 ], [ 137.63356870818069, -35.564476182693916 ], [ 137.626917706357489, -35.59677501688828 ], [ 137.607762821106718, -35.590639396055657 ], [ 137.569586070641606, -35.618654872310273 ], [ 137.583154114360923, -35.642386990625127 ], [ 137.641150850259123, -35.640303194870654 ], [ 137.643146150806075, -35.655005531582788 ], [ 137.605634500523308, -35.678737649897641 ], [ 137.5780993529753, -35.725970353665751 ], [ 137.696886245537456, -35.739746558931451 ], [ 137.780289808400227, -35.723886557911278 ], [ 137.803302274708471, -35.758153421429313 ], [ 137.746369699101962, -35.800523935103648 ], [ 137.754350901289797, -35.843010215208778 ], [ 137.772840686358251, -35.822866856248851 ], [ 137.813278777443259, -35.824950652003331 ], [ 137.765258544279817, -35.810595614583612 ], [ 137.779757728254367, -35.784316634791061 ], [ 137.85212062809066, -35.794967146425044 ], [ 137.892292679102724, -35.758269187860115 ], [ 137.900672941399932, -35.719718966402326 ], [ 137.973301881309169, -35.719834732833128 ] ] ], [ [ [ 136.854337334575916, -35.371146243250926 ], [ 136.86710725807643, -35.369757046081276 ], [ 136.866841218003515, -35.372535440420577 ], [ 136.854337334575916, -35.371146243250926 ] ] ], [ [ [ 136.831989968450017, -35.212661999479998 ], [ 136.833453188851109, -35.217524189573773 ], [ 136.828265407429029, -35.215556160250102 ], [ 136.831989968450017, -35.212661999479998 ] ] ], [ [ [ 136.494119075832032, -35.161840536356962 ], [ 136.485871833571281, -35.175964040915069 ], [ 136.442241261611144, -35.14794856466046 ], [ 136.454878165075201, -35.135561556564411 ], [ 136.494119075832032, -35.161840536356962 ] ] ], [ [ [ 136.470707549414414, -35.115765496896891 ], [ 136.472303789851964, -35.123521847760777 ], [ 136.463923527554755, -35.118659657666996 ], [ 136.470707549414414, -35.115765496896891 ] ] ], [ [ [ 136.271975614937531, -34.679673352057534 ], [ 136.265457633150788, -34.676316125564213 ], [ 136.278626616760704, -34.681062549227178 ], [ 136.271975614937531, -34.679673352057534 ] ] ], [ [ [ 136.355512197836788, -34.655478168019457 ], [ 136.344471534810282, -34.682567512827639 ], [ 136.335692212403671, -34.650847510787287 ], [ 136.355512197836788, -34.655478168019457 ] ] ], [ [ [ 136.254416970124311, -34.597131886894147 ], [ 136.248564088519913, -34.596900354032542 ], [ 136.251756569395042, -34.593427361108411 ], [ 136.254416970124311, -34.597131886894147 ] ] ], [ [ [ 136.306560824418113, -34.593890426831628 ], [ 136.321991148647896, -34.589375536030268 ], [ 136.325582689632427, -34.591806631077155 ], [ 136.306560824418113, -34.593890426831628 ] ] ], [ [ [ 136.290864460115387, -34.577683126519048 ], [ 136.296717341719784, -34.583818747351664 ], [ 136.288337079422575, -34.580693053719955 ], [ 136.290864460115387, -34.577683126519048 ] ] ], [ [ [ 136.215442099440423, -34.547120788786742 ], [ 136.214244919112247, -34.553024876757753 ], [ 136.209190157726624, -34.5515199131573 ], [ 136.215442099440423, -34.547120788786742 ] ] ], [ [ [ 136.283814398182813, -34.548278453094781 ], [ 136.270778434609355, -34.540985167954119 ], [ 136.279823797088881, -34.504171442958388 ], [ 136.301373042996033, -34.501971880773105 ], [ 136.283149298000495, -34.517947648224087 ], [ 136.283814398182813, -34.548278453094781 ] ] ], [ [ [ 136.255614150452487, -34.518989546101324 ], [ 136.25135750928564, -34.5266301305344 ], [ 136.25082542913978, -34.522115239733033 ], [ 136.255614150452487, -34.518989546101324 ] ] ], [ [ [ 137.363538034159234, -34.462495527868882 ], [ 137.366730515034362, -34.527787794842439 ], [ 137.341589728142708, -34.526514364103598 ], [ 137.340392547814531, -34.486922244768564 ], [ 137.363538034159234, -34.462495527868882 ] ] ], [ [ [ 136.28607573880268, -34.491900201293141 ], [ 136.282085137708776, -34.486922244768564 ], [ 136.287139899094399, -34.489006040523037 ], [ 136.28607573880268, -34.491900201293141 ] ] ], [ [ [ 138.524669932451502, -34.810257886004649 ], [ 138.537705896024931, -34.801343870832731 ], [ 138.543824817702273, -34.806784893080525 ], [ 138.524669932451502, -34.810257886004649 ] ] ], [ [ [ 138.513496249388538, -34.758162992142772 ], [ 138.546219178358626, -34.798333943631818 ], [ 138.529325633727723, -34.801922702986751 ], [ 138.523738792196241, -34.808984455265808 ], [ 138.513496249388538, -34.758162992142772 ] ] ], [ [ [ 138.631352001695433, -35.562160854077831 ], [ 138.630686901513116, -35.566907277740803 ], [ 138.626031200236895, -35.565055014847935 ], [ 138.631352001695433, -35.562160854077831 ] ] ] ] } },
{ "type": "Feature", "properties": { "STE_NAME21": "Tasmania" }, "geometry": { "type": "MultiPolygon", "coordinates": [ [ [ [ 146.274949336976675, -43.637100935531308 ], [ 146.282930539164511, -43.655739330890782 ], [ 146.268564375226418, -43.658517725230084 ], [ 146.274949336976675, -43.637100935531308 ] ] ], [ [ [ 146.294503282336848, -43.622745898111589 ], [ 146.292907041899269, -43.613831882939671 ], [ 146.2964985828838, -43.616610277278973 ], [ 146.294503282336848, -43.622745898111589 ] ] ], [ [ [ 145.921382080055963, -43.163153167818976 ], [ 145.925638721222811, -43.15701754698636 ], [ 145.920716979873646, -43.161069372064503 ], [ 145.919519799545469, -43.171488350836881 ], [ 145.927101941623903, -43.189432147611527 ], [ 145.917657519034975, -43.188853315457507 ], [ 145.909809336883626, -43.192557841243243 ], [ 145.926835901550987, -43.247546895875232 ], [ 145.872563726673775, -43.25842894037082 ], [ 145.86405044434008, -43.273247043513756 ], [ 145.880677948898068, -43.289685876687955 ], [ 145.902626254914566, -43.266416824096311 ], [ 145.923909460748774, -43.267458721973547 ], [ 145.926037781332212, -43.301262519768372 ], [ 145.867109905178751, -43.321174345866687 ], [ 145.843166298615273, -43.313302228572006 ], [ 145.851280520839566, -43.294200767489315 ], [ 145.81642927128604, -43.279382664346379 ], [ 145.794214925196599, -43.192673607674045 ], [ 145.759230655606643, -43.191168644073592 ], [ 145.75790045524198, -43.164889664281041 ], [ 145.721186925177989, -43.135137691564367 ], [ 145.731163427912776, -43.114762799742827 ], [ 145.701366939744901, -43.1195092234058 ], [ 145.664387369607965, -43.095082506506117 ], [ 145.685670575442174, -43.055143087878676 ], [ 145.645897584539512, -43.045650240552732 ], [ 145.591093329516411, -42.974916951331373 ], [ 145.501304804903384, -42.988808923027875 ], [ 145.484145220199565, -42.916223370913656 ], [ 145.451954371375308, -42.897700741984984 ], [ 145.411516280290328, -42.786333435551356 ], [ 145.38451321288818, -42.771631098839229 ], [ 145.392494415076015, -42.726250657963988 ], [ 145.366023427819727, -42.689668465829861 ], [ 145.366688528002044, -42.657832697358714 ], [ 145.332768418703779, -42.653086273695742 ], [ 145.33582787954245, -42.6325956154434 ], [ 145.311884272978972, -42.620671673070568 ], [ 145.263065919596755, -42.621713570947804 ], [ 145.300311529806606, -42.598907584079384 ], [ 145.301641730171269, -42.571007874255578 ], [ 145.277964163680707, -42.563251523391692 ], [ 145.255084717408948, -42.488697941953802 ], [ 145.235929832158149, -42.471217210902367 ], [ 145.253754517044285, -42.445053997540619 ], [ 145.216508906834434, -42.367374722471013 ], [ 145.223159908657635, -42.355335013667379 ], [ 145.196156841255487, -42.327088004551157 ], [ 145.213449445995764, -42.276729607151339 ], [ 145.190170939614603, -42.243620407941343 ], [ 145.189372819395828, -42.207153982238026 ], [ 145.167690553452246, -42.198124200635299 ], [ 145.177134976041174, -42.193030477679912 ], [ 145.214513606287483, -42.211321573746972 ], [ 145.221031588074226, -42.24199967791008 ], [ 145.254153577153687, -42.26688946053298 ], [ 145.252557336716137, -42.287495885216124 ], [ 145.315741854036418, -42.291547710294275 ], [ 145.310021992468478, -42.320373551564515 ], [ 145.33170425841206, -42.338664647631575 ], [ 145.424685263900244, -42.378141000535805 ], [ 145.451954371375308, -42.405346111774783 ], [ 145.447032630026172, -42.438223778123174 ], [ 145.473902677391834, -42.525858966241941 ], [ 145.480287639142091, -42.475616335272925 ], [ 145.458073293052649, -42.43475078519905 ], [ 145.491993402350914, -42.422248010672199 ], [ 145.531101293071259, -42.449568888341986 ], [ 145.610115194730753, -42.452694581973695 ], [ 145.61809639691856, -42.445980128987053 ], [ 145.613706735715255, -42.436255748799503 ], [ 145.622752098194809, -42.444938231109816 ], [ 145.626343639179311, -42.44586436255625 ], [ 145.666249650118459, -42.441465238185692 ], [ 145.615435996189291, -42.434982318060655 ], [ 145.592024469771673, -42.450726552650025 ], [ 145.513010568112179, -42.434519252337438 ], [ 145.556774160108773, -42.361354868069199 ], [ 145.547329737519846, -42.352672385758879 ], [ 145.512345467929862, -42.374204941888458 ], [ 145.50303406537742, -42.366680123886191 ], [ 145.526711631867954, -42.360544503053568 ], [ 145.494121722934324, -42.325119975227487 ], [ 145.482149919652585, -42.364943627424125 ], [ 145.463394094511216, -42.323499245196231 ], [ 145.432533446051622, -42.314353697162694 ], [ 145.42282298338975, -42.289811213832209 ], [ 145.36482624749155, -42.251608291666827 ], [ 145.369215908694855, -42.20796434725365 ], [ 145.346336462423096, -42.207385515099631 ], [ 145.35963846606947, -42.177286243090542 ], [ 145.331039158229743, -42.174392082320438 ], [ 145.330374058047425, -42.157027117699812 ], [ 145.307760651848582, -42.148923467543518 ], [ 145.31720507443751, -42.176707410936523 ], [ 145.293793548019892, -42.17913850598341 ], [ 145.268120680982378, -42.202407558575054 ], [ 145.289802946925988, -42.227065808336341 ], [ 145.224357088985812, -42.21977252319568 ], [ 145.258277198284077, -42.175549746628484 ], [ 145.265194240180193, -42.128317042860374 ], [ 145.214912666396884, -41.984882435093986 ], [ 145.174075515202503, -41.928504183292347 ], [ 145.030280855785151, -41.813548117503792 ], [ 144.969623719157681, -41.726491761539052 ], [ 144.921736506030726, -41.715957016335871 ], [ 144.911227923150079, -41.686552342911604 ], [ 145.006071209148757, -41.617671316583113 ], [ 145.060077343953054, -41.628206061786294 ], [ 145.062338684572921, -41.648233654315419 ], [ 145.079631289313227, -41.656337304471712 ], [ 145.083754910443588, -41.657031903056534 ], [ 145.094662553433636, -41.653327377270806 ], [ 145.101313555256809, -41.645918325699334 ], [ 145.08202564996958, -41.65622153804091 ], [ 145.060210363989512, -41.626701098185841 ], [ 145.005805169075842, -41.616397885844272 ], [ 144.917479864863878, -41.66536708607444 ], [ 144.87597761348718, -41.56893364921455 ], [ 144.784725868473032, -41.44517933468488 ], [ 144.748145358445498, -41.422720647108868 ], [ 144.778872986868635, -41.403966485318591 ], [ 144.780735267379129, -41.38023436700373 ], [ 144.683630640760583, -41.235179029206087 ], [ 144.694804323823519, -41.201606764272874 ], [ 144.672856017807021, -41.159467783460151 ], [ 144.675782458609206, -41.090007924977641 ], [ 144.660086094306479, -41.058287922937296 ], [ 144.682566480468864, -41.048216243457333 ], [ 144.68070419995837, -41.038839162562191 ], [ 144.693784503543924, -41.046518335805487 ], [ 144.681369300140688, -41.03744996539254 ], [ 144.659820054233563, -41.053309966412712 ], [ 144.639201948581672, -41.045437849118031 ], [ 144.609139420340853, -41.009434489137931 ], [ 144.632816986831415, -40.991490692363278 ], [ 144.632284906685555, -40.958497259584085 ], [ 144.613795121617102, -40.93592280557727 ], [ 144.655962473176118, -40.91369565086287 ], [ 144.65170583200927, -40.899687912735565 ], [ 144.68589198138045, -40.905592000706577 ], [ 144.713161088855543, -40.853265573983087 ], [ 144.69733170451633, -40.811126593170364 ], [ 144.71023464805333, -40.761462794355367 ], [ 144.686291041489852, -40.747107756935648 ], [ 144.678575879374961, -40.717587317080579 ], [ 144.697597744589274, -40.688529942948733 ], [ 144.68482782108876, -40.678805562761177 ], [ 144.692409963167194, -40.663408627464221 ], [ 144.726197052428972, -40.641528772042228 ], [ 144.746283077935004, -40.686214614332648 ], [ 144.736572615273161, -40.690266439410792 ], [ 144.77182292493606, -40.706242206861774 ], [ 144.769295544243249, -40.736920311024882 ], [ 144.785790028764751, -40.708441769047049 ], [ 144.811329875765807, -40.726732865114109 ], [ 144.83607160254806, -40.718281915665408 ], [ 144.840062203641963, -40.744445129027149 ], [ 144.905242021509224, -40.750349216998167 ], [ 144.92306670639536, -40.765167320141103 ], [ 144.979068141746609, -40.74328746471911 ], [ 145.002878728273629, -40.774197101743823 ], [ 145.013919391300107, -40.768524546634424 ], [ 145.008465569805111, -40.777785861098756 ], [ 145.023363813889034, -40.770492575958095 ], [ 145.017510932284637, -40.78785754057872 ], [ 145.052761241947536, -40.786931409132286 ], [ 145.064866065265733, -40.818882944034243 ], [ 145.075906728292239, -40.80823243240026 ], [ 145.098520134491082, -40.824902798436057 ], [ 145.104239996059022, -40.811126593170364 ], [ 145.121200271671654, -40.838553237512812 ], [ 145.131509103534086, -40.819461776188263 ], [ 145.160640491519672, -40.814946885386902 ], [ 145.109693817554046, -40.794687759996165 ], [ 145.197221001547206, -40.80360177516809 ], [ 145.248034655476346, -40.790635934918022 ], [ 145.219169307563732, -40.809042797415884 ], [ 145.258543238356992, -40.805222505199346 ], [ 145.269317861310554, -40.758800166446868 ], [ 145.250961096278559, -40.73009009160743 ], [ 145.260006458758085, -40.71237782769439 ], [ 145.308691792103843, -40.764125422263859 ], [ 145.288738786634269, -40.766440750879944 ], [ 145.269051821237639, -40.811010826739555 ], [ 145.279161344008884, -40.827681192775358 ], [ 145.291532207400024, -40.822124404096762 ], [ 145.286078385905, -40.79758192076627 ], [ 145.316406954218735, -40.848171851027701 ], [ 145.318136214692771, -40.838100171547737 ], [ 145.389434954237345, -40.85071871250539 ], [ 145.447032630026172, -40.874103531527837 ], [ 145.511680367747545, -40.853960172567909 ], [ 145.523386130956368, -40.888458568947556 ], [ 145.560764761202677, -40.916126745909757 ], [ 145.729301147402282, -40.944952587179998 ], [ 145.724512426089575, -40.968916238356464 ], [ 145.739410670173527, -40.985470837961465 ], [ 145.703096200218909, -40.973199596296219 ], [ 145.696445198395736, -40.974704559896672 ], [ 145.768542058159085, -40.99693171461108 ], [ 145.838377577302566, -41.038491863269776 ], [ 145.832265830979907, -41.049008248098509 ], [ 145.896773373310168, -41.044280184809992 ], [ 145.923244360566457, -41.077968216174007 ], [ 145.970599493547553, -41.066507339524392 ], [ 145.984566597376272, -41.076810551865968 ], [ 145.977383515407212, -41.077389384019988 ], [ 145.972594794094533, -41.082714639836979 ], [ 145.973791974422682, -41.087692596361556 ], [ 145.999331821423738, -41.077389384019988 ], [ 146.167203107441026, -41.150901067580641 ], [ 146.122641395225656, -41.157615520567283 ], [ 146.125434815991383, -41.164908805707952 ], [ 146.200458116556973, -41.152058731888687 ], [ 146.247680229501611, -41.156805155551659 ], [ 146.249276469939161, -41.174285886603087 ], [ 146.255395391616503, -41.151827199027075 ], [ 146.32336863024949, -41.154026761212357 ], [ 146.331881912583157, -41.157615520567283 ], [ 146.320974269593137, -41.172433623710219 ], [ 146.32496487068704, -41.176716981649975 ], [ 146.355958539183121, -41.161667345645434 ], [ 146.366733162136683, -41.192808515531759 ], [ 146.354628338818458, -41.206816253659063 ], [ 146.364205781443872, -41.208436983690319 ], [ 146.370989803303502, -41.226728079757386 ], [ 146.387750327897947, -41.237725890683784 ], [ 146.362343500933378, -41.200564866395638 ], [ 146.369659602938867, -41.193850413408995 ], [ 146.368861482720092, -41.172202090848614 ], [ 146.475277511891107, -41.156457856259244 ], [ 146.533274247789308, -41.118833766247882 ], [ 146.541787530123003, -41.155068659089594 ], [ 146.571717038327336, -41.188409391161201 ], [ 146.563868856175986, -41.237841657114586 ], [ 146.593665344343862, -41.217466765293047 ], [ 146.597256885328392, -41.239578153576652 ], [ 146.600183326130605, -41.216193334554205 ], [ 146.578368040150536, -41.184704865375465 ], [ 146.598986145802428, -41.157383987705678 ], [ 146.566662276941713, -41.163751141399906 ], [ 146.565332076577079, -41.147891140379734 ], [ 146.623993912657596, -41.131336540774733 ], [ 146.647272419038757, -41.093828217194179 ], [ 146.696622852566833, -41.090007924977641 ], [ 146.713516397197736, -41.074032157526666 ], [ 146.706333315228676, -41.064423543769919 ], [ 146.743578925438527, -41.084451136299037 ], [ 146.768320652220808, -41.078778581189638 ], [ 146.820065446405209, -41.137472161607356 ], [ 146.789337817982073, -41.139324424500224 ], [ 146.770848032913619, -41.161088513491414 ], [ 146.815542765165446, -41.144533913886413 ], [ 146.835894830744394, -41.190030121192457 ], [ 146.853187435484699, -41.187367493283958 ], [ 146.837092011072571, -41.163172309245887 ], [ 146.854783675922249, -41.172202090848614 ], [ 146.877796142230494, -41.149974936134207 ], [ 146.923288994701096, -41.16988676223253 ], [ 146.915706852622662, -41.197439172763922 ], [ 146.897483107627124, -41.202301362857703 ], [ 146.946434481045799, -41.259142680382553 ], [ 146.973304528411461, -41.255553921027627 ], [ 146.969313927317557, -41.306028084858248 ], [ 147.033030524783698, -41.351524292164292 ], [ 147.077193176889665, -41.341221079822724 ], [ 147.069478014774774, -41.356618015119679 ], [ 147.073867675978079, -41.383938892789466 ], [ 147.121621869068576, -41.408365609689149 ], [ 147.112310466516107, -41.421562982800829 ], [ 147.121222808959175, -41.443674371084427 ], [ 147.141578166240322, -41.429472137168375 ], [ 147.127341730636516, -41.432445027296417 ], [ 147.128139850855291, -41.411954369044082 ], [ 147.079720557582476, -41.366805461030445 ], [ 147.081848878165914, -41.341915678407545 ], [ 146.978226269760626, -41.308922245628352 ], [ 147.015471879970477, -41.276391878572376 ], [ 146.945636360826995, -41.228811875511859 ], [ 146.943641060280044, -41.208321217259517 ], [ 146.913179471929851, -41.214804137384554 ], [ 146.924486175029273, -41.18759902614557 ], [ 146.964525206004851, -41.190956252638891 ], [ 146.956410983780586, -41.179726908850881 ], [ 146.883649023834892, -41.131452307205542 ], [ 146.826583428191924, -41.130989241482325 ], [ 146.791998218711342, -41.055625295028797 ], [ 146.812217264253832, -41.060487485122572 ], [ 146.874603661355366, -41.018811570033066 ], [ 146.950691122212618, -41.024484125142472 ], [ 147.016003960116336, -40.981071713590907 ], [ 147.072936535722846, -40.999710108950374 ], [ 147.116301067610038, -40.9948479188566 ], [ 147.159000499314885, -41.013833613508488 ], [ 147.147161716069633, -41.028883249513029 ], [ 147.28044779260631, -40.941711127117479 ], [ 147.304524419206274, -40.957571128137651 ], [ 147.346026670582972, -40.939743097793809 ], [ 147.358530554010542, -40.97655682278954 ], [ 147.385799661485635, -40.981419012883315 ], [ 147.39896864509555, -41.008508357691497 ], [ 147.415197089544108, -41.013023248492857 ], [ 147.404422466590546, -41.00607726264461 ], [ 147.441535056763939, -41.002951569012893 ], [ 147.508045074995835, -40.966485143309576 ], [ 147.603287421103886, -40.847129953150464 ], [ 147.669930459372239, -40.821082506219518 ], [ 147.709969490347845, -40.861484990570183 ], [ 147.753334022235038, -40.856738566907211 ], [ 147.800024055033816, -40.883712145284584 ], [ 147.880501177094402, -40.868662509280043 ], [ 147.881432317349635, -40.880354918791262 ], [ 147.947676295508586, -40.791446299933646 ], [ 147.959648098790325, -40.756832137123197 ], [ 147.943552674378225, -40.742245566841873 ], [ 148.011924973120585, -40.745718559765997 ], [ 148.032543078772477, -40.750928049152186 ], [ 148.041056361106172, -40.773270970297396 ], [ 148.082957672592244, -40.773155203866587 ], [ 148.134436426703729, -40.826755061328925 ], [ 148.117675902109312, -40.815178418248507 ], [ 148.114483421234155, -40.830806886407075 ], [ 148.17221411705944, -40.838794770132559 ], [ 148.178333038736781, -40.820850973357913 ], [ 148.222495690842749, -40.845856522411616 ], [ 148.226752332009596, -40.876418860143922 ], [ 148.2597413010526, -40.891121196856055 ], [ 148.323723938591684, -40.98778616657755 ], [ 148.349263785592711, -40.992764123102127 ], [ 148.302174692684559, -41.028883249513029 ], [ 148.293794430387322, -41.056204127182816 ], [ 148.292464230022688, -41.033629673176002 ], [ 148.260007341125544, -41.045785148410445 ], [ 148.297785031481254, -41.063381645892676 ], [ 148.269451763714471, -41.129715810743477 ], [ 148.284882087944254, -41.167571433616445 ], [ 148.257213920359789, -41.190261654054062 ], [ 148.270781964079106, -41.186788661129938 ], [ 148.271846124370796, -41.209015815844346 ], [ 148.284216987761937, -41.208784282982734 ], [ 148.291001009621596, -41.251270563087871 ], [ 148.338356142602692, -41.259953045398184 ], [ 148.306032273742005, -41.303018157657341 ], [ 148.291666109803913, -41.304523121257795 ], [ 148.295257650788443, -41.282759032266611 ], [ 148.280093366631576, -41.281022535804546 ], [ 148.275304645318869, -41.316910129353843 ], [ 148.248035537843805, -41.327792173849438 ], [ 148.273309344771917, -41.338789984775836 ], [ 148.308293614361872, -41.31795202723108 ], [ 148.332370240961836, -41.277665309311224 ], [ 148.358575188145181, -41.282180200112585 ], [ 148.327315479576214, -41.306491150581465 ], [ 148.302041672648073, -41.365184730999189 ], [ 148.279162226376314, -41.372825315432266 ], [ 148.295656710897816, -41.371320351831812 ], [ 148.267323443131033, -41.461386634997467 ], [ 148.25242519904711, -41.455714079888061 ], [ 148.236196754598524, -41.459187072812185 ], [ 148.267057403058118, -41.463007365028723 ], [ 148.262002641672495, -41.498084593562389 ], [ 148.319600317461294, -41.598454089069619 ], [ 148.284216987761937, -41.718503877813561 ], [ 148.304303013267969, -41.748140084099433 ], [ 148.281689607069126, -41.761916289365132 ], [ 148.264397002328849, -41.807180963809564 ], [ 148.27424048502715, -41.85151950680757 ], [ 148.31095401509117, -41.873283595798753 ], [ 148.304036973195053, -41.890995859711794 ], [ 148.323590918555226, -41.917159073073542 ], [ 148.301775632575158, -41.940312359234376 ], [ 148.309756834762993, -41.961266083209935 ], [ 148.289404769184017, -41.982682872908711 ], [ 148.28355188757962, -42.034198934616569 ], [ 148.344741104352948, -42.116624633349147 ], [ 148.297785031481254, -42.166404198594947 ], [ 148.351658146249065, -42.179601571706627 ], [ 148.355781767379455, -42.193262010541524 ], [ 148.309091734580676, -42.279276468629028 ], [ 148.291533089767455, -42.280781432229482 ], [ 148.286877388491206, -42.258554277515081 ], [ 148.254154459521118, -42.247903765881098 ], [ 148.250961978645989, -42.23088610055288 ], [ 148.291932149876828, -42.191641280510261 ], [ 148.26120452145372, -42.160963176347153 ], [ 148.299115231845889, -42.127159378552328 ], [ 148.244443996859275, -42.110952078239748 ], [ 148.241384536020604, -42.091503317864642 ], [ 148.208528587014058, -42.077495579737338 ], [ 148.21983529011348, -42.068581564565413 ], [ 148.172746197205299, -42.078653244045377 ], [ 148.156783792829657, -42.065108571641289 ], [ 148.172480157132384, -42.043576015511711 ], [ 148.214514488654913, -42.035472365355417 ], [ 148.24524211707805, -41.997500976051647 ], [ 148.235664674452664, -41.984419369370769 ], [ 148.215844689019548, -41.9878923622949 ], [ 148.197088863878179, -42.020770028643284 ], [ 148.157581913048432, -42.00213163328381 ], [ 148.143481789183284, -42.029684043815209 ], [ 148.16489801505395, -42.051911198529609 ], [ 148.123129723604308, -42.067192367395762 ], [ 148.127386364771155, -42.08027397407664 ], [ 148.234733534197403, -42.09844930371289 ], [ 148.128051464953472, -42.091966383587859 ], [ 148.072715129784541, -42.112572808271004 ], [ 148.083888812847505, -42.167909162195407 ], [ 148.013388193521706, -42.239684349293995 ], [ 148.027222277313939, -42.258901576807496 ], [ 148.015649534141573, -42.285412089461651 ], [ 147.97122084196269, -42.321415449441751 ], [ 147.970289701707429, -42.333107858952978 ], [ 147.931713891132944, -42.342253406986508 ], [ 147.957253738134, -42.353366984343708 ], [ 147.990375727213461, -42.314932529316721 ], [ 148.018708994980244, -42.316900558640391 ], [ 148.022433556001232, -42.352788152189689 ], [ 147.980931304624534, -42.407082608236848 ], [ 148.010328732683035, -42.44134947175489 ], [ 147.994765388416766, -42.488697941953802 ], [ 148.010993832865353, -42.509535899498552 ], [ 147.995297468562626, -42.524932834795507 ], [ 147.96816138112402, -42.520881009717364 ], [ 147.949804616092024, -42.553295610342538 ], [ 147.932245971278803, -42.549938383849216 ], [ 147.908036324642381, -42.511156629529815 ], [ 147.898458882016996, -42.521691374732995 ], [ 147.916549606976076, -42.544960427324632 ], [ 147.873584135198286, -42.556421303974247 ], [ 147.945547974925177, -42.606316635650849 ], [ 147.931580871096486, -42.630859118981341 ], [ 147.957785818279831, -42.652507441541722 ], [ 147.934108251789297, -42.646950652863119 ], [ 147.96297359970194, -42.669409340439131 ], [ 147.938497912992602, -42.701939707495107 ], [ 147.946213075107494, -42.726250657963988 ], [ 147.882363457604896, -42.763874747975343 ], [ 147.869061453958523, -42.810644386020236 ], [ 147.880767217167318, -42.845374315261495 ], [ 147.861878371989462, -42.820484532638595 ], [ 147.83660456506135, -42.859266286957997 ], [ 147.842457446665748, -42.87651548514782 ], [ 147.828756382909972, -42.86794876926831 ], [ 147.790579632444889, -42.903025997801976 ], [ 147.728459275416299, -42.898626873431418 ], [ 147.722074313666042, -42.886587164627784 ], [ 147.668600259007604, -42.90128950133991 ], [ 147.639202830949102, -42.883924536719285 ], [ 147.676980521304813, -42.874315922962538 ], [ 147.680971122398745, -42.865054608498205 ], [ 147.644390612371211, -42.876862784440227 ], [ 147.610071442963545, -42.86586497351383 ], [ 147.621245126026508, -42.84248015449139 ], [ 147.596769439317171, -42.813307013928736 ], [ 147.596104339134854, -42.785986136258948 ], [ 147.581738175196762, -42.798604677216602 ], [ 147.531456601413453, -42.781123946165167 ], [ 147.535181162434441, -42.805319130203245 ], [ 147.512035676089738, -42.782976209058035 ], [ 147.486096768979309, -42.802540735863943 ], [ 147.448718138733, -42.768273872345908 ], [ 147.437145395560634, -42.785754603397336 ], [ 147.481175027630144, -42.826735919902021 ], [ 147.503655413792529, -42.812496648913104 ], [ 147.612598823656356, -42.844563950245863 ], [ 147.561785169727187, -42.83842832941324 ], [ 147.503788433828987, -42.864244243482574 ], [ 147.495940251677638, -42.913444976574354 ], [ 147.536378342762617, -42.941576219259773 ], [ 147.534383042215666, -42.957436220279945 ], [ 147.51403097663669, -42.952805563047775 ], [ 147.508710175178152, -42.965076804713021 ], [ 147.528264120538324, -42.985220163672949 ], [ 147.543694444768136, -42.961488045358088 ], [ 147.553138867357063, -42.986030528688573 ], [ 147.523209359152702, -42.993555346690847 ], [ 147.521879158788067, -43.02052892506822 ], [ 147.418655610492181, -43.049702065630875 ], [ 147.392317643272349, -42.97538001705459 ], [ 147.408413067684478, -42.962645709666134 ], [ 147.431292513956237, -43.028285275932106 ], [ 147.467074903764995, -43.027822210208889 ], [ 147.479179727083192, -42.985220163672949 ], [ 147.446057738003702, -42.965424104005429 ], [ 147.464547523072184, -42.92363242248512 ], [ 147.491417570437875, -42.927105415409244 ], [ 147.48343636825004, -42.909277385065401 ], [ 147.437145395560634, -42.908003954326553 ], [ 147.408945147830337, -42.938797824920471 ], [ 147.417192390091088, -42.907656655034145 ], [ 147.403225286262369, -42.883345704565265 ], [ 147.352411632333229, -42.875820886562991 ], [ 147.344829490254796, -42.838775628705655 ], [ 147.281644972934487, -42.801035772263489 ], [ 147.292685635960993, -42.789574895613875 ], [ 147.264219348157752, -42.77753518681024 ], [ 147.262623107720174, -42.730186716611328 ], [ 147.254508885495881, -42.757507594281115 ], [ 147.199039530290491, -42.725324526517554 ], [ 147.149955136835359, -42.751835039171709 ], [ 147.133726692386773, -42.771399565977617 ], [ 147.19864047018109, -42.740374162522095 ], [ 147.232560579479355, -42.751835039171709 ], [ 147.252779625021844, -42.765263945144994 ], [ 147.252779625021844, -42.784481172658488 ], [ 147.276324171475949, -42.792584822814781 ], [ 147.259297606808587, -42.791542924937545 ], [ 147.257302306261636, -42.815506576114011 ], [ 147.322083064019495, -42.832061175719012 ], [ 147.313170721576398, -42.849310373908835 ], [ 147.326738765295715, -42.847921176739185 ], [ 147.341503989343181, -42.882188040257219 ], [ 147.33219258679074, -42.900247603462674 ], [ 147.361989074958615, -42.926063517532008 ], [ 147.338710568577454, -42.973990819884939 ], [ 147.324344404639362, -42.974338119177354 ], [ 147.322785833592661, -42.978068257005297 ], [ 147.344430430145394, -43.048197102030421 ], [ 147.314101861831659, -43.059426445818431 ], [ 147.284970473846101, -43.008257683402981 ], [ 147.27313169060082, -43.015203669251228 ], [ 147.257967406443953, -43.072044986776085 ], [ 147.300400798075884, -43.091609513581993 ], [ 147.257435326298094, -43.106774916017343 ], [ 147.271934510272644, -43.119277690544195 ], [ 147.249454124110258, -43.124255647068772 ], [ 147.262490087683716, -43.131548932209434 ], [ 147.238945541229612, -43.154123386216249 ], [ 147.260095727027362, -43.228676967654145 ], [ 147.232161519369981, -43.275909671422255 ], [ 147.167114721539178, -43.283087190132115 ], [ 147.142239974720468, -43.265606459080679 ], [ 147.143836215158018, -43.249977990922119 ], [ 147.089031960134946, -43.243032005073864 ], [ 147.0914263207913, -43.220110251774635 ], [ 147.115369927354777, -43.210038572294671 ], [ 147.101801883635488, -43.206449812939745 ], [ 147.094352761593512, -43.168941489359185 ], [ 147.08211491823883, -43.165815795727475 ], [ 147.086504579442135, -43.191747476227611 ], [ 147.072271435540529, -43.201240323553556 ], [ 147.083312098567006, -43.206449812939745 ], [ 147.059634532076473, -43.220226018205445 ], [ 146.984478211474425, -43.189200614749922 ], [ 147.044869308028979, -43.050165131354092 ], [ 147.030237104017971, -43.057805715787168 ], [ 146.991395253370541, -43.118698858390175 ], [ 146.993124513844577, -43.128423238577724 ], [ 146.97224036811977, -43.13918951664251 ], [ 146.980753650453437, -43.158638277017616 ], [ 146.960933665020349, -43.157712145571182 ], [ 146.974235668666722, -43.169057255789994 ], [ 146.965722386333027, -43.191515943366007 ], [ 147.062693992915115, -43.248009961598449 ], [ 147.099274502942677, -43.291422373150013 ], [ 147.078656397290786, -43.295474198228163 ], [ 147.066152513863187, -43.332403689654697 ], [ 147.041942867226766, -43.312376097125572 ], [ 147.013476579423525, -43.315501790757288 ], [ 147.00177081621473, -43.334255952547565 ], [ 146.976230969213674, -43.325457703806443 ], [ 147.058703391821211, -43.357177705846794 ], [ 147.018664360845605, -43.400937416690773 ], [ 147.012545439168292, -43.420849242789096 ], [ 147.026379522960525, -43.435898878793637 ], [ 147.013077519314152, -43.443192163934299 ], [ 146.976097949177216, -43.432310119438711 ], [ 146.950957162285562, -43.447359755443252 ], [ 146.921692754263518, -43.418649680603814 ], [ 146.919564433680108, -43.44654939042762 ], [ 146.984079151365052, -43.455000339876328 ], [ 146.999110415485433, -43.477227494590728 ], [ 146.978758349906485, -43.485678444039436 ], [ 146.968781847171698, -43.469239610865245 ], [ 146.939384419113225, -43.481279319668879 ], [ 146.929407916378437, -43.496444722104229 ], [ 146.948163741519807, -43.511841657401185 ], [ 146.977827209651252, -43.494129393488144 ], [ 146.955878903634726, -43.509410562354297 ], [ 146.954415683233606, -43.531290417776283 ], [ 146.917569133133156, -43.54298282728751 ], [ 146.896684987408349, -43.525849395528489 ], [ 146.887107544782936, -43.553980638213908 ], [ 146.904001089413839, -43.560463558338938 ], [ 146.873938561173048, -43.587900202439535 ], [ 146.920761614008285, -43.570882537111316 ], [ 146.92155973422706, -43.59924531265834 ], [ 146.873805541136562, -43.623208963834806 ], [ 146.872209300699012, -43.637564001254525 ], [ 146.826982488301326, -43.643236556363931 ], [ 146.833899530197442, -43.618694073033446 ], [ 146.785081176815225, -43.600402976966386 ], [ 146.705269154936985, -43.633164876883967 ], [ 146.685848229613271, -43.596582684749848 ], [ 146.656450801554769, -43.604570568475332 ], [ 146.658579122138178, -43.583153778776563 ], [ 146.605105067479741, -43.566946478463976 ], [ 146.606568287880862, -43.551202243874606 ], [ 146.575308579311866, -43.524112899066424 ], [ 146.577835960004677, -43.483478881854154 ], [ 146.56213959570195, -43.465303552217897 ], [ 146.548704572019119, -43.475606764559473 ], [ 146.552296113003649, -43.51207319026279 ], [ 146.585684142156055, -43.539046768640162 ], [ 146.542319610268862, -43.523302534050799 ], [ 146.488313475464565, -43.541246330825444 ], [ 146.405841052857028, -43.539857133655794 ], [ 146.346115056484791, -43.514620051740479 ], [ 146.290911741352318, -43.544603557318766 ], [ 146.266702094715924, -43.526543994113311 ], [ 146.272954036429724, -43.498991583581919 ], [ 146.216287500896158, -43.485562677608634 ], [ 146.209769519109415, -43.534763410700414 ], [ 146.191678794150363, -43.538815235778557 ], [ 146.176647530029953, -43.510568226662336 ], [ 146.148048222190226, -43.501422678628806 ], [ 146.149511442591347, -43.525849395528489 ], [ 146.108275231287564, -43.526891293405725 ], [ 146.108275231287564, -43.557569397568834 ], [ 146.079276863338464, -43.54101479796384 ], [ 146.03338495075846, -43.566136113448344 ], [ 146.04269635331093, -43.508484430907863 ], [ 146.032054750393826, -43.468081946557199 ], [ 146.007180003575087, -43.463335522894226 ], [ 146.018087646565135, -43.455116106307131 ], [ 145.997203500840328, -43.408462234693047 ], [ 145.972860834167449, -43.404410409614897 ], [ 145.961687151104485, -43.381835955608082 ], [ 145.930693482608433, -43.389476540041159 ], [ 145.925106641076951, -43.378941794837978 ], [ 145.953306888807276, -43.35937726803207 ], [ 145.970732513584039, -43.369680480373646 ], [ 145.977516535443669, -43.355556975815531 ], [ 145.992148739454706, -43.39480179585815 ], [ 145.99919880138728, -43.367712451049975 ], [ 145.975122174787344, -43.349189822121303 ], [ 145.987360018141999, -43.329277996022981 ], [ 146.003189402481183, -43.345022230612351 ], [ 146.066240899765006, -43.352894347907039 ], [ 146.079409883374922, -43.370259312527665 ], [ 146.093510007240099, -43.367712451049975 ], [ 146.059057817795974, -43.34571682919718 ], [ 146.101757249500849, -43.346064128489587 ], [ 146.130622597413492, -43.355556975815531 ], [ 146.126765016356018, -43.373500772590184 ], [ 146.139933999965933, -43.406494205369377 ], [ 146.152384914337091, -43.415183273195211 ], [ 146.136874539127291, -43.375931867637071 ], [ 146.156561504523921, -43.392139167949658 ], [ 146.175982429847636, -43.383456685639345 ], [ 146.160552105617825, -43.363776392402627 ], [ 146.182367391597893, -43.360187633047701 ], [ 146.224268703083965, -43.384035517793365 ], [ 146.214026160276262, -43.36331332667941 ], [ 146.226663063740318, -43.360187633047701 ], [ 146.229722524578989, -43.324994638083226 ], [ 146.208705358817724, -43.330435660331027 ], [ 146.1903485937857, -43.315386024326479 ], [ 146.17784471035813, -43.32592076952966 ], [ 146.169198407987977, -43.291653906011625 ], [ 146.136475479017889, -43.34560106276637 ], [ 146.114128112891962, -43.348842522828889 ], [ 146.087923165708617, -43.326499601683686 ], [ 146.076749482645653, -43.333445587531934 ], [ 146.064644659327456, -43.28991740954956 ], [ 146.049214335097645, -43.337265879748472 ], [ 146.003455442554127, -43.334140186116763 ], [ 146.006647923429256, -43.321753178020714 ], [ 145.981507136537601, -43.321058579435885 ], [ 145.953439908843734, -43.281003394377642 ], [ 145.972062713948674, -43.274520474252604 ], [ 145.975521234896718, -43.2356229535024 ], [ 145.916726378779742, -43.209343973709849 ], [ 145.928166101915622, -43.204944849339292 ], [ 145.915130138342164, -43.193947038412894 ], [ 145.933220863301244, -43.190474045488763 ], [ 145.921382080055963, -43.163153167818976 ] ], [ [ 144.694671303787061, -41.047290112010899 ], [ 144.694816360439376, -41.047257880058005 ], [ 144.693784503543924, -41.046518335805487 ], [ 144.694671303787061, -41.047290112010899 ] ], [ [ 144.70092324550086, -41.045900914841248 ], [ 144.700657205427945, -41.046942812718484 ], [ 144.7066431070688, -41.050184272781003 ], [ 144.714757329293093, -41.050878871365825 ], [ 144.7175635593957, -41.049734069994535 ], [ 144.70092324550086, -41.045900914841248 ] ], [ [ 144.719093956364219, -41.049246791684489 ], [ 144.71901397045994, -41.049142374903766 ], [ 144.7175635593957, -41.049734069994535 ], [ 144.719093956364219, -41.049246791684489 ] ], [ [ 144.723004571553844, -41.054351864289956 ], [ 144.72832537301241, -41.055046462874778 ], [ 144.732182954069856, -41.052846900689495 ], [ 144.737370735491936, -41.055509528597995 ], [ 144.746102687453913, -41.056430662932307 ], [ 144.730187653522904, -41.052036535673871 ], [ 144.722871551517386, -41.053541499274324 ], [ 144.720876250970434, -41.04867930918055 ], [ 144.719093956364219, -41.049246791684489 ], [ 144.723004571553844, -41.054351864289956 ] ], [ [ 144.746542467006037, -41.056725076121381 ], [ 144.746150057898546, -41.056435660044428 ], [ 144.746102687453913, -41.056430662932307 ], [ 144.746542467006037, -41.056725076121381 ] ], [ [ 144.746542467006037, -41.056725076121381 ], [ 144.760649241873097, -41.064423543769919 ], [ 144.769162524206791, -41.073221792511035 ], [ 144.770359704534968, -41.069054201002082 ], [ 144.746542467006037, -41.056725076121381 ] ], [ [ 145.120865287714338, -40.839087716978717 ], [ 145.121399580762841, -40.839026302994171 ], [ 145.121200271671654, -40.838553237512812 ], [ 145.120865287714338, -40.839087716978717 ] ], [ [ 145.120865287714338, -40.839087716978717 ], [ 145.108629657262327, -40.842846595210709 ], [ 145.090272892230331, -40.84365696022634 ], [ 145.091470072558508, -40.847593018873681 ], [ 145.092534232850198, -40.844930390965182 ], [ 145.109959857626961, -40.843193894503123 ], [ 145.120865287714338, -40.839087716978717 ] ], [ [ 148.145211049657291, -42.037093095386673 ], [ 148.145784594901812, -42.037400266165669 ], [ 148.145692203722234, -42.036642139122741 ], [ 148.145211049657291, -42.037093095386673 ] ], [ [ 148.150664871152316, -42.044617913388947 ], [ 148.140422328344613, -42.043344482650099 ], [ 148.140289308308127, -42.05075353422157 ], [ 148.150664871152316, -42.044617913388947 ] ], [ [ 146.152437883393532, -43.415292454110492 ], [ 146.15682678965905, -43.415072090541301 ], [ 146.15616244441452, -43.414713621956473 ], [ 146.152437883393532, -43.415292454110492 ] ], [ [ 146.15682678965905, -43.415072090541301 ], [ 146.171060688498471, -43.416334351987729 ], [ 146.169464448060893, -43.411587928324757 ], [ 146.15682678965905, -43.415072090541301 ] ], [ [ 147.315831122305696, -42.975495783485393 ], [ 147.319954743436057, -42.979200309271128 ], [ 147.321098561820975, -42.978742936978932 ], [ 147.315831122305696, -42.975495783485393 ] ], [ [ 145.835983216646241, -41.056898725767645 ], [ 145.836116236682699, -41.051689236381456 ], [ 145.835851335696645, -41.051619071570393 ], [ 145.835983216646241, -41.056898725767645 ] ], [ [ 145.835325589499718, -41.051479816208889 ], [ 145.830975257457283, -41.0503275357649 ], [ 145.830662415187675, -41.05064733850422 ], [ 145.835325589499718, -41.051479816208889 ] ], [ [ 147.141175814428749, -41.425383275017367 ], [ 147.142117298584395, -41.427692400880161 ], [ 147.144501315340335, -41.417395391291876 ], [ 147.141175814428749, -41.425383275017367 ] ], [ [ 147.149047106512711, -41.420730424773588 ], [ 147.17270156307066, -41.436265319512955 ], [ 147.157537278913793, -41.417395391291876 ], [ 147.149047106512711, -41.420730424773588 ] ] ], [ [ [ 145.298848309405514, -42.190599382633025 ], [ 145.294990728348068, -42.185621426108447 ], [ 145.300710589916008, -42.186894856847289 ], [ 145.298848309405514, -42.190599382633025 ] ] ], [ [ [ 145.104106976022564, -40.79237243138008 ], [ 145.041188498775199, -40.778133160391171 ], [ 145.045711180014962, -40.750812282721384 ], [ 145.104106976022564, -40.79237243138008 ] ] ], [ [ [ 144.913622283806433, -40.747455056228063 ], [ 144.919608185447316, -40.751969947029423 ], [ 144.909764702748987, -40.750233450567357 ], [ 144.913622283806433, -40.747455056228063 ] ] ], [ [ [ 144.831415901271839, -40.701958848922018 ], [ 144.831016841162437, -40.691655636580442 ], [ 144.841392404006598, -40.696170527381803 ], [ 144.831415901271839, -40.701958848922018 ] ] ], [ [ [ 144.872785132612051, -40.677300599160723 ], [ 144.927988447744525, -40.622890376682754 ], [ 144.937432870333453, -40.649748188629331 ], [ 144.967362378537786, -40.659009503093664 ], [ 144.95472547507373, -40.629489063238594 ], [ 144.990108804773115, -40.66919694900443 ], [ 145.04424795961387, -40.682857387839327 ], [ 145.064067945046958, -40.711914761971173 ], [ 144.976673781090255, -40.707747170462227 ], [ 144.938230990552228, -40.7320581209311 ], [ 144.882628615310381, -40.735531113855231 ], [ 144.868395471408746, -40.723838704344004 ], [ 144.872785132612051, -40.677300599160723 ] ] ], [ [ [ 144.679240979557278, -40.629489063238594 ], [ 144.698262844771591, -40.634003954039962 ], [ 144.695602444042322, -40.636898114810066 ], [ 144.679240979557278, -40.629489063238594 ] ] ], [ [ [ 144.717683770095306, -40.599389791229505 ], [ 144.723004571553844, -40.60830380640143 ], [ 144.718215850241165, -40.607377674954996 ], [ 144.717683770095306, -40.599389791229505 ] ] ], [ [ [ 144.949670713688107, -40.620459281635867 ], [ 144.920140265593147, -40.613281762926007 ], [ 144.926126167234031, -40.578551833684756 ], [ 144.949670713688107, -40.620459281635867 ] ] ], [ [ [ 144.78845042949402, -40.488601316949904 ], [ 144.771290844790201, -40.533287159240317 ], [ 144.775946546066422, -40.581214461593248 ], [ 144.75732374096151, -40.605872711354543 ], [ 144.72686215261129, -40.576236505068671 ], [ 144.733114094325089, -40.550073291706923 ], [ 144.711032768272105, -40.48316029470211 ], [ 144.755993540596876, -40.485591389748997 ], [ 144.786588148983526, -40.400734595969524 ], [ 144.78845042949402, -40.488601316949904 ] ] ], [ [ [ 144.891407937716991, -40.388347587873483 ], [ 144.955390575256047, -40.391820580797607 ], [ 144.969756739194139, -40.426434743608056 ], [ 144.949404673615192, -40.436506423088019 ], [ 144.951666014235087, -40.460007008541268 ], [ 144.893137198191027, -40.483391827563715 ], [ 144.835672542438658, -40.444262773951898 ], [ 144.840461263751365, -40.430486568686206 ], [ 144.876243653560124, -40.423656349268754 ], [ 144.891407937716991, -40.388347587873483 ] ] ], [ [ [ 143.844274210674172, -39.715513092039558 ], [ 143.923022072260721, -39.668396154702258 ], [ 143.934594815433087, -39.638181116262366 ], [ 143.926879653318167, -39.592221843233105 ], [ 143.949759099589954, -39.579256002983037 ], [ 144.004164294503624, -39.598125931204116 ], [ 144.10898408323709, -39.669206519717882 ], [ 144.101934021304515, -39.765871489439377 ], [ 144.127872928414945, -39.821786675517799 ], [ 144.104993482143158, -39.89124653400031 ], [ 144.138248491259105, -39.93384858053625 ], [ 144.127739908378487, -39.992194861661559 ], [ 144.102998181596206, -40.045447419831483 ], [ 144.069477132407343, -40.052161872818125 ], [ 143.979156527648456, -40.11282348255952 ], [ 143.951355340027504, -40.111897351113086 ], [ 143.92102677171377, -40.134124505827494 ], [ 143.923953212515983, -40.156930492695913 ], [ 143.901472826353597, -40.139565528075288 ], [ 143.90439926715581, -40.12139019843903 ], [ 143.87540089920671, -40.116528008345256 ], [ 143.858241314502862, -40.062465085159701 ], [ 143.888037802670766, -40.0570240629119 ], [ 143.892560483910529, -40.006897198373693 ], [ 143.878992440191212, -39.967189312607857 ], [ 143.83349958772061, -39.917872813085275 ], [ 143.867286676982417, -39.831279522843744 ], [ 143.844274210674172, -39.715513092039558 ] ] ], [ [ [ 143.835760928340505, -39.687613382215751 ], [ 143.826981605933895, -39.685298053599666 ], [ 143.8313712671372, -39.683098491414384 ], [ 143.835760928340505, -39.687613382215751 ] ] ], [ [ [ 143.834563748012329, -39.670364184025928 ], [ 143.820463624147152, -39.669206519717882 ], [ 143.833233547647694, -39.667354256825021 ], [ 143.834563748012329, -39.670364184025928 ] ] ], [ [ [ 146.344651836083699, -43.605612466352575 ], [ 146.340794255026253, -43.588363268162752 ], [ 146.375512484543293, -43.588247501731942 ], [ 146.376044564689153, -43.598434947642716 ], [ 146.344651836083699, -43.605612466352575 ] ] ], [ [ [ 146.534604448153942, -43.563820784832259 ], [ 146.520238284215878, -43.575281661481874 ], [ 146.526357205893191, -43.565094215571108 ], [ 146.534604448153942, -43.563820784832259 ] ] ], [ [ [ 147.094219741557055, -43.39943245309032 ], [ 147.104595304401215, -43.396769825181821 ], [ 147.098875442833275, -43.408462234693047 ], [ 147.094219741557055, -43.39943245309032 ] ] ], [ [ [ 147.045933468320698, -43.338655076918123 ], [ 147.040745686898617, -43.335297850424801 ], [ 147.045534408211296, -43.334719018270782 ], [ 147.045933468320698, -43.338655076918123 ] ] ], [ [ [ 147.019063420955007, -43.103301923093213 ], [ 147.001105716032413, -43.117425427651327 ], [ 147.015737920043421, -43.089873017119928 ], [ 147.019063420955007, -43.103301923093213 ] ] ], [ [ [ 147.02930596376271, -43.07632834471584 ], [ 147.020393621319641, -43.090683382135559 ], [ 147.016003960116336, -43.089178418535106 ], [ 147.019728521137324, -43.081769366963634 ], [ 147.02930596376271, -43.07632834471584 ] ] ], [ [ [ 147.041410787080935, -43.053869657139828 ], [ 147.029039923689794, -43.075517979700209 ], [ 147.025049322595891, -43.076559877577445 ], [ 147.041410787080935, -43.053869657139828 ] ] ], [ [ [ 147.078922437363701, -41.375140644048351 ], [ 147.087302699660938, -41.377340206233626 ], [ 147.084908339004585, -41.384749257805097 ], [ 147.078922437363701, -41.375140644048351 ] ] ], [ [ [ 146.648735639439877, -39.477381543875353 ], [ 146.645942218674122, -39.465920667225738 ], [ 146.657514961846488, -39.462910740024832 ], [ 146.648735639439877, -39.477381543875353 ] ] ], [ [ [ 146.387883347934405, -39.22477919186062 ], [ 146.384424826986361, -39.235661236356215 ], [ 146.381365366147691, -39.227210286907507 ], [ 146.387883347934405, -39.22477919186062 ] ] ], [ [ [ 146.996316994719706, -39.221306198936496 ], [ 146.97796022968771, -39.228136418353941 ], [ 146.987404652276638, -39.207761526532408 ], [ 146.996316994719706, -39.221306198936496 ] ] ], [ [ [ 147.226574677838499, -43.320595513712668 ], [ 147.216066094957853, -43.31885901725061 ], [ 147.224712397328005, -43.31677522149613 ], [ 147.226574677838499, -43.320595513712668 ] ] ], [ [ [ 147.13798333355362, -43.290264708841974 ], [ 147.146629635923773, -43.28528675231739 ], [ 147.144102255230962, -43.294432300350927 ], [ 147.13798333355362, -43.290264708841974 ] ] ], [ [ [ 147.276058131403005, -43.165700029296673 ], [ 147.310111260737727, -43.135948056579998 ], [ 147.329266145988527, -43.152271123323388 ], [ 147.337247348176362, -43.136526888734018 ], [ 147.355870153281273, -43.140694480242963 ], [ 147.356934313572992, -43.118120026236149 ], [ 147.328468025769752, -43.130970100055414 ], [ 147.309047100446037, -43.111637106111118 ], [ 147.351214452005053, -43.063941336619791 ], [ 147.400697905569558, -43.127034041408074 ], [ 147.39125348298063, -43.155396816955097 ], [ 147.425572652388297, -43.205523681493311 ], [ 147.431026473883321, -43.250904122368553 ], [ 147.409344207939711, -43.240832442888589 ], [ 147.368640076781787, -43.256460911047149 ], [ 147.320353803545459, -43.310639600663507 ], [ 147.327004805368631, -43.358566903016445 ], [ 147.347888951093466, -43.368638582496409 ], [ 147.367043836344237, -43.35023171999854 ], [ 147.378882619589518, -43.39028690505679 ], [ 147.348554051275784, -43.405220774630529 ], [ 147.321018903727776, -43.46889231157283 ], [ 147.327270845441575, -43.497139320689051 ], [ 147.301331938331145, -43.514504285309677 ], [ 147.263288207902491, -43.487993772655521 ], [ 147.247724863636222, -43.493434794903315 ], [ 147.245862583125728, -43.440413769594997 ], [ 147.201566910983303, -43.437056543101676 ], [ 147.242005002068282, -43.425711432882871 ], [ 147.227239778020817, -43.41251405977119 ], [ 147.202897111347937, -43.418070848449794 ], [ 147.199039530290491, -43.436361944516854 ], [ 147.202498051238564, -43.454653040583914 ], [ 147.181480885477271, -43.468545012280416 ], [ 147.180815785294953, -43.489846035548389 ], [ 147.138116353590078, -43.492161364164474 ], [ 147.135588972897267, -43.458126033508037 ], [ 147.091692360864215, -43.41969157848105 ], [ 147.117232207865271, -43.413324424786822 ], [ 147.159133519351371, -43.463567055755838 ], [ 147.180682765258496, -43.456158004184367 ], [ 147.174430823544697, -43.437635375255702 ], [ 147.189595107701564, -43.427216396483324 ], [ 147.167912841757982, -43.408693767554652 ], [ 147.18560450660766, -43.38820310930231 ], [ 147.179352564893861, -43.353704712922664 ], [ 147.211942473827492, -43.382646320623714 ], [ 147.234289839953391, -43.364470990987456 ], [ 147.222318036671652, -43.339928507656971 ], [ 147.271136390053869, -43.295358431797354 ], [ 147.289360135049407, -43.24418966938191 ], [ 147.316496222488013, -43.295126898935749 ], [ 147.354939013026041, -43.261438867571734 ], [ 147.35134747204151, -43.212932733064775 ], [ 147.383272280792823, -43.206912878662962 ], [ 147.377685439261342, -43.176582073792261 ], [ 147.332990707009515, -43.185148789671771 ], [ 147.343100229780759, -43.172298715852506 ], [ 147.299336637784165, -43.180749665301214 ], [ 147.276058131403005, -43.165700029296673 ] ] ], [ [ [ 147.134125752496175, -43.257271276062781 ], [ 147.126676630454199, -43.262364999018168 ], [ 147.130135151402271, -43.252756385261421 ], [ 147.134125752496175, -43.257271276062781 ] ] ], [ [ [ 147.131199311693962, -39.523109284043002 ], [ 147.12561247016248, -39.523803882627831 ], [ 147.127341730636516, -39.51836286038003 ], [ 147.131199311693962, -39.523109284043002 ] ] ], [ [ [ 147.279383632314619, -39.44890300189752 ], [ 147.300134758002969, -39.439294388140773 ], [ 147.304790459279189, -39.454459790576124 ], [ 147.284438393700242, -39.480623003937872 ], [ 147.260361767100278, -39.479465339629826 ], [ 147.292552615924535, -39.459206214239096 ], [ 147.279383632314619, -39.44890300189752 ] ] ], [ [ [ 147.675384280867263, -43.134211560117933 ], [ 147.672856900174452, -43.140694480242963 ], [ 147.671393679773331, -43.130159735039783 ], [ 147.675384280867263, -43.134211560117933 ] ] ], [ [ [ 147.483835428359413, -43.044145276952278 ], [ 147.486096768979309, -43.063362504465772 ], [ 147.472129665150618, -43.045997539845146 ], [ 147.483835428359413, -43.044145276952278 ] ] ], [ [ [ 147.644523632407669, -42.958825417449596 ], [ 147.641597191605456, -42.942965416429416 ], [ 147.648913293610974, -42.954310526648229 ], [ 147.644523632407669, -42.958825417449596 ] ] ], [ [ [ 147.784460710767547, -42.95049023443169 ], [ 147.788318291824993, -42.945280745045501 ], [ 147.78951547215317, -42.949679869416059 ], [ 147.784460710767547, -42.95049023443169 ] ] ], [ [ [ 147.63414806956348, -40.807074768092214 ], [ 147.617387544969063, -40.808348198831062 ], [ 147.643592492152408, -40.7818376861769 ], [ 147.63414806956348, -40.807074768092214 ] ] ], [ [ [ 147.792308892918925, -40.302680429078386 ], [ 147.797895734450378, -40.293419114614046 ], [ 147.800689155216133, -40.313099407850757 ], [ 147.792308892918925, -40.302680429078386 ] ] ], [ [ [ 147.783928630621688, -40.040469463306906 ], [ 147.756526503110166, -40.094763919354065 ], [ 147.726064914759945, -40.100899540186688 ], [ 147.775814408397395, -40.02298873225547 ], [ 147.783928630621688, -40.040469463306906 ] ] ], [ [ [ 147.779006889272523, -39.919030477393314 ], [ 147.78379561058523, -39.922735003179049 ], [ 147.774218167959845, -39.924355733210305 ], [ 147.779006889272523, -39.919030477393314 ] ] ], [ [ [ 147.776745548652656, -39.910116462221396 ], [ 147.770626626975314, -39.905833104281641 ], [ 147.775282328251564, -39.903749308527161 ], [ 147.776745548652656, -39.910116462221396 ] ] ], [ [ [ 147.684163603273873, -39.6888868129546 ], [ 147.675517300903721, -39.686455717907705 ], [ 147.684429643346789, -39.684719221445647 ], [ 147.684163603273873, -39.6888868129546 ] ] ], [ [ [ 147.312638641430567, -39.472172054489164 ], [ 147.321950043983009, -39.451912929098434 ], [ 147.359860754375205, -39.468120229411014 ], [ 147.346292710655888, -39.470782857319513 ], [ 147.35134747204151, -39.494167676341959 ], [ 147.329266145988527, -39.491389282002658 ], [ 147.324876484785221, -39.504933954406745 ], [ 147.312638641430567, -39.472172054489164 ] ] ], [ [ [ 147.375823158750848, -39.44635614041983 ], [ 147.378616579516574, -39.442188548910877 ], [ 147.381942080428189, -39.44635614041983 ], [ 147.375823158750848, -39.44635614041983 ] ] ], [ [ [ 147.999820149802389, -43.245926165843969 ], [ 148.000485249984706, -43.23157112842425 ], [ 148.00953061246426, -43.236317552087222 ], [ 147.999820149802389, -43.245926165843969 ] ] ], [ [ [ 147.802950495836001, -42.893417384045229 ], [ 147.900720222636892, -42.900131837031871 ], [ 147.904178743584936, -42.882535339549634 ], [ 147.861080251770687, -42.87501052154736 ], [ 147.90391270351202, -42.842364388060581 ], [ 147.935305432117474, -42.875242054408972 ], [ 147.972551042327325, -42.867833002837507 ], [ 147.957519778206915, -42.880220010933549 ], [ 147.998755989510698, -42.914371108020788 ], [ 147.986119086046614, -42.942502350706199 ], [ 147.994632368380309, -42.971675491268854 ], [ 147.926393089674406, -43.020644691499029 ], [ 147.95313011700361, -43.040440751166543 ], [ 147.945947035034578, -43.060699876557273 ], [ 147.979734124296357, -43.106080317432514 ], [ 147.978802984041124, -43.123676814914752 ], [ 147.954327297331787, -43.136526888734018 ], [ 148.002081490422285, -43.140231414519747 ], [ 147.963638699884257, -43.19105287764279 ], [ 148.010195712646578, -43.219299886759011 ], [ 148.003012630677517, -43.227403536915304 ], [ 147.949139515909707, -43.215479594542472 ], [ 147.945680994961634, -43.195104702720933 ], [ 147.897261701688819, -43.19105287764279 ], [ 147.887418218990518, -43.124024114207167 ], [ 147.867332193484486, -43.129233603593356 ], [ 147.864937832828133, -43.111058273957099 ], [ 147.850438648853583, -43.124139880637969 ], [ 147.866001993119852, -43.136989954457235 ], [ 147.846048987650278, -43.15493375123188 ], [ 147.862144412062406, -43.164773897850239 ], [ 147.870391654323157, -43.151808057600171 ], [ 147.853365089655796, -43.181444263886043 ], [ 147.870923734468988, -43.186306453979817 ], [ 147.872386954870109, -43.207954776540198 ], [ 147.843255566884551, -43.188042950441876 ], [ 147.804413716237121, -43.21131200303352 ], [ 147.795767413866969, -43.239559012149741 ], [ 147.771690787267033, -43.210848937310303 ], [ 147.711698750821881, -43.193831271982084 ], [ 147.715556331879327, -43.178318570254326 ], [ 147.694539166118034, -43.167089226466324 ], [ 147.689484404732411, -43.138031852334471 ], [ 147.703451508561102, -43.122171851314299 ], [ 147.73045457596325, -43.125297544946008 ], [ 147.734046116947781, -43.110826741095487 ], [ 147.717551632426279, -43.103880755247239 ], [ 147.744687719864885, -43.111174040387901 ], [ 147.740697118770981, -43.09658747010657 ], [ 147.686424943893741, -43.102491558077588 ], [ 147.62377250671932, -43.06776162883633 ], [ 147.618451705260753, -43.008373449833783 ], [ 147.679374881961166, -42.991818850228782 ], [ 147.664476637877215, -42.943660015014245 ], [ 147.675650320940179, -42.93474599984232 ], [ 147.705446809108082, -42.956625855264313 ], [ 147.725931894723487, -42.949448336554454 ], [ 147.729789475780933, -42.970980892684032 ], [ 147.707575129691492, -43.006752719802527 ], [ 147.726330954832889, -43.023770385130739 ], [ 147.739632958479262, -43.014509070666406 ], [ 147.749343421141106, -43.043334911936647 ], [ 147.766369985808467, -43.032684400302664 ], [ 147.77342004774107, -43.054448489293847 ], [ 147.806675056856989, -43.047386737014797 ], [ 147.840595166155254, -43.060468343695668 ], [ 147.842058386556374, -43.030716370978993 ], [ 147.86041515158837, -43.055837686463498 ], [ 147.871056754505474, -43.02458075014637 ], [ 147.923466648872193, -43.018676662175359 ], [ 147.84751220805137, -43.013235639927558 ], [ 147.839131945754161, -42.990661185920743 ], [ 147.855360390202748, -42.983367900780081 ], [ 147.811596798206153, -42.964150673266587 ], [ 147.864538772718731, -42.944817679322284 ], [ 147.813459078716647, -42.936598262735188 ], [ 147.821839341013856, -42.90788818789575 ], [ 147.802950495836001, -42.893417384045229 ] ] ], [ [ [ 148.019773155271963, -42.659800726682384 ], [ 148.037863880231043, -42.649150215048401 ], [ 148.028685497715031, -42.624491965287106 ], [ 148.072715129784541, -42.569271377793513 ], [ 148.120203282802123, -42.585015612382882 ], [ 148.140688368417528, -42.631090651842946 ], [ 148.168888616147854, -42.648108317171165 ], [ 148.144545949474974, -42.667325544684658 ], [ 148.083223712665188, -42.660842624559621 ], [ 148.069389628872955, -42.68376437785885 ], [ 148.087081293722633, -42.689436932968256 ], [ 148.09346625547289, -42.720230803562167 ], [ 148.014053293704023, -42.741184527537726 ], [ 148.03906106055922, -42.68376437785885 ], [ 148.0665962081072, -42.674387296963708 ], [ 148.049702663476324, -42.655633135173431 ], [ 148.019773155271963, -42.659800726682384 ] ] ], [ [ [ 147.976807683494172, -42.318173989379233 ], [ 147.983325665280887, -42.31863705510245 ], [ 147.976807683494172, -42.322920413042205 ], [ 147.976807683494172, -42.318173989379233 ] ] ], [ [ [ 148.236994874817299, -42.317710923656016 ], [ 148.253755399411745, -42.293515739617945 ], [ 148.29445953056964, -42.291895009586689 ], [ 148.34514016446235, -42.341790341263291 ], [ 148.236994874817299, -42.317710923656016 ] ] ], [ [ [ 148.342346743696595, -41.34480983917765 ], [ 148.343942984134173, -41.353145022195555 ], [ 148.336094801982824, -41.347125167793735 ], [ 148.342346743696595, -41.34480983917765 ] ] ], [ [ [ 148.123794823786625, -40.728237828714562 ], [ 148.116877781890508, -40.739814471794986 ], [ 148.090672834707163, -40.740509070379808 ], [ 148.093865315582292, -40.734373449547185 ], [ 148.123794823786625, -40.728237828714562 ] ] ], [ [ [ 148.115281541452958, -40.509323508063851 ], [ 148.192832222711331, -40.489411681965535 ], [ 148.214514488654913, -40.502724821508011 ], [ 148.227683472264829, -40.485359856887385 ], [ 148.248434597953178, -40.487906718365075 ], [ 148.231940113431676, -40.537338984318467 ], [ 148.19243316260193, -40.574268475745001 ], [ 148.199749264607448, -40.586423950979437 ], [ 148.178066998663837, -40.59313840396608 ], [ 148.148137490459504, -40.565585993434688 ], [ 148.113419260942464, -40.564312562695839 ], [ 148.121134423057356, -40.538033582903289 ], [ 148.097323836530336, -40.53490788927158 ], [ 148.115281541452958, -40.509323508063851 ] ] ], [ [ [ 148.318403137133117, -40.501219857907557 ], [ 148.304303013267969, -40.52113168400588 ], [ 148.31667387665911, -40.497515332121829 ], [ 148.318403137133117, -40.501219857907557 ] ] ], [ [ [ 148.336626882128655, -40.504924383693293 ], [ 148.339553322930868, -40.494968470644132 ], [ 148.349130765556254, -40.519279421113012 ], [ 148.336626882128655, -40.504924383693293 ] ] ], [ [ [ 148.076838750914931, -40.480150367501196 ], [ 148.063669767305015, -40.482581462548083 ], [ 148.05156494398679, -40.470657520175251 ], [ 148.061940506830979, -40.46938408943641 ], [ 148.076838750914931, -40.480150367501196 ] ] ], [ [ [ 147.989045526848827, -40.414742334096836 ], [ 147.989045526848827, -40.385569193534181 ], [ 148.079233111571256, -40.342619847705826 ], [ 148.13536756695899, -40.33752612475044 ], [ 148.194162423075966, -40.353501892201422 ], [ 148.212519188107962, -40.317498532221322 ], [ 148.26692438302166, -40.335673861857572 ], [ 148.331306080670117, -40.295155611076112 ], [ 148.408457701819088, -40.377002477654671 ], [ 148.452221293815683, -40.37758130980869 ], [ 148.448895792904096, -40.405249486770892 ], [ 148.4818847619471, -40.434769926625954 ], [ 148.437722109841133, -40.439747883150538 ], [ 148.396751938610294, -40.489295915534726 ], [ 148.377863093432438, -40.47656160814627 ], [ 148.351126066103205, -40.492884674889659 ], [ 148.31042193494531, -40.428402772931726 ], [ 148.275038605245953, -40.429791970101377 ], [ 148.227018372082512, -40.466026862943089 ], [ 148.199217184461588, -40.437201021672848 ], [ 148.142284608855107, -40.460007008541268 ], [ 148.129913745463966, -40.439979416012143 ], [ 148.077237811024304, -40.455260584878296 ], [ 148.046111122491794, -40.448661898322456 ], [ 148.018309934870871, -40.414395034804421 ], [ 147.989045526848827, -40.414742334096836 ] ] ], [ [ [ 147.987715326484192, -40.366236199589878 ], [ 148.005140951260955, -40.351649629308554 ], [ 148.023763756365867, -40.350491965000508 ], [ 148.0152504740322, -40.362068608080932 ], [ 147.987715326484192, -40.366236199589878 ] ] ], [ [ [ 147.83660456506135, -40.303143494801603 ], [ 147.903380623366161, -40.291566851721178 ], [ 147.905242903876655, -40.315762035759256 ], [ 147.846714087832595, -40.322244955884287 ], [ 147.856690590567382, -40.309626414926633 ], [ 147.83660456506135, -40.303143494801603 ] ] ], [ [ [ 148.09758987660328, -40.306616487725726 ], [ 148.115946641635276, -40.303143494801603 ], [ 148.09865403689497, -40.310321013511462 ], [ 148.09758987660328, -40.306616487725726 ] ] ], [ [ [ 148.165696135272725, -40.292608749598422 ], [ 148.137894947651802, -40.301059699047123 ], [ 148.131909046010918, -40.297934005415414 ], [ 148.165696135272725, -40.292608749598422 ] ] ], [ [ [ 148.312949315638122, -40.289714588828311 ], [ 148.279561286485716, -40.286588895196601 ], [ 148.294725570642584, -40.257994586787966 ], [ 148.316274816549708, -40.271191959899646 ], [ 148.312949315638122, -40.289714588828311 ] ] ], [ [ [ 147.931447851060028, -40.257878820357163 ], [ 147.927191209893181, -40.282074004395241 ], [ 147.914554306429125, -40.27871677790192 ], [ 147.931447851060028, -40.257878820357163 ] ] ], [ [ [ 148.203207785555492, -40.255447725310276 ], [ 148.211721067889187, -40.248385973031219 ], [ 148.215046568800773, -40.255331958879474 ], [ 148.203207785555492, -40.255447725310276 ] ] ], [ [ [ 148.244976077005134, -40.242366118629405 ], [ 148.266392302875801, -40.256142323895098 ], [ 148.227949512337773, -40.240513855736538 ], [ 148.244976077005134, -40.242366118629405 ] ] ], [ [ [ 148.256947880286873, -40.230673709118179 ], [ 148.246439297406226, -40.223148891115905 ], [ 148.259608281016142, -40.223033124685102 ], [ 148.256947880286873, -40.230673709118179 ] ] ], [ [ [ 147.899123982199313, -40.186450932550983 ], [ 147.89672962154296, -40.181357209595596 ], [ 147.916815647048992, -40.184367136796503 ], [ 147.899123982199313, -40.186450932550983 ] ] ], [ [ [ 147.986651166192473, -40.185987866827766 ], [ 147.973748222655502, -40.194207283414862 ], [ 147.971486882035606, -40.177999983102275 ], [ 147.975610503165996, -40.174990055901368 ], [ 147.986651166192473, -40.185987866827766 ] ] ], [ [ [ 147.891142780011506, -40.104025233818405 ], [ 147.886088018625884, -40.1011310730483 ], [ 147.891142780011506, -40.095574284369697 ], [ 147.891142780011506, -40.104025233818405 ] ] ], [ [ [ 147.811596798206153, -39.833826384321434 ], [ 147.84538388746796, -39.832205654290178 ], [ 147.841925366519888, -39.80743163809808 ], [ 147.86972655414084, -39.786825213414936 ], [ 147.848975428452491, -39.750358787711619 ], [ 147.883826678005988, -39.761240832207214 ], [ 147.945414954888719, -39.721764479302983 ], [ 147.962574539592538, -39.763093095100082 ], [ 147.985187945791381, -39.772354409564414 ], [ 147.961377359264361, -39.733341122383401 ], [ 148.113818321051838, -39.897382154832933 ], [ 148.185782160778757, -39.946351355063101 ], [ 148.174342437642878, -39.946119822201496 ], [ 148.291134029658053, -39.965337049714989 ], [ 148.286212288308889, -40.067906107407495 ], [ 148.223692871170925, -40.119306402684558 ], [ 148.279295246412772, -40.116296475483644 ], [ 148.287675508710009, -40.080756181226761 ], [ 148.333833461362929, -40.209488452281015 ], [ 148.283285847506704, -40.231368307703008 ], [ 148.257346940396246, -40.209604218711817 ], [ 148.210257847488094, -40.210646116589054 ], [ 148.184451960414123, -40.250122469493284 ], [ 148.120336302838581, -40.273275755654119 ], [ 148.046111122491794, -40.249543637339265 ], [ 148.025226976766987, -40.225811519024404 ], [ 148.041854481324947, -40.204163196464023 ], [ 148.01578255417806, -40.164802609990602 ], [ 148.007668331953766, -40.106340562434482 ], [ 147.966698160722927, -40.075778224702184 ], [ 147.95525843758702, -40.096268882954519 ], [ 147.933842211716353, -40.034681141766697 ], [ 147.859350991296651, -40.023567564409497 ], [ 147.906839144314233, -39.975177196333348 ], [ 147.882097417531952, -39.91497865231517 ], [ 147.848177308233687, -39.897960986986952 ], [ 147.804413716237121, -39.916483615915624 ], [ 147.748279260849415, -39.874460401533703 ], [ 147.811596798206153, -39.833826384321434 ] ] ], [ [ [ 148.355382707270053, -39.946814420786318 ], [ 148.355515727306511, -39.952486975895724 ], [ 148.351924186322009, -39.950750479433658 ], [ 148.355382707270053, -39.946814420786318 ] ] ], [ [ [ 148.329443800159623, -39.932112084074191 ], [ 148.34154862347782, -39.958506830297544 ], [ 148.315343676294475, -39.947277486509535 ], [ 148.329443800159623, -39.932112084074191 ] ] ], [ [ [ 147.930915770914169, -39.686687250769317 ], [ 147.93344315160698, -39.703820682528338 ], [ 147.888349359245751, -39.691086375139875 ], [ 147.900587202600434, -39.68170929424474 ], [ 147.930915770914169, -39.686687250769317 ] ] ], [ [ [ 147.980931304624534, -39.639801846293622 ], [ 148.01112685290181, -39.648484328603935 ], [ 147.967230240868759, -39.663765497470088 ], [ 147.980931304624534, -39.639801846293622 ] ] ] ] } },
{ "type": "Feature", "properties": { "STE_NAME21": "Victoria" }, "geometry": { "type": "MultiPolygon", "coordinates": [ [ [ [ 144.251448542289779, -38.39647037945668 ], [ 144.179351682526431, -38.429348045805071 ], [ 144.131597489435933, -38.435715199499299 ], [ 144.1048604621067, -38.469171698001709 ], [ 144.036488163364339, -38.475770384557549 ], [ 143.979688607794287, -38.532264402789991 ], [ 143.973037605971115, -38.566299733446421 ], [ 143.926613613245252, -38.590494917484492 ], [ 143.84068266968967, -38.69074864656092 ], [ 143.68531526709998, -38.73531872242053 ], [ 143.661504680572961, -38.782782959050245 ], [ 143.616011828102359, -38.795517266438701 ], [ 143.555620731547805, -38.854905445441254 ], [ 143.511325059405351, -38.857683839780549 ], [ 143.427389416396721, -38.782667192619442 ], [ 143.373117241519509, -38.759745439320213 ], [ 143.303547762448943, -38.750021059132656 ], [ 143.265504032020317, -38.769238286646157 ], [ 143.233579223269004, -38.766112593014441 ], [ 143.123039572967599, -38.676740908433608 ], [ 143.036576549266158, -38.631707766850781 ], [ 142.935747361626625, -38.626961343187808 ], [ 142.861123121170436, -38.605660319919842 ], [ 142.563291259528057, -38.421938994233599 ], [ 142.492125540019941, -38.393807751548181 ], [ 142.469778173894042, -38.401679868842869 ], [ 142.372274487166095, -38.34935344211938 ], [ 142.261468796791775, -38.364518844554723 ], [ 142.244841292233787, -38.39647037945668 ], [ 142.162900949772109, -38.39195548865532 ], [ 141.921336563553893, -38.275610225697115 ], [ 141.742025554400726, -38.253151538121102 ], [ 141.678574997007502, -38.268316940556446 ], [ 141.601556395894988, -38.313465848570083 ], [ 141.649975689167803, -38.392418554378537 ], [ 141.627761343078362, -38.404689796043776 ], [ 141.57867694962323, -38.38790366357717 ], [ 141.545155900434366, -38.432010673713563 ], [ 141.525069874928334, -38.42136016207958 ], [ 141.519083973287451, -38.389987459331643 ], [ 141.461087237389251, -38.362087749507836 ], [ 141.40668204247558, -38.369381034648498 ], [ 141.413466064335211, -38.394155050840595 ], [ 141.374358173614866, -38.386745999269131 ], [ 141.364647710953022, -38.370075633233327 ], [ 141.39790272006897, -38.338008331900568 ], [ 141.392049838464544, -38.319717235833508 ], [ 141.306118894908963, -38.229650952667853 ], [ 141.148091091590004, -38.125808464236499 ], [ 140.965853641634624, -38.056001306461575 ], [ 140.963725321051214, -33.980675642861868 ], [ 140.989797248198101, -34.031728638846509 ], [ 140.996049189911901, -34.020846594350914 ], [ 141.011745554214627, -34.025708784444696 ], [ 141.00176905147984, -34.037864259679132 ], [ 141.023318297386965, -34.059744115101125 ], [ 141.033028760048836, -34.036127763217067 ], [ 141.041009962236672, -34.059744115101125 ], [ 141.066283769164784, -34.050714333498398 ], [ 141.092089656238755, -34.076530247567732 ], [ 141.093153816530446, -34.051177399221615 ], [ 141.120289903969081, -34.064837838056505 ], [ 141.145962771006566, -34.055808056453778 ], [ 141.157003434033072, -34.084170832000808 ], [ 141.175493219101526, -34.074099152520844 ], [ 141.184272541508136, -34.091927182864687 ], [ 141.207151987779923, -34.061133312270776 ], [ 141.231760694525718, -34.07317302107441 ], [ 141.24253531747928, -34.061712144424796 ], [ 141.243333437698055, -34.087875357786537 ], [ 141.261025102547734, -34.078961342614619 ], [ 141.318090698190701, -34.112880906840246 ], [ 141.323278479612782, -34.137539156601534 ], [ 141.357597649020448, -34.110681344654964 ], [ 141.386462996933062, -34.133718864384996 ], [ 141.409076403131905, -34.128509374998806 ], [ 141.40827828291313, -34.14726353678909 ], [ 141.434749270169419, -34.146916237496676 ], [ 141.444060672721889, -34.167638428610623 ], [ 141.494608286578114, -34.154556821929752 ], [ 141.518684913178049, -34.180951568153105 ], [ 141.512832031573652, -34.216376095979186 ], [ 141.533051077116141, -34.211398139454602 ], [ 141.536376578027756, -34.191602079787089 ], [ 141.600891295712671, -34.192180911941108 ], [ 141.589983652722651, -34.175279013043699 ], [ 141.603817736514884, -34.16555463285615 ], [ 141.583465670935908, -34.153051858329299 ], [ 141.620312221036386, -34.15490412122216 ], [ 141.611931958739177, -34.139854485217619 ], [ 141.629756643625313, -34.144137843157374 ], [ 141.631751944172265, -34.122721053458598 ], [ 141.677510836715811, -34.101188497329019 ], [ 141.704912964227333, -34.095631708650423 ], [ 141.723402749295815, -34.112765140409437 ], [ 141.731516971520108, -34.091001051418253 ], [ 141.759052119068087, -34.096557840096857 ], [ 141.756923798484678, -34.112070541824615 ], [ 141.775147543480216, -34.102346161637065 ], [ 141.77647774384485, -34.116701199056784 ], [ 141.877839011630243, -34.136844558016712 ], [ 141.899122217464452, -34.111491709670595 ], [ 141.922400723845612, -34.114385870440699 ], [ 141.929583805814644, -34.137423390170731 ], [ 141.942885809461018, -34.119826892688494 ], [ 141.971618137337202, -34.135223827985449 ], [ 141.975076658285275, -34.113459738994266 ], [ 142.022298771229913, -34.125267914936295 ], [ 142.013253408750359, -34.105356088837972 ], [ 142.035866814949202, -34.099915066590178 ], [ 142.028816753016628, -34.124110250628249 ], [ 142.074442625523687, -34.130477404322477 ], [ 142.065264243007704, -34.14726353678909 ], [ 142.084951208404334, -34.173774049443246 ], [ 142.165827390574321, -34.152241493313667 ], [ 142.165960410610779, -34.182688064615164 ], [ 142.220365605524449, -34.181646166737927 ], [ 142.243378071832694, -34.209198577269326 ], [ 142.232470428842646, -34.253884419559739 ], [ 142.248565853254775, -34.286530553046518 ], [ 142.235928949790718, -34.306905444868057 ], [ 142.28607750353757, -34.296486466095679 ], [ 142.298847427038083, -34.305168948405992 ], [ 142.283417102808272, -34.326354205243163 ], [ 142.396750173875404, -34.338046614754383 ], [ 142.389035011760512, -34.363283696669697 ], [ 142.364027244905316, -34.361199900915217 ], [ 142.377196228515231, -34.367219755317038 ], [ 142.352055441623577, -34.394540632986825 ], [ 142.351656381514204, -34.421745744225809 ], [ 142.36735274581693, -34.434943117337482 ], [ 142.353917722134071, -34.470599178025175 ], [ 142.384113270411348, -34.478123996027449 ], [ 142.360036643811412, -34.499656552157028 ], [ 142.392227492635641, -34.492247500585556 ], [ 142.374934887895364, -34.515285020315588 ], [ 142.398213394276524, -34.523851736195098 ], [ 142.367618785889846, -34.529987357027721 ], [ 142.392493532708585, -34.549320350972017 ], [ 142.405795536354958, -34.541795532969751 ], [ 142.406327616500818, -34.565990717007821 ], [ 142.42641364200685, -34.562517724083698 ], [ 142.44969214838801, -34.58289261590523 ], [ 142.448627988096291, -34.559970862606008 ], [ 142.467915893383548, -34.564254220545756 ], [ 142.468314953492921, -34.612181522898695 ], [ 142.452352549117279, -34.633482546166661 ], [ 142.484011317795648, -34.638113203398831 ], [ 142.474300855133805, -34.671917001193648 ], [ 142.516069146583419, -34.664276416760572 ], [ 142.497978421624339, -34.672380066916865 ], [ 142.513541765890608, -34.691365761568754 ], [ 142.499707682098375, -34.703173937510783 ], [ 142.518862567349146, -34.703984302526408 ], [ 142.499574662061917, -34.739177297490883 ], [ 142.556773277741343, -34.775412190332595 ], [ 142.632195638416306, -34.784094672642908 ], [ 142.646428782317912, -34.763951313682981 ], [ 142.621687055535659, -34.758510291435179 ], [ 142.617829474478214, -34.729221384441722 ], [ 142.663322326948816, -34.722506931455079 ], [ 142.679550771397402, -34.739061531060081 ], [ 142.677688490886908, -34.723201530039901 ], [ 142.698439616575257, -34.725516858655986 ], [ 142.678885671215085, -34.680136417780751 ], [ 142.710943500002855, -34.668328241838722 ], [ 142.689394254095703, -34.651426342941313 ], [ 142.707484979054783, -34.618895975885337 ], [ 142.690857474496823, -34.615654515822818 ], [ 142.703361357924422, -34.597479186186561 ], [ 142.763486414406032, -34.59666882117093 ], [ 142.748322130249164, -34.576756995072614 ], [ 142.780512979073393, -34.579188090119501 ], [ 142.770004396192746, -34.568884877777926 ], [ 142.793016862500991, -34.550478015280063 ], [ 142.80911228691312, -34.561938891929678 ], [ 142.787962101115369, -34.590648966769116 ], [ 142.81070852735067, -34.589259769599465 ], [ 142.805387725892132, -34.608592763543761 ], [ 142.822813350668866, -34.600141814095053 ], [ 142.844229576539533, -34.626652326749216 ], [ 142.866842982738376, -34.627231158903236 ], [ 142.855137219529581, -34.639733933430087 ], [ 142.871897744123999, -34.652352474387747 ], [ 142.862054261425698, -34.666707511807459 ], [ 142.88679598820795, -34.679789118488337 ], [ 142.902093292401275, -34.65443627014222 ], [ 142.924706698600119, -34.649574080048446 ], [ 142.956897547424347, -34.665434081068618 ], [ 142.973525051982335, -34.695186053785292 ], [ 142.976717532857464, -34.67018050473159 ], [ 142.990684636686154, -34.667633643253893 ], [ 143.016224483687211, -34.672380066916865 ], [ 143.013830123030857, -34.694838754492878 ], [ 143.032718968208712, -34.683030578550856 ], [ 143.040035070214202, -34.702479338925954 ], [ 143.040434130323604, -34.68592473932096 ], [ 143.0525389536418, -34.699353645294245 ], [ 143.0716938388926, -34.679557585626725 ], [ 143.090050603924595, -34.701321674617915 ], [ 143.114127230524531, -34.681757147812007 ], [ 143.109604549284768, -34.70166897391033 ], [ 143.125433933623952, -34.69240765944599 ], [ 143.117319711399659, -34.702016273202737 ], [ 143.146584119421703, -34.7147505805912 ], [ 143.161748403578571, -34.697848681693792 ], [ 143.164275784271382, -34.71729744206889 ], [ 143.193540192293398, -34.713014084129135 ], [ 143.200856294298916, -34.733388975950675 ], [ 143.218813999221538, -34.729452917303334 ], [ 143.224666880825936, -34.758741824296791 ], [ 143.265637052056775, -34.748438611955216 ], [ 143.271356913624714, -34.759667955743225 ], [ 143.252601088483317, -34.774601825316964 ], [ 143.273485234208124, -34.777032920363851 ], [ 143.275879594864477, -34.791735257075985 ], [ 143.307538363542847, -34.780042847564758 ], [ 143.349306654992489, -34.792429855660806 ], [ 143.359416177763734, -34.817319638283706 ], [ 143.341724512914055, -34.845335114538322 ], [ 143.352499135867617, -34.858069421926778 ], [ 143.322303587590341, -34.891757453290801 ], [ 143.342256593059915, -34.91919409739139 ], [ 143.341192432768196, -34.940495120659357 ], [ 143.319776206897529, -34.948367237954045 ], [ 143.319643186861072, -34.993631912398477 ], [ 143.337999951893067, -35.010533811295893 ], [ 143.322702647699742, -35.035539360349595 ], [ 143.348109474664312, -35.062628705157771 ], [ 143.347045314372593, -35.104767685970494 ], [ 143.359549197800192, -35.102105058062001 ], [ 143.391207966478561, -35.146675133921612 ], [ 143.38242864407195, -35.170291485805663 ], [ 143.396395747900669, -35.19309747267409 ], [ 143.446411281611034, -35.189856012611571 ], [ 143.471552068502689, -35.219260686035838 ], [ 143.570785015704672, -35.20687367793979 ], [ 143.580894538475917, -35.218913386743424 ], [ 143.563734953772098, -35.243340103643106 ], [ 143.590871041210704, -35.281658792239291 ], [ 143.562271733370977, -35.337689744748516 ], [ 143.596191842669242, -35.350424052136979 ], [ 143.61960336908686, -35.386890477840296 ], [ 143.642349795322161, -35.401013982398403 ], [ 143.683053926480085, -35.368715148204039 ], [ 143.708593773481141, -35.391984200795676 ], [ 143.762466888248952, -35.391984200795676 ], [ 143.763797088613586, -35.423588436405218 ], [ 143.790135055833417, -35.422430772097179 ], [ 143.907192687921537, -35.499762747874378 ], [ 143.965455463892681, -35.502193842921265 ], [ 143.974367806335749, -35.532061582068742 ], [ 143.996981212534592, -35.536808005731714 ], [ 143.993389671550062, -35.556488298968425 ], [ 144.047794866463761, -35.55614099967601 ], [ 144.062161030401825, -35.576631657928353 ], [ 144.1048604621067, -35.590755162486467 ], [ 144.117497365570756, -35.625948157450935 ], [ 144.153279755379515, -35.646091516410863 ], [ 144.16338927815076, -35.671907430480196 ], [ 144.213537831897611, -35.686725533623132 ], [ 144.261292024988109, -35.749123639826585 ], [ 144.296675354687466, -35.737431230315366 ], [ 144.294946094213429, -35.75410159635117 ], [ 144.328733183475237, -35.755027727797604 ], [ 144.325008622454249, -35.768225100909277 ], [ 144.346557868361373, -35.767877801616869 ], [ 144.352410749965799, -35.786400430545534 ], [ 144.377152476748051, -35.794504080701827 ], [ 144.366776913903863, -35.824371819849311 ], [ 144.382340258170132, -35.818583498309096 ], [ 144.374891136128156, -35.840579120161891 ], [ 144.405618764551292, -35.859912114106194 ], [ 144.408146145244103, -35.904250657104193 ], [ 144.439139813740155, -35.931108469050763 ], [ 144.517887675326705, -35.96907985835454 ], [ 144.515759354743295, -35.994432706700657 ], [ 144.565109788271343, -36.010408474151632 ], [ 144.583333533266881, -36.039002782560267 ], [ 144.615125321981736, -36.034950957482117 ], [ 144.616721562419286, -36.076626872571623 ], [ 144.632683966794957, -36.048032564162995 ], [ 144.663943675363925, -36.076626872571623 ], [ 144.687887281927402, -36.061229937274668 ], [ 144.683896680833499, -36.095149501500295 ], [ 144.719413030569342, -36.086119719897567 ], [ 144.727128192684233, -36.117955488368722 ], [ 144.740297176294149, -36.107536509596343 ], [ 144.777941846613402, -36.129879430741553 ], [ 144.797096731864173, -36.113672130428967 ], [ 144.805743034234325, -36.123859576339733 ], [ 144.810398735510546, -36.103831983810608 ], [ 144.840860323860767, -36.100706290178898 ], [ 144.863473730059582, -36.059146141520195 ], [ 144.932644149020746, -36.067018258814876 ], [ 144.946478232812979, -36.082299427681029 ], [ 144.982393642658195, -36.071533149616243 ], [ 144.962041577079248, -36.019090956461945 ], [ 144.92359878654122, -35.988760151591251 ], [ 144.930914888546738, -35.968501026200521 ], [ 144.956853795657167, -35.961786573213878 ], [ 144.94900561350579, -35.932034600497197 ], [ 144.974944520616248, -35.883412699559443 ], [ 144.968160498756589, -35.865816202077205 ], [ 145.121266560726383, -35.820551527632773 ], [ 145.159443311191495, -35.831317805697559 ], [ 145.153058349441238, -35.841157952315918 ], [ 145.246571435075253, -35.830391674251125 ], [ 145.26639142050837, -35.852503062534723 ], [ 145.324787216515944, -35.850766566072664 ], [ 145.358175245668349, -35.866047734938817 ], [ 145.410319099962152, -35.848798536748994 ], [ 145.420295602696939, -35.82819211206585 ], [ 145.442243908713465, -35.835601163637314 ], [ 145.471508316735481, -35.811290213168434 ], [ 145.521390830409416, -35.818583498309096 ], [ 145.532431493435894, -35.804807293043403 ], [ 145.536688134602741, -35.819856929047944 ], [ 145.562227981603797, -35.813026709630499 ], [ 145.55797134043695, -35.82819211206585 ], [ 145.592423529881074, -35.848798536748994 ], [ 145.599606611850106, -35.873341020079479 ], [ 145.625013438814676, -35.86211167629147 ], [ 145.620490757574913, -35.883991531713463 ], [ 145.673831792196893, -35.925898979664581 ], [ 145.695647078176961, -35.920457957416779 ], [ 145.700169759416724, -35.937012557021781 ], [ 145.726241686563611, -35.942337812838772 ], [ 145.716132163792366, -35.950209930133454 ], [ 145.778252520820956, -35.960281609613418 ], [ 145.812172630119221, -35.991770078792158 ], [ 145.859261723027373, -35.974057814879117 ], [ 145.855005081860554, -35.959587011028596 ], [ 145.902759274951052, -35.952525258749539 ], [ 145.925372681149895, -35.972437084847861 ], [ 145.953040848734332, -35.961091974629049 ], [ 145.944926626510068, -35.981119567158174 ], [ 145.97179667387573, -36.015617963537821 ], [ 146.031522670247966, -35.994664239562262 ], [ 146.092179806875464, -36.021290518647227 ], [ 146.093510007240099, -36.009482342705198 ], [ 146.11785267391295, -36.018049058584708 ], [ 146.134746218543853, -36.00253635685695 ], [ 146.133682058252134, -36.019901321477576 ], [ 146.173854109264198, -36.019669788615964 ], [ 146.185958932582423, -36.042012709761174 ], [ 146.284925839711462, -36.013997233506565 ], [ 146.283595639346828, -36.038192417544636 ], [ 146.298493883430751, -36.047801031301383 ], [ 146.339863114770992, -36.026615774464219 ], [ 146.369792622975353, -36.050579425640684 ], [ 146.386819187642715, -36.036803220374985 ], [ 146.380833286001831, -36.012608036336914 ], [ 146.426060098399518, -35.963870368968351 ], [ 146.445214983650288, -35.974752413463946 ], [ 146.455058466348618, -35.962712704660312 ], [ 146.467961409885618, -35.984592560082298 ], [ 146.494166357068963, -35.991422779499743 ], [ 146.501216419001537, -35.958313580289747 ], [ 146.549635712274352, -35.992464677376987 ], [ 146.563469796066585, -35.968848325492928 ], [ 146.583954881682018, -35.983897961497476 ], [ 146.612554189521717, -35.972900150571078 ], [ 146.612820229594661, -35.994664239562262 ], [ 146.650863960023287, -36.007745846243139 ], [ 146.65684986166417, -36.026384241602607 ], [ 146.681458568409965, -36.0233743144017 ], [ 146.682655748738142, -36.039002782560267 ], [ 146.727217460953483, -36.026847307325824 ], [ 146.735996783360093, -36.048148330593797 ], [ 146.750495967334643, -36.041549644037957 ], [ 146.750362947298186, -36.06146147013628 ], [ 146.804103042029567, -36.058335776504563 ], [ 146.825785307973149, -36.088782347806067 ], [ 146.873007420917787, -36.073616945370716 ], [ 146.880589562996221, -36.087508917067218 ], [ 146.90187276883043, -36.082994026265858 ], [ 146.907725650434827, -36.111241035382079 ], [ 146.924087114919871, -36.098159428701202 ], [ 146.941911799806036, -36.115408626891025 ], [ 146.960268564838032, -36.081489062665405 ], [ 147.016136980152794, -36.089476946390889 ], [ 147.013210539350609, -36.103253151656588 ], [ 147.035025825330649, -36.114945561167808 ], [ 147.052983530253272, -36.107883808888758 ], [ 147.061496812586967, -36.066670959522469 ], [ 147.095416921885203, -36.052663221395157 ], [ 147.097279202395697, -36.022563949386075 ], [ 147.123085089469669, -35.997326867470761 ], [ 147.145299435559139, -36.037729351821419 ], [ 147.207286772551242, -36.050116359917467 ], [ 147.285635574028419, -36.039581614714287 ], [ 147.317959442889105, -36.060303805828234 ], [ 147.352278612296743, -36.032288329573625 ], [ 147.353209752552004, -36.000336794671668 ], [ 147.391652543090032, -35.973942048448315 ], [ 147.390322342725398, -35.949631097979434 ], [ 147.404289446554088, -35.943495477146811 ], [ 147.45337384000922, -35.960397376044227 ], [ 147.464015442926325, -35.944074309300838 ], [ 147.494077971167144, -35.943495477146811 ], [ 147.523475399225617, -35.961439273921464 ], [ 147.522145198860983, -35.987139421559995 ], [ 147.555267187940473, -36.003230955441772 ], [ 147.583866495780171, -35.985634457959534 ], [ 147.548217126007899, -35.978804238542089 ], [ 147.552739807247661, -35.966764529738455 ], [ 147.600627020374617, -35.979035771403701 ], [ 147.646784973027536, -35.946042338624508 ], [ 147.708373249910267, -35.928561607573073 ], [ 147.777011588725571, -35.968616792631323 ], [ 147.912825045955088, -35.995474604577893 ], [ 147.923333628835735, -36.041781176899569 ], [ 147.997558809182522, -36.047801031301383 ], [ 147.980399224478674, -36.086351252759179 ], [ 147.996893709000204, -36.100474757317286 ], [ 147.990774787322863, -36.120618116277214 ], [ 148.004342831042152, -36.14006687665232 ], [ 148.034671399355915, -36.141224540960359 ], [ 148.021901475855373, -36.176996368078854 ], [ 148.04065730099677, -36.20686410722633 ], [ 148.026956237240995, -36.225965568309022 ], [ 148.035070459465288, -36.310822362088494 ], [ 148.058215945809991, -36.318578712952373 ], [ 148.038662000449818, -36.391164265066593 ], [ 148.080297271862975, -36.422073902091313 ], [ 148.087746393904951, -36.45194164123879 ], [ 148.124725964041886, -36.464791715058055 ], [ 148.13337226641201, -36.566897707027344 ], [ 148.151729031444034, -36.560993619056333 ], [ 148.16077439392356, -36.57974778084661 ], [ 148.189639741836203, -36.576622087214901 ], [ 148.217440929457126, -36.598849241929301 ], [ 148.203606845664893, -36.609962819286501 ], [ 148.219569250040536, -36.619571433043255 ], [ 148.211188987743327, -36.650481070067968 ], [ 148.168888616147854, -36.713921074148665 ], [ 148.130844885719199, -36.735453630278244 ], [ 148.101580477697183, -36.789979619187008 ], [ 148.108896579702702, -36.800861663682603 ], [ 148.194960543294741, -36.796231006450441 ], [ 149.976231851581105, -37.505184628695261 ], [ 149.906662372510567, -37.542808718706624 ], [ 149.77084891528105, -37.560520982619664 ], [ 149.739323166639139, -37.58448463379613 ], [ 149.674675428917737, -37.685780260749794 ], [ 149.616545672983079, -37.700598363892723 ], [ 149.594464346930096, -37.726298511531255 ], [ 149.531811909755646, -37.73463369454916 ], [ 149.488713417941398, -37.774341580314996 ], [ 149.345982918815764, -37.776193843207857 ], [ 149.275349279453508, -37.803746253739256 ], [ 149.236773468878994, -37.779088003977961 ], [ 149.124238518030666, -37.7772357410851 ], [ 148.808714991538579, -37.78638128911863 ], [ 148.725710488785211, -37.813354867496002 ], [ 148.68487333759083, -37.801430925123171 ], [ 148.289670809256961, -37.810923772449115 ], [ 147.950070656164939, -37.894622901920542 ], [ 147.788451311861451, -37.95528451166193 ], [ 147.488890189745064, -38.142478830272296 ], [ 146.883516003798434, -38.634486161190082 ], [ 146.912115311638132, -38.602534626288126 ], [ 146.815542765165446, -38.611795940752465 ], [ 146.791200098492567, -38.624414481710119 ], [ 146.785746276997543, -38.646294337132112 ], [ 146.757945089376619, -38.650924994364274 ], [ 146.746106306131338, -38.662617403875501 ], [ 146.712718276978933, -38.647799300732565 ], [ 146.716309817963463, -38.660996673844245 ], [ 146.692898291545845, -38.675699010556372 ], [ 146.665496164034295, -38.670026455446965 ], [ 146.652859260570239, -38.643400176362007 ], [ 146.637961016486315, -38.670257988308578 ], [ 146.553493293331798, -38.683918427143468 ], [ 146.566130196795882, -38.693990106623431 ], [ 146.555355573842292, -38.688549084375637 ], [ 146.55123195271193, -38.70383025324179 ], [ 146.50414285980375, -38.682876529266231 ], [ 146.384557847022819, -38.719921787123575 ], [ 146.380966306038289, -38.685654923605533 ], [ 146.351169817870414, -38.67292061621707 ], [ 146.291975901644037, -38.69526353736228 ], [ 146.235176346074013, -38.688201785083223 ], [ 146.197265635681816, -38.717953757799897 ], [ 146.208173278671865, -38.734276824543294 ], [ 146.193541074660857, -38.72872003586469 ], [ 146.185559872473021, -38.743422372576823 ], [ 146.218548841516025, -38.771785148123847 ], [ 146.232116885235342, -38.808135807396361 ], [ 146.269229475408736, -38.807904274534749 ], [ 146.270426655736912, -38.860230701258246 ], [ 146.293306102008671, -38.878521797325305 ], [ 146.291975901644037, -38.904221944963837 ], [ 146.323767690358864, -38.903295813517403 ], [ 146.353298138453823, -38.867871285691322 ], [ 146.41302413482606, -38.853284715409991 ], [ 146.438297941754172, -38.778846900402904 ], [ 146.477804892583919, -38.790192010621709 ], [ 146.468094429922076, -38.873543840800721 ], [ 146.487249315172846, -38.906189974287507 ], [ 146.444416863431513, -38.960368663903864 ], [ 146.432312040113317, -39.015589251397458 ], [ 146.468626510067935, -39.02288253653812 ], [ 146.460379267807184, -39.036890274665431 ], [ 146.483391734115401, -39.060622392980285 ], [ 146.430848819712224, -39.065716115935672 ], [ 146.426459158508919, -39.129966485031993 ], [ 146.346381096557707, -39.125567360661435 ], [ 146.321506349738996, -39.08782750421927 ], [ 146.342523515500261, -39.059927794395463 ], [ 146.25818881238223, -38.994056695267879 ], [ 146.268165315117017, -38.972292606276696 ], [ 146.21987904188066, -38.902716981363376 ], [ 146.123173475371516, -38.831520626418808 ], [ 146.032719850576143, -38.813576829644155 ], [ 145.997868601022645, -38.846570262423349 ], [ 146.006381883356312, -38.876901067294042 ], [ 145.918854699363152, -38.906884572872329 ], [ 145.871499566382056, -38.779425732556923 ], [ 145.762290116445286, -38.664585433199171 ], [ 145.713870823172471, -38.64548397211648 ], [ 145.656672207493074, -38.67697244129522 ], [ 145.607055733892082, -38.678708937757285 ], [ 145.560498721129761, -38.651272293656689 ], [ 145.482681999798444, -38.555533455381628 ], [ 145.372009329460582, -38.536316227868134 ], [ 145.363895107236289, -38.520687759709567 ], [ 145.418300302149987, -38.513510240999707 ], [ 145.434262706525629, -38.493019582747372 ], [ 145.420029562624023, -38.47056089517136 ], [ 145.432932506160995, -38.428653447220242 ], [ 145.416704061712409, -38.407236657521466 ], [ 145.513409628221581, -38.415919139831786 ], [ 145.548925977957396, -38.371696363264583 ], [ 145.542407996170681, -38.337545266177351 ], [ 145.515803988877934, -38.336387601869305 ], [ 145.522188950628191, -38.298879278288751 ], [ 145.481883879579669, -38.231734748422326 ], [ 145.348065722897104, -38.213559418786069 ], [ 145.298316229259655, -38.248520880888933 ], [ 145.254286597190145, -38.223631098266033 ], [ 145.261469679159205, -38.241111829317461 ], [ 145.225687289350446, -38.272484532065398 ], [ 145.223159908657635, -38.306288329860223 ], [ 145.193895500635591, -38.299805409735185 ], [ 145.221962728329459, -38.377831984097206 ], [ 145.18405201793729, -38.374590524034687 ], [ 145.215311726506258, -38.383157239914198 ], [ 145.231673190991302, -38.409551986137551 ], [ 145.129912863096536, -38.39045052505486 ], [ 145.050233861254725, -38.430042644389893 ], [ 145.02974877563932, -38.481790238959363 ], [ 144.924396906759995, -38.49741870711793 ], [ 144.888348476878321, -38.496839874963911 ], [ 144.886619216404284, -38.477275348158003 ], [ 144.840993343897225, -38.432357973005978 ], [ 144.662214414889917, -38.310571687799978 ], [ 144.733114094325089, -38.322379863742 ], [ 144.766901183586896, -38.35641519439843 ], [ 144.812127995984582, -38.367876071048045 ], [ 144.923731806577678, -38.349006142826966 ], [ 144.986650283825043, -38.318328038663857 ], [ 144.982925722804055, -38.296216650380259 ], [ 145.02562515450893, -38.253383070982707 ], [ 145.034138436842625, -38.214717083094108 ], [ 145.117808039778339, -38.143868027441947 ], [ 145.12552320189323, -38.07139824175853 ], [ 145.101579595329753, -38.030301158823043 ], [ 145.061673584390604, -37.990477506626405 ], [ 145.038395078009444, -37.996265828166614 ], [ 145.017377912248179, -37.979711228561612 ], [ 144.970288819339999, -37.860819104125717 ], [ 144.935570589822959, -37.842528008058657 ], [ 144.898324979613108, -37.841138810889007 ], [ 144.915484564316927, -37.865565527788689 ], [ 144.904310881253963, -37.872511513636944 ], [ 144.867730371226429, -37.859082607663659 ], [ 144.814389336604449, -37.875174141545436 ], [ 144.791642910369148, -37.927616334699735 ], [ 144.733779194507406, -37.944286700735532 ], [ 144.650242611608178, -38.002054149706822 ], [ 144.591580775527632, -38.00448524475371 ], [ 144.556330465864733, -38.036436779655666 ], [ 144.515759354743295, -38.045582327689196 ], [ 144.507113052373143, -38.089805104256392 ], [ 144.458826779136814, -38.077186563298739 ], [ 144.444859675308095, -38.09177313358007 ], [ 144.397903602436401, -38.073829336805417 ], [ 144.360524972190063, -38.114463354017687 ], [ 144.356135310986758, -38.138427005194153 ], [ 144.368639194414357, -38.146530655350446 ], [ 144.416925467650714, -38.155097371229957 ], [ 144.426369890239641, -38.126734595682933 ], [ 144.480642065116854, -38.164474452125091 ], [ 144.554335165317781, -38.155907736245588 ], [ 144.631885846576182, -38.107285835307827 ], [ 144.692942043313053, -38.120367441988698 ], [ 144.719679070642258, -38.146067589627229 ], [ 144.719679070642258, -38.173272700866214 ], [ 144.701189285573804, -38.219231973895475 ], [ 144.693075063349511, -38.194457957703378 ], [ 144.627097125263475, -38.253035771690293 ], [ 144.635211347487768, -38.270053437018511 ], [ 144.66673709612968, -38.262181319723823 ], [ 144.659154954051246, -38.273989495665852 ], [ 144.623638604315403, -38.274568327819871 ], [ 144.614194181726475, -38.292164825302109 ], [ 144.53877182105154, -38.271674167049767 ], [ 144.512167813758765, -38.273410663511832 ], [ 144.499929970404111, -38.290428328840044 ], [ 144.42743405053136, -38.282093145822145 ], [ 144.329265263621096, -38.325505557373717 ], [ 144.251448542289779, -38.39647037945668 ] ], [ [ 144.93343756231954, -37.74401027956425 ], [ 144.93343756231954, -37.744010279564243 ], [ 144.908168462311409, -37.741348147535803 ], [ 144.93343756231954, -37.74401027956425 ] ] ], [ [ [ 142.007666567218877, -38.419623665617515 ], [ 141.995694763937138, -38.415571840539371 ], [ 142.012189248458668, -38.411520015461221 ], [ 142.007666567218877, -38.419623665617515 ] ] ], [ [ [ 144.699726065172683, -38.241574895040678 ], [ 144.667535216348455, -38.262181319723823 ], [ 144.663677635291009, -38.254309202429141 ], [ 144.678043799229101, -38.237870369254949 ], [ 144.677910779192644, -38.249099713042952 ], [ 144.699726065172683, -38.241574895040678 ] ] ], [ [ [ 145.247369555294028, -38.448681039749367 ], [ 145.309755952395534, -38.459678850675765 ], [ 145.290867107217679, -38.480285275358909 ], [ 145.306962531629807, -38.494293013486214 ], [ 145.297917169150281, -38.507027320874677 ], [ 145.357643165522518, -38.50853228447513 ], [ 145.341414721073932, -38.537242359314568 ], [ 145.363496047126915, -38.551250097441873 ], [ 145.361101686470562, -38.565836667723204 ], [ 145.272776382258627, -38.505522357274224 ], [ 145.240984593543772, -38.506680021582262 ], [ 145.221696688256543, -38.528096811281038 ], [ 145.172346254728467, -38.509921481644781 ], [ 145.116610859450162, -38.516867467493029 ], [ 145.147737547982672, -38.502165130780902 ], [ 145.166892433233443, -38.466161770800802 ], [ 145.247369555294028, -38.448681039749367 ] ] ], [ [ [ 145.340217540745755, -38.502280897211705 ], [ 145.337823180089401, -38.493829947762997 ], [ 145.342212841292707, -38.499270970010798 ], [ 145.340217540745755, -38.502280897211705 ] ] ], [ [ [ 145.287275566233177, -38.296332416811062 ], [ 145.304036090827594, -38.282556211545362 ], [ 145.347533642751245, -38.310224388507564 ], [ 145.453550611812886, -38.307330227737459 ], [ 145.502635005268019, -38.353057967905109 ], [ 145.410851180108011, -38.370770231818149 ], [ 145.385976433289301, -38.406657825367446 ], [ 145.352588404136895, -38.420086731340731 ], [ 145.287142546196719, -38.395660014441049 ], [ 145.272377322149225, -38.40966775256836 ], [ 145.287275566233177, -38.296332416811062 ] ] ], [ [ [ 146.31046568671249, -39.15728736270178 ], [ 146.306608105655044, -39.152425172608005 ], [ 146.312194947186526, -39.15265670546961 ], [ 146.31046568671249, -39.15728736270178 ] ] ], [ [ [ 146.317382728608607, -39.141890427404824 ], [ 146.329886612036205, -39.141658894543212 ], [ 146.3254969508329, -39.147215683221816 ], [ 146.317382728608607, -39.141890427404824 ] ] ], [ [ [ 146.241428287787812, -39.088869402096506 ], [ 146.224933803266282, -39.08516487631077 ], [ 146.221475282318238, -39.072662101783919 ], [ 146.241428287787812, -39.088869402096506 ] ] ], [ [ [ 146.239166947167917, -39.019062244321582 ], [ 146.242492448079503, -39.024619033000185 ], [ 146.236772586511563, -39.021261806506864 ], [ 146.239166947167917, -39.019062244321582 ] ] ], [ [ [ 146.223869642974591, -38.972176839845886 ], [ 146.224002663011049, -38.966735817598092 ], [ 146.233447085599977, -38.968472314060158 ], [ 146.223869642974591, -38.972176839845886 ] ] ], [ [ [ 146.512523122100959, -38.908389536472782 ], [ 146.513188222283276, -38.913135960135754 ], [ 146.505872120277786, -38.913135960135754 ], [ 146.512523122100959, -38.908389536472782 ] ] ], [ [ [ 146.621732572037729, -38.75360981848759 ], [ 146.545379071107533, -38.790886609206538 ], [ 146.494033337032505, -38.774216243170734 ], [ 146.464768929010461, -38.739949379652693 ], [ 146.504408899876665, -38.721426750724028 ], [ 146.508133460897653, -38.737170985313398 ], [ 146.541122429940685, -38.727562371556651 ], [ 146.512523122100959, -38.762523833659515 ], [ 146.580496360733946, -38.734971423128115 ], [ 146.621732572037729, -38.75360981848759 ] ] ], [ [ [ 146.623461832511765, -38.747937263378184 ], [ 146.637428936340456, -38.748631861963013 ], [ 146.621865592074187, -38.750252591994268 ], [ 146.623461832511765, -38.747937263378184 ] ] ], [ [ [ 146.653524360752556, -38.726983539402625 ], [ 146.638626116668632, -38.721889816447245 ], [ 146.663766903560287, -38.720963685000811 ], [ 146.653524360752556, -38.726983539402625 ] ] ], [ [ [ 146.499620178563987, -38.719227188538746 ], [ 146.438830021900031, -38.725247042940566 ], [ 146.451067865254714, -38.710544706228433 ], [ 146.499620178563987, -38.719227188538746 ] ] ], [ [ [ 146.675738706842026, -38.706840180442697 ], [ 146.602976746896331, -38.726867772971822 ], [ 146.58595018222897, -38.71297580127532 ], [ 146.605903187698544, -38.69919959600962 ], [ 146.675738706842026, -38.706840180442697 ] ] ], [ [ [ 146.691435071144753, -38.721658283585633 ], [ 146.720965519239712, -38.698736530286403 ], [ 146.731341082083873, -38.69781039883997 ], [ 146.691435071144753, -38.721658283585633 ] ] ], [ [ [ 146.697953052931467, -38.692832442315392 ], [ 146.707796535629797, -38.676740908433608 ], [ 146.713117337088335, -38.689012150098854 ], [ 146.697953052931467, -38.692832442315392 ] ] ], [ [ [ 146.674541526513849, -38.687507186498401 ], [ 146.676004746914941, -38.677319740587635 ], [ 146.681990648555825, -38.689822515114486 ], [ 146.674541526513849, -38.687507186498401 ] ] ], [ [ [ 146.759009249668338, -38.689012150098854 ], [ 146.79984640086272, -38.675814776987174 ], [ 146.814079544764326, -38.680908499942561 ], [ 146.759009249668338, -38.689012150098854 ] ] ], [ [ [ 146.720699479166768, -38.666900761815256 ], [ 146.719768338911535, -38.681255799234975 ], [ 146.716176797927005, -38.677782806310852 ], [ 146.720699479166768, -38.666900761815256 ] ] ], [ [ [ 146.793860499221836, -38.656944848766095 ], [ 146.806231362612976, -38.659375943812982 ], [ 146.786278357143402, -38.669447623292946 ], [ 146.793860499221836, -38.656944848766095 ] ] ], [ [ [ 146.837890131291346, -38.652893023687952 ], [ 146.869947960079116, -38.644789373531658 ], [ 146.835495770634992, -38.676277842710391 ], [ 146.849462874463711, -38.657060615196897 ], [ 146.837890131291346, -38.652893023687952 ] ] ], [ [ [ 146.756481868975527, -38.657986746643331 ], [ 146.767788572074949, -38.655092585873227 ], [ 146.772577293387656, -38.660070542397811 ], [ 146.756481868975527, -38.657986746643331 ] ] ], [ [ [ 146.793727479185378, -38.644789373531658 ], [ 146.818469205967631, -38.613532437214523 ], [ 146.880589562996221, -38.61665813084624 ], [ 146.818469205967631, -38.647104702147743 ], [ 146.793727479185378, -38.644789373531658 ] ] ], [ [ [ 149.906529352474109, -37.567814267760326 ], [ 149.918102095646447, -37.561215581204486 ], [ 149.916505855208868, -37.569666530653194 ], [ 149.906529352474109, -37.567814267760326 ] ] ] ] } },
{ "type": "Feature", "properties": { "STE_NAME21": "Western Australia" }, "geometry": { "type": "MultiPolygon", "coordinates": [ [ [ [ 115.293518684272598, -34.309336539914945 ], [ 115.168213809923728, -34.321144715856974 ], [ 115.165154349085071, -34.301695955481868 ], [ 115.199606538529181, -34.279700333629073 ], [ 115.168213809923728, -34.278774202182639 ], [ 115.172470451090575, -34.266039894794183 ], [ 115.156242006641989, -34.279468800767468 ], [ 115.16781474981434, -34.351822820020082 ], [ 115.134027660552547, -34.376018004058153 ], [ 115.121124717015562, -34.343487637002177 ], [ 115.026015390943954, -34.256778580329843 ], [ 115.039317394590341, -34.201210693543835 ], [ 114.992095281645703, -34.101535796621434 ], [ 115.0042001049639, -34.081392437661506 ], [ 115.000741584015842, -34.015752871395534 ], [ 114.979857438291035, -33.961458415348368 ], [ 114.992228301682161, -33.93274834050893 ], [ 114.978394217889928, -33.870118701443872 ], [ 115.000076483833524, -33.794060156405521 ], [ 114.975068716978342, -33.698089785268849 ], [ 114.990499041208139, -33.696237522375981 ], [ 114.994622662338514, -33.669842776152628 ], [ 115.028276731563849, -33.634186715464942 ], [ 115.004333125000372, -33.530112694171976 ], [ 115.085076287133873, -33.565421455567254 ], [ 115.123120017562513, -33.623767736692564 ], [ 115.201202778966746, -33.649352117900285 ], [ 115.299504585913468, -33.654793140148087 ], [ 115.367876884655857, -33.639048905558717 ], [ 115.427602881028079, -33.608255034964806 ], [ 115.574057941174701, -33.453243784118001 ], [ 115.636444338276206, -33.309693409920811 ], [ 115.639769839187807, -33.318723191523539 ], [ 115.666240826444096, -33.321848885155248 ], [ 115.681006050491575, -33.275195013541165 ], [ 115.687391012241832, -33.1045552945358 ], [ 115.608244090545881, -32.66672665323437 ], [ 115.632453737182288, -32.595877597582209 ], [ 115.707743077820794, -32.521439782575122 ], [ 115.714261059607509, -32.556285478247176 ], [ 115.669566327355682, -32.576776136499518 ], [ 115.671295587829718, -32.594604166843361 ], [ 115.641100039552441, -32.619030883743044 ], [ 115.683799471257302, -32.750888848429014 ], [ 115.702821336471629, -32.782840383330971 ], [ 115.723040382014119, -32.782840383330971 ], [ 115.727297023180967, -32.754940673507157 ], [ 115.666373846480553, -32.615673657249722 ], [ 115.703486436653947, -32.643341834211924 ], [ 115.724237562342296, -32.631880957562309 ], [ 115.744855667994173, -32.646583294274443 ], [ 115.773854035943287, -32.635122417624828 ], [ 115.777312556891346, -32.598540225490709 ], [ 115.754034050510185, -32.564273361972667 ], [ 115.718650720810814, -32.564504894834279 ], [ 115.711866698951169, -32.521324016144312 ], [ 115.739800906608551, -32.49689729924463 ], [ 115.750176469452725, -32.438782550980932 ], [ 115.742727347410764, -32.401389993831181 ], [ 115.713462939388734, -32.369554225360027 ], [ 115.734480105150013, -32.364228969543035 ], [ 115.743658487666011, -32.33713962473486 ], [ 115.730622524092553, -32.31028181278829 ], [ 115.701757176179925, -32.305419622694508 ], [ 115.689386312788784, -32.267795532683152 ], [ 115.74059902682734, -32.266406335513501 ], [ 115.772922895688041, -32.199840637801096 ], [ 115.765340753609607, -32.139642093782918 ], [ 115.747782108796386, -32.134779903689143 ], [ 115.761882232661549, -32.105722529557291 ], [ 115.737938626098071, -32.05466953357265 ], [ 115.776115376563169, -32.028853619503316 ], [ 115.786091879297956, -32.011720187744295 ], [ 115.816819507721078, -32.028390553780099 ], [ 115.844221635232614, -32.002574639710765 ], [ 115.861381219936447, -32.045755518400725 ], [ 115.868298261832564, -32.031284714550203 ], [ 115.876412484056857, -32.032210845996637 ], [ 115.893039988614817, -32.020518436485411 ], [ 115.900755150729722, -32.02781172162608 ], [ 115.897562669854594, -32.018434640730938 ], [ 115.888650327411511, -32.017624275715306 ], [ 115.859119879316566, -32.031632013842611 ], [ 115.844886735414931, -31.96680281259227 ], [ 115.878673824676738, -31.970970404101223 ], [ 115.891177708104323, -31.960782958190453 ], [ 115.885191806463453, -31.941218431384545 ], [ 115.897030589708734, -31.95267930803416 ], [ 115.903282531422533, -31.953952738773005 ], [ 115.915786414850132, -31.950595512279683 ], [ 115.918180775506471, -31.948395950094405 ], [ 115.91046561339158, -31.935661642705945 ], [ 115.935606400283234, -31.931262518335387 ], [ 115.939064921231292, -31.928947189719302 ], [ 115.940262101559455, -31.921422371717032 ], [ 115.951701824695348, -31.922811568886679 ], [ 115.961125516888998, -31.911801730279144 ], [ 115.91019957331865, -31.933693613382275 ], [ 115.910864673500967, -31.951405877295315 ], [ 115.884659726317608, -31.938440037045247 ], [ 115.883063485880044, -31.967034345453879 ], [ 115.84209331464919, -31.963445586098949 ], [ 115.810168505897892, -32.000606610387095 ], [ 115.77318893576097, -31.9897245658915 ], [ 115.781303157985249, -32.01658237783807 ], [ 115.731021584201955, -32.05258573781817 ], [ 115.750841569635057, -32.021560334362647 ], [ 115.750974589671515, -31.84617419169431 ], [ 115.685794771804268, -31.653654617266952 ], [ 115.579511762669711, -31.495517672788434 ], [ 115.539073671584731, -31.408229783962081 ], [ 115.440505824565065, -31.276719118568526 ], [ 115.313737729815102, -30.974800267031213 ], [ 115.219293503925826, -30.832176024280457 ], [ 115.189630035794394, -30.824651206278187 ], [ 115.18829983542976, -30.784248721927526 ], [ 115.087736687863156, -30.578300241526883 ], [ 115.094254669649871, -30.548316735948596 ], [ 115.057674159622337, -30.510808412368043 ], [ 115.07124220334164, -30.478046512450458 ], [ 115.04197779531961, -30.337621831884981 ], [ 115.020561569448944, -30.317246940063445 ], [ 115.04224383539254, -30.273602995650268 ], [ 115.029872972001414, -30.238988832839816 ], [ 114.995021722447902, -30.227412189759399 ], [ 115.001672724271089, -30.132020650776749 ], [ 114.956179871800487, -30.042533199765117 ], [ 114.982384818983846, -29.920168082405091 ], [ 114.958042152310966, -29.682499599964103 ], [ 114.997815143213643, -29.496115646369365 ], [ 114.956179871800487, -29.396556515877766 ], [ 114.954317591289993, -29.352217972879764 ], [ 114.914411580350858, -29.277432858580259 ], [ 114.920929562137573, -29.256363368173897 ], [ 114.871978188718913, -29.116517519762443 ], [ 114.634537423631073, -28.874912978674111 ], [ 114.610859857140525, -28.794108009972788 ], [ 114.576540687732873, -28.784615162646848 ], [ 114.614717438197985, -28.762503774363246 ], [ 114.612722137651019, -28.665144206056929 ], [ 114.531047835262271, -28.496009450652014 ], [ 114.434608308826029, -28.396218787298807 ], [ 114.405609940876928, -28.335672943988218 ], [ 114.321142217722439, -28.23032549195641 ], [ 114.239467915333677, -28.186681547543234 ], [ 114.174687157575818, -28.110044170350864 ], [ 114.105117678505266, -27.849453934610644 ], [ 114.126267864303003, -27.76888049877093 ], [ 114.18000795903437, -27.68112954422136 ], [ 114.173489977247655, -27.658902389506956 ], [ 114.161119113856515, -27.701620202473698 ], [ 114.103122377958314, -27.499376247858791 ], [ 113.965180600145388, -27.229987763377451 ], [ 113.784805430700501, -26.931657671195069 ], [ 113.584344235749612, -26.671414734747263 ], [ 113.296222836769076, -26.399132089495819 ], [ 113.308194640050814, -26.387439679984595 ], [ 113.277467011627678, -26.294016170325619 ], [ 113.156285758409183, -26.151623460436472 ], [ 113.261371587215564, -26.191794411925525 ], [ 113.276003791226586, -26.234975290615488 ], [ 113.291035055346995, -26.123607984181859 ], [ 113.284650093596724, -26.040024621141239 ], [ 113.298750217461887, -26.016408269257187 ], [ 113.319102283040849, -26.116777764764414 ], [ 113.326684425119282, -26.337312815446385 ], [ 113.362067754818639, -26.338354713323621 ], [ 113.36512721565731, -26.391491505062742 ], [ 113.392529343168846, -26.402257783127531 ], [ 113.354618632776678, -26.300846389743068 ], [ 113.336793947890527, -26.301077922604676 ], [ 113.364595135511451, -26.210664340146607 ], [ 113.382818880506989, -26.20105572638986 ], [ 113.386942501637364, -26.108558348177315 ], [ 113.359806414198758, -26.063177907302077 ], [ 113.362333794891569, -26.016755568549598 ], [ 113.396785984335693, -26.11388360399431 ], [ 113.426449452467111, -26.140509883079272 ], [ 113.424454151920145, -26.161000541331614 ], [ 113.447333598191918, -26.171882585827206 ], [ 113.448264738447165, -26.212516603039475 ], [ 113.498812352303403, -26.337081282584776 ], [ 113.487771689276912, -26.356993108683096 ], [ 113.50519731405366, -26.362086831638482 ], [ 113.502270873251462, -26.400173987373059 ], [ 113.498413292194002, -26.380493694136344 ], [ 113.484712228438241, -26.383503621337255 ], [ 113.502270873251462, -26.420317346332986 ], [ 113.485377328620558, -26.430620558674558 ], [ 113.47593290603163, -26.474264503087735 ], [ 113.499078392376333, -26.477158663857839 ], [ 113.50599543427245, -26.40908800254498 ], [ 113.526480519887869, -26.371811211826031 ], [ 113.516770057226012, -26.323536610180689 ], [ 113.494555711136556, -26.309413105622578 ], [ 113.513710596387341, -26.302119820481913 ], [ 113.518499317700034, -26.277230037859013 ], [ 113.543241044482301, -26.291237775986321 ], [ 113.540580643753017, -26.324694274488728 ], [ 113.559469488930887, -26.353520115758972 ], [ 113.548694865977311, -26.380840993428759 ], [ 113.567051631009321, -26.433283186583054 ], [ 113.552286406961841, -26.469055013701546 ], [ 113.577028133744093, -26.505868738697277 ], [ 113.558804388748555, -26.572665969271291 ], [ 113.598045299505372, -26.614226117929995 ], [ 113.607090661984913, -26.606238234204508 ], [ 113.588201816807057, -26.585516043090557 ], [ 113.594453758520856, -26.517676914639306 ], [ 113.611879383297605, -26.499501585003049 ], [ 113.621589845959463, -26.538746405045668 ], [ 113.618131325011404, -26.489661438384694 ], [ 113.632630508985955, -26.46639238579305 ], [ 113.62558044705338, -26.571161005670838 ], [ 113.635157889678766, -26.613415752914364 ], [ 113.663757197518478, -26.59616655472454 ], [ 113.664023237591408, -26.674424661948169 ], [ 113.679719601894135, -26.658796193789605 ], [ 113.704993408822247, -26.662037653852124 ], [ 113.686370603717322, -26.63784246981405 ], [ 113.690494224847697, -26.6033440734344 ], [ 113.737051237610018, -26.617699110854119 ], [ 113.769375106470704, -26.587252539552619 ], [ 113.807684876972274, -26.610984657867476 ], [ 113.81154245802972, -26.577180860072655 ], [ 113.881377977173202, -26.511193994514269 ], [ 113.876855295933439, -26.329787997444114 ], [ 113.801965015404335, -26.255002883144609 ], [ 113.688099864191344, -26.217494559564056 ], [ 113.687434764009026, -26.186121856816118 ], [ 113.639414530845613, -26.121987254150604 ], [ 113.573569612796035, -26.086215427032108 ], [ 113.559070428821485, -25.946369578620654 ], [ 113.517568177444787, -25.919511766674084 ], [ 113.52515031952322, -25.883045340970764 ], [ 113.512912476168566, -25.852135703946047 ], [ 113.462763922421715, -25.811270153872172 ], [ 113.479258406943231, -25.764037450104063 ], [ 113.459438421510129, -25.715647082027914 ], [ 113.473139485265889, -25.711016424795748 ], [ 113.444673197462649, -25.709511461195291 ], [ 113.469414924244901, -25.785454239802839 ], [ 113.414477649185372, -25.724676863630641 ], [ 113.432036293998593, -25.625696565293062 ], [ 113.511050195658072, -25.503331447933039 ], [ 113.525283339559692, -25.607752768518413 ], [ 113.557208148310991, -25.634957879757398 ], [ 113.574633773087754, -25.636925909081068 ], [ 113.580486654692152, -25.620024010183659 ], [ 113.605361401510876, -25.711826789811376 ], [ 113.690361204811225, -25.788232634142137 ], [ 113.721886953453151, -25.793210590666718 ], [ 113.724414334145962, -25.864754244903704 ], [ 113.761925984428743, -25.878530450169404 ], [ 113.731597416114994, -25.949495272252367 ], [ 113.734390836880735, -26.013629874917886 ], [ 113.699938647436625, -26.045002577665819 ], [ 113.701135827764801, -26.131943167199761 ], [ 113.728005875130478, -26.180102002414301 ], [ 113.725345474401209, -26.204528719313984 ], [ 113.745165459834311, -26.205686383622027 ], [ 113.756073102824331, -26.187163754693358 ], [ 113.763123164756919, -26.212979668762692 ], [ 113.789993212122596, -26.207422880084088 ], [ 113.830032243098188, -26.153823022621754 ], [ 113.834022844192106, -26.120945356273364 ], [ 113.837614385176622, -26.138657620186404 ], [ 113.876456235824051, -26.07741717829099 ], [ 113.885235558230661, -26.029258343076449 ], [ 113.865681612870475, -25.953315564468905 ], [ 113.877254356042826, -25.945096147881809 ], [ 113.905587623809609, -25.959335418870722 ], [ 113.914499966252691, -25.983530602908797 ], [ 113.893482800491412, -26.035162431047464 ], [ 113.908913124721209, -26.05854725006991 ], [ 113.910908425268161, -26.122334553443014 ], [ 113.947089875186307, -26.141783313818117 ], [ 113.935916192123358, -26.207191347222484 ], [ 113.958130538212799, -26.241226677878913 ], [ 113.950548396134366, -26.267621424102266 ], [ 113.96996932145808, -26.334534421107083 ], [ 114.053904964466724, -26.419159682024944 ], [ 114.076784410738483, -26.466623918654658 ], [ 114.166306895278609, -26.389986541462289 ], [ 114.210336527348119, -26.37204274468764 ], [ 114.237605634823183, -26.3127703321159 ], [ 114.238004694932584, -26.283944490845656 ], [ 114.20408458563432, -26.244815437233843 ], [ 114.188255201295121, -26.180217768845107 ], [ 114.22350551095802, -26.118977326949693 ], [ 114.225367791468514, -26.165052366409757 ], [ 114.254765219527016, -26.144909007449829 ], [ 114.236009394385619, -26.117819662641651 ], [ 114.239334895297219, -26.072670754628021 ], [ 114.194640163045392, -25.985267099370859 ], [ 114.219647929900574, -25.968944032627469 ], [ 114.241729255953558, -25.991750019495896 ], [ 114.265273802407648, -25.982141405739146 ], [ 114.24705005741211, -25.937108264156318 ], [ 114.266870042845213, -25.887675998202933 ], [ 114.21286390804093, -25.857692492624647 ], [ 114.120148942625676, -25.756396865670986 ], [ 114.119616862479816, -25.728149856554765 ], [ 114.035415179398257, -25.662510290288793 ], [ 114.041667121112056, -25.661931458134774 ], [ 114.01918673494967, -25.624075835261806 ], [ 114.004155470829261, -25.618519046583202 ], [ 113.981941124739819, -25.561446196196741 ], [ 113.992183667547522, -25.566076853428907 ], [ 113.937778472633852, -25.481220059649441 ], [ 113.948420075550942, -25.477168234571295 ], [ 113.94097095350898, -25.455056846287693 ], [ 113.905454603773151, -25.413033631905776 ], [ 113.891354479907989, -25.336975086867426 ], [ 113.843068206671646, -25.265547199061245 ], [ 113.817129299561202, -25.173512886571917 ], [ 113.712442530864223, -25.103358429504581 ], [ 113.66601853813836, -25.022669227234065 ], [ 113.662160957080914, -24.96663827472484 ], [ 113.688099864191344, -24.93260294406841 ], [ 113.662560017190302, -24.896483817657504 ], [ 113.650189153799175, -24.906092431414251 ], [ 113.655509955257727, -24.886759437469951 ], [ 113.646198552705258, -24.87587739297436 ], [ 113.706722669296269, -24.85098761035146 ], [ 113.61680112464677, -24.857354764045692 ], [ 113.632763529022412, -24.797387752889122 ], [ 113.623186086397027, -24.745987457612063 ], [ 113.407028527143396, -24.484123791132998 ], [ 113.39957940510142, -24.411422472587972 ], [ 113.406230406924621, -24.31035837849592 ], [ 113.391598202913599, -24.22249165751554 ], [ 113.40915684772682, -24.22353355539278 ], [ 113.443342997098014, -24.181626107441666 ], [ 113.422192811300263, -24.044790186231118 ], [ 113.458773321327811, -24.013649016344793 ], [ 113.470213044463691, -23.899387549141064 ], [ 113.512513416059164, -23.849723750326067 ], [ 113.532998501674584, -23.773665205287717 ], [ 113.567317671082236, -23.752248415588944 ], [ 113.61320958366224, -23.630925196106158 ], [ 113.755274982605556, -23.525925043366765 ], [ 113.779750669314879, -23.470588689442362 ], [ 113.776957248549152, -23.378901676245448 ], [ 113.794116833252971, -23.291729553849898 ], [ 113.760595784064108, -23.12051100269051 ], [ 113.812473598284967, -23.082771146248344 ], [ 113.829500162952343, -23.030907785248072 ], [ 113.825642581894883, -22.952881210886051 ], [ 113.755274982605556, -22.756194044949741 ], [ 113.709383070025552, -22.71521272844506 ], [ 113.671605379669842, -22.719033020661598 ], [ 113.685572483498532, -22.660223673813071 ], [ 113.668944978940559, -22.630703233958005 ], [ 113.673600680216794, -22.596899436163184 ], [ 113.654046734856621, -22.578724106526927 ], [ 113.665353437956043, -22.550129798118292 ], [ 113.713772731228858, -22.51794673035473 ], [ 113.707919849624446, -22.49664570708676 ], [ 113.737716337792335, -22.471061325879035 ], [ 113.749422101001144, -22.408431686813969 ], [ 113.816198159305955, -22.315702775739819 ], [ 113.933654851503462, -21.973265673421039 ], [ 113.995110108349735, -21.875443039391506 ], [ 114.078779711285449, -21.815939093958153 ], [ 114.16032099363774, -21.78653442053389 ], [ 114.191048622060862, -21.814549896788503 ], [ 114.148881270501846, -21.866644790650387 ], [ 114.141166108386955, -21.954858810923174 ], [ 114.080242931686541, -22.156176634091651 ], [ 114.084765612926319, -22.19125386262532 ], [ 114.133051886162662, -22.261524086123462 ], [ 114.114163040984806, -22.325079856634957 ], [ 114.149546370684163, -22.301463504750902 ], [ 114.178411718596806, -22.306672994137092 ], [ 114.178278698560348, -22.353442632181984 ], [ 114.131854705834485, -22.398475773764812 ], [ 114.145422749553788, -22.397433875887572 ], [ 114.140900068314025, -22.409126285398795 ], [ 114.123075383427874, -22.412830811184531 ], [ 114.122144243172627, -22.47430278594155 ], [ 114.154468112033328, -22.523619285464132 ], [ 114.182003259581336, -22.523156219740919 ], [ 114.21858376960887, -22.497224539240779 ], [ 114.224968731359127, -22.459831982091028 ], [ 114.309037394404228, -22.434942199468129 ], [ 114.318880877102558, -22.488773589792075 ], [ 114.360516148515714, -22.501739430042143 ], [ 114.390046596610674, -22.464231106461586 ], [ 114.380336133948816, -22.44130935316236 ], [ 114.399757059272517, -22.440730521008337 ], [ 114.385257875297967, -22.42718584860425 ], [ 114.398559878944354, -22.426838549311835 ], [ 114.392706997339943, -22.392224386501386 ], [ 114.414123223210609, -22.392455919362995 ], [ 114.396431558360931, -22.38296307203705 ], [ 114.400954239600694, -22.359925552307018 ], [ 114.440328170393968, -22.356915625106108 ], [ 114.409866582043776, -22.324848323773349 ], [ 114.432746028315535, -22.295096351056674 ], [ 114.451501853456932, -22.31605007503223 ], [ 114.456556614842555, -22.293244088163807 ], [ 114.430085627586266, -22.27344802849629 ], [ 114.459217015571824, -22.269280436987341 ], [ 114.443919711378499, -22.242075325748356 ], [ 114.459217015571824, -22.249137078027413 ], [ 114.47025767859833, -22.249252844458216 ], [ 114.452166953639249, -22.235013573469303 ], [ 114.453231113930954, -22.207924228661124 ], [ 114.492738064760701, -22.215796345955809 ], [ 114.455625474587308, -22.159533860584972 ], [ 114.479702101187257, -22.154555904060395 ], [ 114.50497590811537, -22.170647437942176 ], [ 114.501783427240241, -22.128161157837038 ], [ 114.523199653110908, -22.123877799897286 ], [ 114.530116695007024, -22.083591081977428 ], [ 114.517346771506496, -22.06645765021841 ], [ 114.547808359856703, -22.062058525847849 ], [ 114.570554786092003, -22.001744215398869 ], [ 114.584388869884236, -22.003480711860934 ], [ 114.612323077541632, -21.98484231650146 ], [ 114.62150146005763, -21.935873116271289 ], [ 114.657150829829916, -21.920476180974333 ], [ 114.642518625818909, -21.909362603617129 ], [ 114.648105467350391, -21.844533402366789 ], [ 114.676438735117173, -21.827515737038571 ], [ 114.693199259711605, -21.8393239129806 ], [ 114.687878458253053, -21.857499242616857 ], [ 114.69758892091491, -21.844764935228397 ], [ 114.687745438216595, -21.829831065654655 ], [ 114.698786101243087, -21.813739531772875 ], [ 114.778465103084883, -21.790586245612037 ], [ 114.914810640460246, -21.690100983674004 ], [ 114.979458378181633, -21.673314851207397 ], [ 115.048894837215727, -21.681997333517714 ], [ 115.106093452895152, -21.632565067564325 ], [ 115.141609802630981, -21.642636747044289 ], [ 115.181648833606573, -21.61056944571153 ], [ 115.190162115940254, -21.620178059468277 ], [ 115.203464119586627, -21.623303753099989 ], [ 115.186836615028653, -21.612421708604398 ], [ 115.203996199732487, -21.597950904753873 ], [ 115.219692564035213, -21.610222146419119 ], [ 115.24110878990588, -21.577691779363143 ], [ 115.298174385548833, -21.594130612537338 ], [ 115.38171096844809, -21.548171339508077 ], [ 115.403260214355214, -21.553033529601851 ], [ 115.413236717090001, -21.534279367811575 ], [ 115.3809128482293, -21.545740244461186 ], [ 115.412970677017071, -21.52478652048563 ], [ 115.437180323653479, -21.530574842025839 ], [ 115.437446363726409, -21.537289295012481 ], [ 115.448220986679971, -21.541456886521431 ], [ 115.438510524018113, -21.52895411199458 ], [ 115.457266349159511, -21.508463453742241 ], [ 115.458995609633533, -21.534626667103986 ], [ 115.462853190690979, -21.539720390059369 ], [ 115.467774932040143, -21.514714841005667 ], [ 115.477352374665543, -21.529996009871819 ], [ 115.494378939332904, -21.540646521505803 ], [ 115.506217722578171, -21.506263891556959 ], [ 115.49278269889534, -21.48577323330462 ], [ 115.520184826406876, -21.480100678195214 ], [ 115.506483762651101, -21.463661845021019 ], [ 115.518588585969312, -21.446528413262001 ], [ 115.564214458476386, -21.436804033074448 ], [ 115.549050174319504, -21.416776440545327 ], [ 115.578181562305076, -21.387140234259455 ], [ 115.596671347373544, -21.409367388973859 ], [ 115.590685445732674, -21.377415854071902 ], [ 115.603987449379048, -21.361671619482532 ], [ 115.61449603225968, -21.368386072469175 ], [ 115.608776170691741, -21.356230597234738 ], [ 115.653603922980039, -21.315133514299252 ], [ 115.679276790017539, -21.314091616422015 ], [ 115.703220396581017, -21.279477453611563 ], [ 115.747383048686999, -21.281445482935233 ], [ 115.753901030473713, -21.255398036004291 ], [ 115.759088811895808, -21.272068402040095 ], [ 115.767469074193016, -21.254124605265446 ], [ 115.785293759079167, -21.266743146223103 ], [ 115.795935361996271, -21.244747524370307 ], [ 115.821475208997313, -21.25146197735695 ], [ 115.840763114284556, -21.221941537501884 ], [ 115.834245132497841, -21.203997740727235 ], [ 115.856060418477895, -21.189411170445908 ], [ 115.879604964931985, -21.125392334211192 ], [ 115.918180775506471, -21.078738462597105 ], [ 115.923501576965023, -21.092167368570394 ], [ 115.989346495014587, -21.040072474708509 ], [ 116.097092724550251, -21.00048035537348 ], [ 116.09922104513366, -21.018771451440539 ], [ 116.103211646227578, -21.001059187527499 ], [ 116.146576178114771, -21.010436268422637 ], [ 116.138861015999865, -20.993650135956031 ], [ 116.154823420375521, -20.976748237058619 ], [ 116.188078429491469, -20.967834221886697 ], [ 116.188078429491469, -20.906362247129675 ], [ 116.208164454997501, -20.891312611125134 ], [ 116.191004870293668, -20.888418450355026 ], [ 116.203109693611879, -20.835513191477514 ], [ 116.2496667063742, -20.860055674808002 ], [ 116.239690203639412, -20.872211150042443 ], [ 116.298085999647, -20.879967500906321 ], [ 116.329079668143066, -20.86804355853349 ], [ 116.346372272883357, -20.838754651540032 ], [ 116.463429904971477, -20.821621219781012 ], [ 116.52594932210944, -20.752855959883327 ], [ 116.597514101726958, -20.745678441173467 ], [ 116.591794240159018, -20.734449097385461 ], [ 116.600307522492699, -20.732828367354202 ], [ 116.621989788436295, -20.715463402733576 ], [ 116.623985088983247, -20.732596834492593 ], [ 116.630636090806433, -20.710716979070604 ], [ 116.631168170952293, -20.736417126709132 ], [ 116.640080513395361, -20.725882381505951 ], [ 116.655643857661616, -20.740584718218084 ], [ 116.642075813942313, -20.72194632285861 ], [ 116.666684520688122, -20.72750311153721 ], [ 116.684110145464871, -20.71083274550141 ], [ 116.666684520688122, -20.722177855720219 ], [ 116.642474874051715, -20.704697124668787 ], [ 116.694352688272573, -20.680733473492321 ], [ 116.722685956039371, -20.638594492679598 ], [ 116.75979854621275, -20.636279164063513 ], [ 116.745432382274672, -20.624239455259879 ], [ 116.799438517078954, -20.574575656444882 ], [ 116.778687391390605, -20.573649524998448 ], [ 116.810346160068988, -20.549685873821982 ], [ 116.808084819449107, -20.530005580585271 ], [ 116.867411755711942, -20.525953755507125 ], [ 116.797177176459073, -20.628754346061243 ], [ 116.801566837662378, -20.680733473492321 ], [ 116.839211507981631, -20.71280077482508 ], [ 116.898804484317395, -20.724145885043889 ], [ 116.946824717480823, -20.702381796052702 ], [ 116.988593008930437, -20.658274785916309 ], [ 117.037278342276181, -20.647971573574736 ], [ 117.039672702932535, -20.666031136780187 ], [ 117.0930137375545, -20.627133616029983 ], [ 117.100462859596476, -20.648666172159562 ], [ 117.130525387837281, -20.653528362253336 ], [ 117.141433030827315, -20.622850258090228 ], [ 117.182403202058154, -20.591824854634705 ], [ 117.17535314012558, -20.602243833407083 ], [ 117.199961846871375, -20.632458871846975 ], [ 117.181206021729977, -20.631069674677324 ], [ 117.156863355057112, -20.657117121608266 ], [ 117.176417300417285, -20.648203106436345 ], [ 117.168037038120076, -20.682238437092774 ], [ 117.175220120089108, -20.664178873887323 ], [ 117.199961846871375, -20.669388363273509 ], [ 117.180407901511202, -20.69508851091204 ], [ 117.192246684756483, -20.684553765708859 ], [ 117.218052571830455, -20.70724398614648 ], [ 117.223107333216078, -20.69508851091204 ], [ 117.245055639232589, -20.714189971994731 ], [ 117.347481067309701, -20.735606761693504 ], [ 117.356925489898629, -20.746951871912312 ], [ 117.332316783152834, -20.763390705086508 ], [ 117.349609387893125, -20.763043405794097 ], [ 117.349077307747265, -20.77566194675175 ], [ 117.369828433435615, -20.734217564523853 ], [ 117.383130437081988, -20.782029100445982 ], [ 117.398427741275327, -20.729702673722489 ], [ 117.423967588276369, -20.729934206584097 ], [ 117.437801672068602, -20.751698295575284 ], [ 117.442590393381295, -20.730628805168923 ], [ 117.587183173017408, -20.698908803128578 ], [ 117.590508673929008, -20.67934427632267 ], [ 117.630680724941072, -20.663715808164106 ], [ 117.641721387967564, -20.664989238902951 ], [ 117.642120448076952, -20.709559314762561 ], [ 117.680430218578522, -20.66660996893421 ], [ 117.696658663027094, -20.688026758632983 ], [ 117.769420622972774, -20.666031136780187 ], [ 117.796024630265535, -20.677376246999 ], [ 117.810922874349473, -20.673440188351655 ], [ 117.774342364321939, -20.664178873887323 ], [ 117.864529949044382, -20.607453322793273 ], [ 117.86466296908084, -20.584415803063237 ], [ 117.885148054696259, -20.58198470801635 ], [ 117.87370833156038, -20.55813682327069 ], [ 117.901908579290691, -20.552580034592086 ], [ 117.91388038257243, -20.573765291429254 ], [ 117.919866284213313, -20.543550252989363 ], [ 117.94048438986519, -20.54598134803625 ], [ 117.941947610266297, -20.562883246933662 ], [ 117.946337271469602, -20.548065143790726 ], [ 117.962831755991104, -20.550148939545199 ], [ 117.970413898069538, -20.533478573509399 ], [ 117.962831755991104, -20.545055216589816 ], [ 117.942745730485072, -20.53683580000272 ], [ 117.950460892599978, -20.515882076027161 ], [ 117.93170506745858, -20.525953755507125 ], [ 117.939287209537014, -20.481615212509123 ], [ 118.009654808826355, -20.463439882872866 ], [ 118.181516695937546, -20.336444108280677 ], [ 118.200006481006014, -20.358902795856686 ], [ 118.182181796119863, -20.345821189175815 ], [ 118.171274153129829, -20.354966737209345 ], [ 118.182713876265723, -20.346978853483858 ], [ 118.200272521078929, -20.366543380289762 ], [ 118.18005347553644, -20.358092430841058 ], [ 118.196281919985026, -20.367237978874588 ], [ 118.169544892655807, -20.36897447533665 ], [ 118.166086371707749, -20.385181775649237 ], [ 118.204130102136389, -20.375688928323296 ], [ 118.203731042026988, -20.387612870696124 ], [ 118.225147267897668, -20.366890679582177 ], [ 118.251751275190415, -20.37395243186123 ], [ 118.262259858071047, -20.35728206582543 ], [ 118.29418466682236, -20.360060460164728 ], [ 118.308683850796911, -20.352767175024066 ], [ 118.290194065728443, -20.347789218499486 ], [ 118.343003020204563, -20.330771553171271 ], [ 118.344067180496268, -20.360060460164728 ], [ 118.363488105819982, -20.371405570383541 ], [ 118.371070247898416, -20.350451846407982 ], [ 118.409246998363528, -20.357976664410256 ], [ 118.416829140441962, -20.33956980191239 ], [ 118.485866539366654, -20.346284254899032 ], [ 118.487462779804218, -20.325909363077496 ], [ 118.509278065784272, -20.339685568343192 ], [ 118.53375375249361, -20.312248924242599 ], [ 118.554903938291346, -20.314795785720293 ], [ 118.531891471983116, -20.302871843347461 ], [ 118.558761519348806, -20.295115492483582 ], [ 118.572196543031637, -20.297778120392078 ], [ 118.569536142302368, -20.322436370153369 ], [ 118.557830379093559, -20.318037245782811 ], [ 118.551977497489148, -20.346284254899032 ], [ 118.574457883651519, -20.327993158831969 ], [ 118.574324863615061, -20.345242357021792 ], [ 118.593745788938776, -20.346284254899032 ], [ 118.587493847224977, -20.33655987471148 ], [ 118.616492215174077, -20.329266589570818 ], [ 118.573925803505674, -20.317574180059594 ], [ 118.594011829011706, -20.294073594606346 ], [ 118.598135450142081, -20.308197099164456 ], [ 118.640568841774027, -20.298704251838512 ], [ 118.670099289868972, -20.339685568343192 ], [ 118.751640572221262, -20.287127608758095 ], [ 118.833580914682955, -20.280065856479037 ], [ 118.841562116870776, -20.23144395554128 ], [ 118.878275646934782, -20.242557532898481 ], [ 118.860317942012173, -20.226813298309114 ], [ 118.867368003944748, -20.209101034396074 ], [ 118.89649939193032, -20.167772418598979 ], [ 118.959151829104755, -20.127022634955907 ], [ 118.995333279022901, -20.034525256743361 ], [ 119.068361279041511, -20.015423795660674 ], [ 119.099754007646965, -19.959277076720642 ], [ 119.147774240810378, -19.979188902818962 ], [ 119.169988586899834, -20.015539562091476 ], [ 119.207101177073227, -20.023643212247769 ], [ 119.172249927519715, -20.007204379073574 ], [ 119.185285891093159, -19.951404959425957 ], [ 119.373376222652936, -19.991460144484204 ], [ 119.381889504986617, -20.004773284026687 ], [ 119.416474714467199, -19.994470071685114 ], [ 119.438822080593113, -20.016118394245495 ], [ 119.489502714485809, -20.017391824984344 ], [ 119.512914240903427, -20.046449199116193 ], [ 119.579956339281168, -20.075390806817239 ], [ 119.664956142581516, -20.04031357828357 ], [ 119.680120426738398, -20.004425984734276 ], [ 119.701802692681994, -19.995396203131548 ], [ 119.709650874833343, -20.019822920031231 ], [ 119.691693169910735, -20.035451388189795 ], [ 119.748492725480773, -20.017160292122735 ], [ 119.735323741870857, -19.971201019093474 ], [ 119.765253250075205, -19.976410508479663 ], [ 119.771372171752546, -19.955225251642496 ], [ 119.821520725499383, -19.9718956176783 ], [ 119.972764506958697, -19.932998096928092 ], [ 120.195972128144902, -19.913896635845401 ], [ 120.630947647381433, -19.7699989623558 ], [ 120.9615024379939, -19.632005376837213 ], [ 121.113943399781391, -19.538581867178237 ], [ 121.210116886144689, -19.466343614356425 ], [ 121.33329343991015, -19.341663168380318 ], [ 121.503958146693165, -19.106194248124606 ], [ 121.519122430850032, -19.046111470537234 ], [ 121.560358642153801, -18.983481831472172 ], [ 121.554239720476474, -18.941805916382663 ], [ 121.578183327039952, -18.95083569798539 ], [ 121.600131633056463, -18.940648252074624 ], [ 121.57778426693055, -18.943542412844728 ], [ 121.602792033785747, -18.86922036426844 ], [ 121.636446103011082, -18.82407145625481 ], [ 121.65440380793369, -18.821408828346314 ], [ 121.655600988261867, -18.767230138729953 ], [ 121.619552558380178, -18.741529991091426 ], [ 121.619286518307248, -18.7048320325265 ], [ 121.6694350720541, -18.718955537084611 ], [ 121.699098540185517, -18.698696411693877 ], [ 121.741132871708061, -18.704716266095694 ], [ 121.755765075719083, -18.67195436617811 ], [ 121.792478605783089, -18.658178160912414 ], [ 121.78569458392343, -18.608282829235808 ], [ 121.729693148572181, -18.579109688673153 ], [ 121.764810438198623, -18.552830708880606 ], [ 121.790882365345524, -18.503861508650434 ], [ 121.790350285199665, -18.520994940409455 ], [ 121.799395647679205, -18.526899028380466 ], [ 121.816954292492412, -18.49240063200082 ], [ 121.801124908153227, -18.506408370128128 ], [ 121.792345585746617, -18.482444718951662 ], [ 121.81522503201839, -18.451072016203725 ], [ 121.839434678654797, -18.44366296463226 ], [ 121.872024587588413, -18.471678440886873 ], [ 121.946648828044587, -18.439263840261699 ], [ 122.017415487443316, -18.390526172893139 ], [ 122.063573440096249, -18.325812738073598 ], [ 122.13008345832813, -18.307405875575732 ], [ 122.198322737034047, -18.23065273195256 ], [ 122.199785957435154, -18.249638426604445 ], [ 122.214684201519091, -18.204026452867595 ], [ 122.313784128684603, -18.172769516550467 ], [ 122.370317644181711, -18.116391264748827 ], [ 122.375638445640263, -17.990205855172267 ], [ 122.249003370926744, -17.952581765160907 ], [ 122.209097359987609, -18.008033885516113 ], [ 122.175975370908134, -17.972956656982443 ], [ 122.204973738857234, -17.945288480020245 ], [ 122.212821921008597, -17.873744825783259 ], [ 122.199652937398682, -17.684814010710827 ], [ 122.14511472244854, -17.560365097596332 ], [ 122.150036463797704, -17.355342748642119 ], [ 122.173181950142393, -17.263539969014403 ], [ 122.188479254335732, -17.239692084268739 ], [ 122.202446358164423, -17.245596172239754 ], [ 122.211092660534575, -17.240386682853565 ], [ 122.2263899647279, -17.186439526098813 ], [ 122.242884449249416, -17.189680986161331 ], [ 122.251663771656027, -17.157613684828572 ], [ 122.258580813552143, -17.167801130739342 ], [ 122.278932879131091, -17.146152808178957 ], [ 122.310857687882404, -17.152519961873189 ], [ 122.28877636182942, -17.138512223745881 ], [ 122.31391714872106, -17.138859523038295 ], [ 122.292633942886866, -17.130292807158785 ], [ 122.302078365475793, -17.1168639011855 ], [ 122.262970474755448, -17.13515499725256 ], [ 122.253260012093591, -17.119873828386407 ], [ 122.295560383689065, -17.067200102370503 ], [ 122.351029738894454, -17.036985063930612 ], [ 122.366327043087793, -16.99762447745719 ], [ 122.462234489378176, -16.940088561347508 ], [ 122.434699341830168, -16.983269440037471 ], [ 122.47832991379029, -16.973197760557508 ], [ 122.480192194300784, -16.894592354041464 ], [ 122.519832165166989, -16.93372140765328 ], [ 122.514112303599049, -16.951433671566321 ], [ 122.594057345513775, -16.966830606863276 ], [ 122.533799268995679, -16.836477605777766 ], [ 122.545505032204488, -16.824669429835737 ], [ 122.569581658804438, -16.835088408608115 ], [ 122.553353214355852, -16.805336435891437 ], [ 122.578094941138119, -16.765049717971582 ], [ 122.60988672985296, -16.765628550125605 ], [ 122.637421877400953, -16.800705778659271 ], [ 122.73213214336316, -16.777784025360042 ], [ 122.757405950291286, -16.746064023319697 ], [ 122.759534270874695, -16.763428987940323 ], [ 122.777358955760846, -16.753473074891165 ], [ 122.788931698933197, -16.763544754371129 ], [ 122.781615596927693, -16.747453220489348 ], [ 122.829901870164036, -16.786003441947141 ], [ 122.841740653409317, -16.788087237701614 ], [ 122.824714088741942, -16.771648404527422 ], [ 122.827108449398295, -16.745716724027282 ], [ 122.775762715323282, -16.73541351168571 ], [ 122.782945797292328, -16.700336283152044 ], [ 122.75567668981725, -16.707745334723512 ], [ 122.741842606025017, -16.683434384254632 ], [ 122.780019356490115, -16.57878153080765 ], [ 122.803430882907747, -16.556207076800835 ], [ 122.801834642470183, -16.567667953450449 ], [ 122.843868973992727, -16.549145324521778 ], [ 122.863555939389371, -16.52043524968234 ], [ 122.875261702598181, -16.530159629869893 ], [ 122.883375924822474, -16.52900196556185 ], [ 122.853845476727514, -16.512678898818461 ], [ 122.905723290948387, -16.485705320441085 ], [ 122.898141148869954, -16.447155098983291 ], [ 122.92527723630856, -16.389387650012004 ], [ 122.955206744512907, -16.401774658108053 ], [ 122.989658933957031, -16.382210131302145 ], [ 122.992984434868617, -16.394134073674977 ], [ 122.991122154358123, -16.380589401270885 ], [ 123.038078227229832, -16.35859377941809 ], [ 123.020253542343696, -16.378158306223998 ], [ 123.03581688660995, -16.394828672259802 ], [ 123.014799720848671, -16.405710716755394 ], [ 123.043132988615469, -16.439861813842629 ], [ 123.076787057840789, -16.437546485226544 ], [ 123.045527349271808, -16.472739480191017 ], [ 123.015464821031003, -16.451785756215457 ], [ 122.984205112462007, -16.46509889575794 ], [ 122.997507116108395, -16.485821086871891 ], [ 122.974893709909551, -16.518004154635452 ], [ 123.008015698989027, -16.528423133407831 ], [ 122.989791953993489, -16.532474958485977 ], [ 122.958399225388035, -16.588274378133594 ], [ 122.996575975853148, -16.601819050537681 ], [ 122.995910875670816, -16.638980074825824 ], [ 123.018790321942589, -16.60760737207789 ], [ 123.038610307375691, -16.62138357734359 ], [ 123.032624405734822, -16.646273359966489 ], [ 123.05058211065743, -16.690727669395297 ], [ 123.078782358387755, -16.693274530872987 ], [ 123.08530034017447, -16.666185186064808 ], [ 123.084901280065083, -16.698252487397568 ], [ 123.115096828342359, -16.713765189125329 ], [ 123.138242314687062, -16.687949275055995 ], [ 123.133320573337897, -16.737265774578578 ], [ 123.11868836932689, -16.731593219469172 ], [ 123.101927844732444, -16.751389279136689 ], [ 123.106051465862819, -16.789707967732873 ], [ 123.15287451869807, -16.801516143674899 ], [ 123.178015305589724, -16.859283592646189 ], [ 123.153539618880387, -16.878385053728881 ], [ 123.149149957677082, -16.924691626050553 ], [ 123.235479961342079, -16.97076666551062 ], [ 123.263414168999461, -17.011863748446103 ], [ 123.290550256438081, -17.10771835315197 ], [ 123.344556391242364, -17.162707407783955 ], [ 123.387388842983697, -17.249300698025486 ], [ 123.392709644442249, -17.316213695030306 ], [ 123.459352682710602, -17.350596324979147 ], [ 123.48276420912822, -17.395976765854389 ], [ 123.514289957770146, -17.418435453430401 ], [ 123.523202300213214, -17.452239251225222 ], [ 123.537568464151306, -17.454323046979699 ], [ 123.533045782911529, -17.477013267417316 ], [ 123.54541664630267, -17.470183047999871 ], [ 123.54515060622974, -17.496346261361616 ], [ 123.575213134470545, -17.520772978261299 ], [ 123.581864136293731, -17.578771960094194 ], [ 123.589180238299249, -17.577961595078566 ], [ 123.593170839393153, -17.573794003569617 ], [ 123.599954861252812, -17.514637357428679 ], [ 123.57960279567385, -17.483611953973156 ], [ 123.581598096220802, -17.425844505001869 ], [ 123.564438511516983, -17.406743043919178 ], [ 123.581864136293731, -17.349207127809496 ], [ 123.594767079830717, -17.357426544396596 ], [ 123.60288130205501, -17.339366981191141 ], [ 123.625095648144466, -17.195700840563148 ], [ 123.646245833942203, -17.183892664621123 ], [ 123.590643458700342, -17.101003900165328 ], [ 123.583593396767768, -17.033280538144879 ], [ 123.600752981471587, -17.010590317707258 ], [ 123.653428915911249, -17.002718200412573 ], [ 123.660079917734436, -17.039647691839107 ], [ 123.680298963276925, -17.059212218645015 ], [ 123.703577469658086, -17.042657619040018 ], [ 123.740823079867937, -17.068357766678545 ], [ 123.807333098099832, -17.169190327908989 ], [ 123.862536413232291, -17.216538798107901 ], [ 123.898052762968121, -17.218854126723986 ], [ 123.915079327635482, -17.206467118627938 ], [ 123.886879079905157, -17.201604928534163 ], [ 123.829547444189274, -17.134691931529343 ], [ 123.796425455109798, -17.003991631151418 ], [ 123.820369061673276, -16.997856010318799 ], [ 123.802544376787139, -16.986395133669184 ], [ 123.826887043460005, -16.957221993106529 ], [ 123.959108959704992, -16.853263738244372 ], [ 123.951393797590086, -16.8180707432799 ], [ 123.94208239503763, -16.85210607393633 ], [ 123.894461221983605, -16.86321965129353 ], [ 123.797356595365045, -16.912188851523702 ], [ 123.760909105373969, -16.875838192251187 ], [ 123.758381724681158, -16.837751036516611 ], [ 123.717544573486776, -16.784845777639099 ], [ 123.711558671845907, -16.752662709875533 ], [ 123.681496143605102, -16.751620811998297 ], [ 123.620705986941161, -16.68111905563855 ], [ 123.507505935910487, -16.660165331662991 ], [ 123.510166336639756, -16.641874235595932 ], [ 123.57388293410591, -16.625203869560128 ], [ 123.555659189110372, -16.612585328602471 ], [ 123.5684291126109, -16.608880802816739 ], [ 123.562443210970031, -16.590705473180481 ], [ 123.601950161799763, -16.582138757300971 ], [ 123.592106679101448, -16.569867515635728 ], [ 123.616715385847243, -16.570330581358945 ], [ 123.614720085300291, -16.553544448892339 ], [ 123.589712318445095, -16.538494812887794 ], [ 123.530252362145788, -16.547408828059716 ], [ 123.542224165427527, -16.572067077821007 ], [ 123.519078679082838, -16.567436420588841 ], [ 123.512427677259652, -16.597882991890341 ], [ 123.491011451388985, -16.546019630890065 ], [ 123.460150802929391, -16.529812330577478 ], [ 123.469063145372459, -16.519624884666712 ], [ 123.426230693631126, -16.502607219338497 ], [ 123.496598292920453, -16.514531161711329 ], [ 123.495135072519361, -16.494040503458987 ], [ 123.464008383986837, -16.474939042376295 ], [ 123.473452806575764, -16.469961085851715 ], [ 123.534109943203248, -16.505617146539404 ], [ 123.643053353067074, -16.530043863439086 ], [ 123.582662256512521, -16.499481525706784 ], [ 123.657552537041624, -16.496008532782657 ], [ 123.651433615364283, -16.474939042376295 ], [ 123.497928493285102, -16.409878308264343 ], [ 123.581066016074956, -16.428516703623817 ], [ 123.515753178171238, -16.392281810782109 ], [ 123.516418278353555, -16.383136262748579 ], [ 123.597959560705846, -16.405594950324591 ], [ 123.607936063440633, -16.425738309284519 ], [ 123.621371087123478, -16.429905900793468 ], [ 123.629618329384229, -16.422959914945217 ], [ 123.672051721016174, -16.434768090887243 ], [ 123.697192507907829, -16.414856264788924 ], [ 123.68189520371449, -16.4169400605434 ], [ 123.688280165464747, -16.40478458530896 ], [ 123.647975094416225, -16.385335824933858 ], [ 123.629219269274842, -16.356741516525222 ], [ 123.658749717369801, -16.362877137357845 ], [ 123.663538438682494, -16.383367795610187 ], [ 123.666730919557622, -16.368202393174837 ], [ 123.716746453268001, -16.371559619668158 ], [ 123.697458547980759, -16.337524289011728 ], [ 123.626292828472629, -16.29272268029051 ], [ 123.614054985117974, -16.291796548844076 ], [ 123.624430547962149, -16.317265163620998 ], [ 123.596097280195366, -16.318075528636626 ], [ 123.549407247396573, -16.281840635794918 ], [ 123.552200668162314, -16.265170269759114 ], [ 123.570690453230782, -16.276168080685512 ], [ 123.591840639028518, -16.259960780372925 ], [ 123.576011254689334, -16.245258443660795 ], [ 123.61192666453455, -16.261118444680967 ], [ 123.607004923185386, -16.244448078645163 ], [ 123.580533935929097, -16.238312457812544 ], [ 123.595565200049506, -16.232176836979921 ], [ 123.563773411334665, -16.216201069528942 ], [ 123.597560500596458, -16.215853770236532 ], [ 123.566832872173336, -16.208097419372649 ], [ 123.556324289292689, -16.178461213086781 ], [ 123.613389884935643, -16.160517416312132 ], [ 123.635737251061556, -16.176145884470696 ], [ 123.624031487852747, -16.160285883450523 ], [ 123.653295895874777, -16.166537270713949 ], [ 123.670056420469223, -16.150445736832168 ], [ 123.696261367652582, -16.153455664033075 ], [ 123.701981229220522, -16.172441358684964 ], [ 123.713686992429331, -16.167579168591185 ], [ 123.704109549803945, -16.152992598309858 ], [ 123.722599334872399, -16.166537270713949 ], [ 123.70543975016858, -16.129144713564198 ], [ 123.770619568035826, -16.170589095792096 ], [ 123.790572573505386, -16.200456834939576 ], [ 123.814915240178266, -16.217011434544574 ], [ 123.772215808473391, -16.216779901682965 ], [ 123.796957535255657, -16.262970707573835 ], [ 123.78698103252087, -16.245258443660795 ], [ 123.784586671864517, -16.261349977542576 ], [ 123.777137549822555, -16.251741363785829 ], [ 123.74348348059722, -16.25671932031041 ], [ 123.740690059831479, -16.263202240435444 ], [ 123.782857411390495, -16.293069979582921 ], [ 123.783256471499882, -16.284040197980197 ], [ 123.797755655474433, -16.314486769281697 ], [ 123.800283036167244, -16.304183556940124 ], [ 123.86546285403449, -16.329883704578652 ], [ 123.876104456951595, -16.377695240500781 ], [ 123.838459786632356, -16.362645604496237 ], [ 123.854422191007998, -16.432336995840355 ], [ 123.870251575347197, -16.443450573197559 ], [ 123.866660034362667, -16.413467067619273 ], [ 123.899249943296297, -16.425043710699693 ], [ 123.884617739285275, -16.354541954339943 ], [ 123.89858484311398, -16.362414071634628 ], [ 123.889672500670898, -16.345975238460433 ], [ 123.908029265702908, -16.347711734922498 ], [ 123.8838196190665, -16.304067790509318 ], [ 123.92399167007855, -16.348406333507324 ], [ 123.986644107252985, -16.373990714715045 ], [ 123.933702132740407, -16.297006038230265 ], [ 123.960971240215486, -16.279756840040442 ], [ 124.000079130935831, -16.291796548844076 ], [ 123.950994737480698, -16.261813043265793 ], [ 123.909891546213402, -16.210296981557931 ], [ 123.973874183752471, -16.254751290986736 ], [ 124.124452865029454, -16.280451438625267 ], [ 124.179124100016068, -16.309045747033899 ], [ 124.175000478885693, -16.32814720811659 ], [ 124.194820464318795, -16.342502245536309 ], [ 124.225814132814847, -16.418097724851442 ], [ 124.324248959798041, -16.414740498358121 ], [ 124.331565061803545, -16.439977580273432 ], [ 124.310015815896421, -16.45595334772441 ], [ 124.3214555390323, -16.468456122251261 ], [ 124.390093877847605, -16.445187069659621 ], [ 124.390359917920534, -16.458963274925317 ], [ 124.407253462551438, -16.478643568162031 ], [ 124.393818438868593, -16.500407657153218 ], [ 124.415234664739259, -16.512331599526046 ], [ 124.406189302259733, -16.526686636945765 ], [ 124.395414679306157, -16.527265469099788 ], [ 124.392222198431028, -16.533053790639997 ], [ 124.410312923390109, -16.543241236550767 ], [ 124.429866868750281, -16.498439627829544 ], [ 124.468043619215379, -16.498902693552761 ], [ 124.403927961639837, -16.470771450867346 ], [ 124.38876367748297, -16.415203564081338 ], [ 124.340610424283085, -16.42446487854567 ], [ 124.348857666543836, -16.389156117150396 ], [ 124.354710548148248, -16.390313781458438 ], [ 124.387433477118336, -16.345627939168022 ], [ 124.407386482587896, -16.373296116130224 ], [ 124.431463109187845, -16.374222247576654 ], [ 124.431330089151373, -16.394018307244171 ], [ 124.449553834146911, -16.388577284996373 ], [ 124.451416114657405, -16.409299476110323 ], [ 124.501298628331327, -16.400732760230813 ], [ 124.601728755861473, -16.414045899773296 ], [ 124.745390395242339, -16.389966482166024 ], [ 124.838637440803453, -16.43268429513277 ], [ 124.91725228235353, -16.420760352759938 ], [ 124.922307043739167, -16.391124146474066 ], [ 124.95037427143302, -16.390429547889241 ], [ 124.9555620528551, -16.373411882561026 ], [ 124.91778436249939, -16.388114219273156 ], [ 124.901821958123733, -16.414856264788924 ], [ 124.881868952654173, -16.408720643956304 ], [ 124.826399597448784, -16.409067943248715 ], [ 124.813230613838869, -16.415666629804555 ], [ 124.787690766837827, -16.385798890657075 ], [ 124.725171349699849, -16.372138451822181 ], [ 124.715194846965062, -16.355815385078792 ], [ 124.694576741313185, -16.344933340583196 ], [ 124.571001127438336, -16.329304872424633 ], [ 124.480547502642978, -16.356394217232811 ], [ 124.464319058194391, -16.341228814797464 ], [ 124.430664988969056, -16.359288378002915 ], [ 124.394616559087382, -16.338566186888968 ], [ 124.405258162004486, -16.300942096877606 ], [ 124.388630657446512, -16.276515379977923 ], [ 124.407918562733755, -16.250699465908589 ], [ 124.379319254894043, -16.227546179747755 ], [ 124.400203400618864, -16.201730265678421 ], [ 124.39780903996251, -16.170704862222898 ], [ 124.434655590062974, -16.178808512379192 ], [ 124.444366052724831, -16.065357410191091 ], [ 124.478286162023096, -16.081796243365286 ], [ 124.463387917939144, -16.107496391003814 ], [ 124.516994992634054, -16.171052161515313 ], [ 124.501298628331327, -16.187490994689504 ], [ 124.50342694891475, -16.188532892566744 ], [ 124.536681958030684, -16.184249534626989 ], [ 124.526971495368826, -16.162022379912585 ], [ 124.560758584630634, -16.119420333376645 ], [ 124.597871174804027, -16.126482085655702 ], [ 124.645093287748665, -16.100550405155563 ], [ 124.617691160237129, -16.090478725675599 ], [ 124.607182577356483, -16.113400478974828 ], [ 124.589091852397416, -16.113400478974828 ], [ 124.585500311412886, -15.985247040074595 ], [ 124.632988464430454, -15.982468645735295 ], [ 124.641900806873537, -15.995318719554559 ], [ 124.638575305961936, -15.98096368213484 ], [ 124.598403254949872, -15.967650542592359 ], [ 124.59694003454878, -15.942992292831068 ], [ 124.621282701221645, -15.917523678054147 ], [ 124.605586336918918, -15.897727618386632 ], [ 124.652276369717711, -15.854546739696671 ], [ 124.683137018177305, -15.885803676013801 ], [ 124.675820916171787, -15.862766156283769 ], [ 124.712002366089934, -15.836950242214435 ], [ 124.704819284120887, -15.813681189622795 ], [ 124.736877112908658, -15.818543379716569 ], [ 124.703090023646865, -15.787402209830244 ], [ 124.706814584667853, -15.763554325084582 ], [ 124.675022795953012, -15.783929216906118 ], [ 124.69298050087562, -15.748736221941646 ], [ 124.657331131103334, -15.78288731902888 ], [ 124.627534642935444, -15.784739581921748 ], [ 124.496509907018634, -15.997055216016623 ], [ 124.496376886982162, -15.946002220031977 ], [ 124.510610030883782, -15.931415649750649 ], [ 124.486134344174459, -15.923543532455966 ], [ 124.475625761293813, -15.937898569875683 ], [ 124.474561601002108, -15.888582070353101 ], [ 124.486001324137987, -15.882214916658871 ], [ 124.460062417027558, -15.850726447480133 ], [ 124.458333156553522, -15.811481627437514 ], [ 124.442503772214337, -15.83903403796891 ], [ 124.439045251266279, -15.870406740716845 ], [ 124.422550766744777, -15.851768345357371 ], [ 124.412042183864131, -15.876310828687858 ], [ 124.385704216644299, -15.719678847809796 ], [ 124.395946759452016, -15.73113972445941 ], [ 124.422284726671847, -15.718868482794166 ], [ 124.411510103718271, -15.71064906620707 ], [ 124.397276959816651, -15.723730672887942 ], [ 124.390758978029936, -15.673719574780534 ], [ 124.36881067201341, -15.671867311887668 ], [ 124.381181535404536, -15.661448333115292 ], [ 124.412441243973518, -15.681360159213611 ], [ 124.414436544520484, -15.637253149077218 ], [ 124.425477207546976, -15.670130815425605 ], [ 124.443700952542514, -15.669667749702388 ], [ 124.435453710281763, -15.614331395777988 ], [ 124.45301235509497, -15.60333358485159 ], [ 124.452347254912652, -15.615604826516835 ], [ 124.458865236699381, -15.617109790117288 ], [ 124.467112478960132, -15.615373293655226 ], [ 124.452746315022054, -15.601597088389529 ], [ 124.43252726947955, -15.60773270922215 ], [ 124.429733848713809, -15.592683073217605 ], [ 124.405657222113874, -15.617688622271309 ], [ 124.429999888786739, -15.574507743581348 ], [ 124.417629025395613, -15.549502194527644 ], [ 124.445962293162395, -15.528780003413695 ], [ 124.459796376954628, -15.536420587846772 ], [ 124.475625761293813, -15.501459125743908 ], [ 124.502495808659503, -15.51338306811674 ], [ 124.492519305924716, -15.486177956877755 ], [ 124.445962293162395, -15.503311388636774 ], [ 124.517261032706983, -15.468581459395519 ], [ 124.553841542734517, -15.502153724328734 ], [ 124.579248369699087, -15.499259563558629 ], [ 124.580312529990806, -15.520097521103382 ], [ 124.616493979908952, -15.504584819375621 ], [ 124.628731823263621, -15.525654309781983 ], [ 124.635382825086808, -15.505163651529642 ], [ 124.617957200310045, -15.468118393672302 ], [ 124.644694227639263, -15.424821748551539 ], [ 124.645093287748665, -15.463371970009332 ], [ 124.668770854239213, -15.483862628261672 ], [ 124.682870978104376, -15.477842773859855 ], [ 124.674224675734223, -15.405257221745631 ], [ 124.726634570100956, -15.360455613024412 ], [ 124.701626803245759, -15.357561452254307 ], [ 124.705351364266747, -15.343553714127001 ], [ 124.666775553692261, -15.361960576624867 ], [ 124.66039059194199, -15.330124808153716 ], [ 124.707213644777241, -15.320747727258576 ], [ 124.696838081933066, -15.296436776789697 ], [ 124.667307633838107, -15.296668309651306 ], [ 124.679279437119845, -15.288564659495012 ], [ 124.674623735843625, -15.2549923945618 ], [ 124.699897542771737, -15.278377213584244 ], [ 124.705085324193817, -15.25337166453054 ], [ 124.770265142061064, -15.301646266175887 ], [ 124.738606373382694, -15.345405977019867 ], [ 124.755632938050056, -15.350036634252035 ], [ 124.786094526400262, -15.293426849588789 ], [ 124.821078795990232, -15.325146851629135 ], [ 124.842894081970286, -15.29875210540578 ], [ 124.836376100183557, -15.316348602888016 ], [ 124.846485622954816, -15.35212043000651 ], [ 124.875750030976846, -15.343437947696197 ], [ 124.932416566510412, -15.374694884013326 ], [ 124.929889185817601, -15.394606710111645 ], [ 124.952635612052902, -15.386271527093745 ], [ 124.966735735918064, -15.416833864826049 ], [ 124.979505659418578, -15.411740141870665 ], [ 125.004247386200845, -15.441029048864124 ], [ 124.993738803320198, -15.46360350287094 ], [ 124.957025273256207, -15.4763378102594 ], [ 124.984693440840672, -15.476569343121009 ], [ 124.962479094751217, -15.492776643433594 ], [ 124.996266184013024, -15.477032408844225 ], [ 124.989748202226295, -15.502153724328734 ], [ 125.001453965435104, -15.503658687929187 ], [ 125.004513426273775, -15.476106277397792 ], [ 125.025530592035054, -15.483283796107651 ], [ 125.010632347951102, -15.528201171259674 ], [ 125.012627648498068, -15.540356646494114 ], [ 125.030984413530064, -15.504469052944817 ], [ 125.05293271954659, -15.499028030697021 ], [ 125.041626016447168, -15.483862628261672 ], [ 125.052267619364258, -15.468349926533911 ], [ 125.088715109355334, -15.463256203578528 ], [ 125.220937025600321, -15.566867159148273 ], [ 125.371515706877318, -15.663763661731375 ], [ 125.070092304250409, -15.440218683848494 ], [ 125.090843429938758, -15.355014590776614 ], [ 125.160279888972852, -15.32248422372064 ], [ 125.090843429938758, -15.338923056894833 ], [ 125.107470934496732, -15.267610935519455 ], [ 125.100287852527686, -15.285902031586517 ], [ 125.081798067459218, -15.254529328838583 ], [ 125.09589819132438, -15.2882173602026 ], [ 125.081265987313373, -15.314380573564346 ], [ 125.039630715900202, -15.301414733314278 ], [ 125.040960916264851, -15.2854389658633 ], [ 124.920045703119271, -15.356403787946265 ], [ 124.897964377066288, -15.339964954772071 ], [ 124.901821958123733, -15.318663931504101 ], [ 124.891446395279559, -15.327693713106827 ], [ 124.893441695826525, -15.306855755562074 ], [ 124.876149091086234, -15.301993565468297 ], [ 124.90328517852484, -15.268884366258302 ], [ 124.904615378889474, -15.255455460285017 ], [ 124.918981542827566, -15.265295606903372 ], [ 124.927494825161247, -15.229176480492466 ], [ 124.9651394954805, -15.212621880887468 ], [ 125.005178526456092, -15.241910787880927 ], [ 125.042158096593013, -15.178123484507822 ], [ 125.059716741406234, -15.18113341170873 ], [ 125.0488090984162, -15.158211658409501 ], [ 125.028723072910182, -15.169325235766703 ], [ 125.011829528279279, -15.159369322717543 ], [ 124.993738803320198, -15.197803777744532 ], [ 124.982033040111389, -15.192710054789147 ], [ 124.991610482736789, -15.171061732228766 ], [ 124.970194256866122, -15.164231512811318 ], [ 124.963011174897076, -15.189931660449847 ], [ 124.969396136647333, -15.20961195368656 ], [ 124.942925149391044, -15.194215018389603 ], [ 124.943856289646291, -15.213084946610685 ], [ 124.882401032800033, -15.259623051793966 ], [ 124.886524653930408, -15.233807137724634 ], [ 124.865906548278517, -15.235890933479109 ], [ 124.881203852471856, -15.208454289378517 ], [ 124.864709367950354, -15.194215018389603 ], [ 124.892776595644207, -15.173492827275654 ], [ 124.837706300548206, -15.183101441032401 ], [ 124.834380799636605, -15.157285526963067 ], [ 124.909670140275097, -15.107390195286465 ], [ 124.939466628442986, -15.124870926337897 ], [ 124.951571451761197, -15.11445194756552 ], [ 124.974450898032956, -15.135289905110273 ], [ 125.010765367987574, -15.093961289313178 ], [ 125.029920253238345, -15.113294283257478 ], [ 125.047212857978636, -15.077869755431397 ], [ 125.020342810612959, -15.047075884837485 ], [ 125.026195692217371, -15.031331650248115 ], [ 125.014223888935632, -15.035036176033849 ], [ 125.025131531925652, -14.992318363067104 ], [ 125.011962548315736, -14.983172815033575 ], [ 125.033112734113487, -14.996022888852838 ], [ 125.074348945417256, -14.975763763462107 ], [ 125.09283873048571, -14.988150771558153 ], [ 125.059051641223917, -15.028205956616402 ], [ 125.083527327933254, -15.040592964712451 ], [ 125.073949885307854, -15.06606157948937 ], [ 125.099888792418298, -15.064093550165699 ], [ 125.104278453621603, -15.034573110310632 ], [ 125.12569467949227, -15.043487125482555 ], [ 125.122502198617141, -15.092224792851116 ], [ 125.163206329775051, -15.151381438992054 ], [ 125.225060646730711, -15.103917202362339 ], [ 125.266695918143867, -15.100212676576605 ], [ 125.271085579347172, -15.113757348980695 ], [ 125.281062082081945, -15.097550048668108 ], [ 125.282259262410122, -15.143625088128173 ], [ 125.334935196849784, -15.162958082072473 ], [ 125.343581499219923, -15.143740854558978 ], [ 125.481390256996391, -15.154738665485375 ], [ 125.483385557543343, -15.139804795911635 ], [ 125.481257236959934, -15.136447569418314 ], [ 125.454387189594243, -15.130196182154888 ], [ 125.39705555387836, -15.131701145755343 ], [ 125.360075983741439, -15.109821290333352 ], [ 125.401977295227525, -15.084699974848844 ], [ 125.39678951380543, -15.070344937429125 ], [ 125.370185506512684, -15.073702163922446 ], [ 125.375506307971236, -15.052748439946889 ], [ 125.411421717816452, -15.047423184129897 ], [ 125.462501411818536, -15.000190480361789 ], [ 125.476734555720157, -15.004242305439936 ], [ 125.471812814371006, -14.993476027375147 ], [ 125.420201040223063, -15.021491503629759 ], [ 125.409027357160099, -14.99856975033053 ], [ 125.409426417269486, -15.025080262984689 ], [ 125.38588187081541, -15.032489314556157 ], [ 125.371116646767931, -14.996717487437664 ], [ 125.352892901772393, -15.008872962672102 ], [ 125.335334256959172, -14.987108873680917 ], [ 125.318706752401198, -15.005863035471194 ], [ 125.283190402665369, -14.994633691683189 ], [ 125.278135641279746, -14.978773690663015 ], [ 125.304606628536035, -14.961640258903996 ], [ 125.27121859938363, -14.95955646314952 ], [ 125.255655255117375, -14.979236756386232 ], [ 125.257118475518467, -14.946474856468647 ], [ 125.242752311580389, -14.944159527852564 ], [ 125.213354883521887, -14.969280843337073 ], [ 125.224395546548379, -14.924595001046656 ], [ 125.244481572054411, -14.913944489412671 ], [ 125.252329754205775, -14.924826533908265 ], [ 125.26031095639361, -14.899010619838933 ], [ 125.261375116685315, -14.923090037446203 ], [ 125.297955626712849, -14.935245512680641 ], [ 125.307666089374706, -14.920195876676098 ], [ 125.294896165874178, -14.907924635010854 ], [ 125.334004056594537, -14.881298355925892 ], [ 125.305005688645437, -14.881529888787501 ], [ 125.288112144014534, -14.85525090899495 ], [ 125.264168537451056, -14.865438354905718 ], [ 125.254325054752741, -14.85247251465565 ], [ 125.25099955384114, -14.872268574323165 ], [ 125.236633389903048, -14.867753683521801 ], [ 125.247008952747223, -14.832560688557329 ], [ 125.220670985527406, -14.86879558139904 ], [ 125.208433142172737, -14.862891493428027 ], [ 125.211359582974936, -14.851893682501629 ], [ 125.184090475499858, -14.826888133447925 ], [ 125.195264158562821, -14.82758273203275 ], [ 125.203777440896502, -14.790190174882998 ], [ 125.179966854369482, -14.778266232510168 ], [ 125.166797870759567, -14.790537474175411 ], [ 125.142588224123159, -14.751987252717617 ], [ 125.161477069301014, -14.732654258773319 ], [ 125.189012216849022, -14.747009296193038 ], [ 125.182627255098765, -14.707532943288811 ], [ 125.201117040167219, -14.697924329532064 ], [ 125.211625623047865, -14.71910958636923 ], [ 125.213753943631289, -14.669330021123431 ], [ 125.234372049283166, -14.661110604536333 ], [ 125.265099677706303, -14.692251774422658 ], [ 125.261641156758245, -14.657058779458186 ], [ 125.276007320696323, -14.660416005951507 ], [ 125.279332821607923, -14.653701552964865 ], [ 125.302345287916154, -14.654974983703712 ], [ 125.308464209593495, -14.649881260748327 ], [ 125.289442344379168, -14.628927536772769 ], [ 125.269090278800206, -14.637957318375495 ], [ 125.248605193184787, -14.615267097937876 ], [ 125.260843036539455, -14.615498630799484 ], [ 125.258581695919574, -14.59327147608508 ], [ 125.27481014036816, -14.589682716730151 ], [ 125.278800741462064, -14.586788555960046 ], [ 125.282525302483052, -14.578569139372949 ], [ 125.297157506494074, -14.575906511464453 ], [ 125.302212267879696, -14.557962714689804 ], [ 125.325357754224385, -14.581810599435466 ], [ 125.328284195026598, -14.559236145428651 ], [ 125.347971160423228, -14.561204174752321 ], [ 125.350232501043109, -14.513508405260998 ], [ 125.363933564798884, -14.514666069569039 ], [ 125.35847974330386, -14.585052059497983 ], [ 125.401312195045207, -14.571160087801481 ], [ 125.402110315263982, -14.546964903763406 ], [ 125.415412318910356, -14.550322130256728 ], [ 125.413417018363404, -14.60044899479494 ], [ 125.438291765182129, -14.613762134337421 ], [ 125.429911502884906, -14.641430311299622 ], [ 125.450263568463868, -14.621981550924518 ], [ 125.436695524744565, -14.595471038270361 ], [ 125.463166512000853, -14.603574688426653 ], [ 125.451460748792044, -14.582852497312704 ], [ 125.473675094881486, -14.562130306198755 ], [ 125.468354293422948, -14.533072932066904 ], [ 125.491632799804108, -14.557846948259 ], [ 125.488573338965438, -14.519180960370402 ], [ 125.520365127680279, -14.500195265718515 ], [ 125.529011430050417, -14.520338624678445 ], [ 125.560670198728801, -14.514781835999843 ], [ 125.530740690524453, -14.555415853212113 ], [ 125.594191247917664, -14.5606253425983 ], [ 125.572642002010539, -14.543028845116064 ], [ 125.612681032986131, -14.510266945198481 ], [ 125.588471386349724, -14.505173222243096 ], [ 125.621992435538601, -14.385123433499157 ], [ 125.588604406386196, -14.369958031063808 ], [ 125.601241309850252, -14.341942554809195 ], [ 125.582219444635925, -14.305360362675074 ], [ 125.599112989266828, -14.276997587128049 ], [ 125.578627903651409, -14.261253352538679 ], [ 125.592195947370712, -14.243772621487247 ], [ 125.605763991090015, -14.260674520384658 ], [ 125.597649768865722, -14.236595102777388 ], [ 125.633166118601551, -14.236016270623367 ], [ 125.627579277070083, -14.24608795010333 ], [ 125.645536981992691, -14.260674520384658 ], [ 125.651522883633561, -14.250602840904694 ], [ 125.666820187826886, -14.286490434453992 ], [ 125.703267677817962, -14.304086931936228 ], [ 125.716303641391406, -14.280239047190566 ], [ 125.730137725183639, -14.282207076514236 ], [ 125.71577156124556, -14.293320653871438 ], [ 125.724151823542769, -14.310569852061262 ], [ 125.700740297125151, -14.325966787358219 ], [ 125.723486723360452, -14.323998758034547 ], [ 125.723619743396924, -14.341247956224372 ], [ 125.702469557599173, -14.34784664278021 ], [ 125.671209849030191, -14.330944743882798 ], [ 125.676397630452286, -14.360002118014648 ], [ 125.651256843560631, -14.387554528546044 ], [ 125.688502453770482, -14.499963732856909 ], [ 125.652054963779406, -14.602069724826199 ], [ 125.648596442831348, -14.650228560040739 ], [ 125.70672619876602, -14.489428987653728 ], [ 125.775630577654255, -14.47901000888135 ], [ 125.806092166004461, -14.444280079640095 ], [ 125.816201688775706, -14.451689131211563 ], [ 125.806225186040919, -14.480399206051001 ], [ 125.851451998438606, -14.456782854166947 ], [ 125.858369040334722, -14.473221687341141 ], [ 125.817930949249728, -14.498111469964041 ], [ 125.849855758001041, -14.535851326406204 ], [ 125.828173492057445, -14.544070742993302 ], [ 125.849323677855182, -14.559120378997847 ], [ 125.830567852713784, -14.585052059497983 ], [ 125.856905819933615, -14.613414835045008 ], [ 125.876193725220858, -14.606237316335148 ], [ 125.895215590435186, -14.623486514524974 ], [ 125.907852493899242, -14.660531772382312 ], [ 125.920888457472685, -14.640156880560776 ], [ 125.936318781702496, -14.646292501393397 ], [ 125.932993280790896, -14.609247243536059 ], [ 125.901866592258372, -14.56919205847781 ], [ 125.916498796269394, -14.542565779392849 ], [ 125.970504931073677, -14.522422420432919 ], [ 125.972101171511241, -14.544881108008932 ], [ 125.993916457491309, -14.554952787488896 ], [ 126.01666288372661, -14.519180960370402 ], [ 126.051248093207192, -14.528789574127149 ], [ 126.046326351858028, -14.472179789463903 ], [ 126.030896027628231, -14.470095993709428 ], [ 126.024378045841502, -14.430966940097614 ], [ 126.016263823617223, -14.416264603385482 ], [ 125.987132435631651, -14.420200662032824 ], [ 125.976623852751018, -14.393342850086254 ], [ 126.006154300845964, -14.399710003780484 ], [ 126.045794271712168, -14.359191752999019 ], [ 126.081975721630315, -14.358844453706608 ], [ 126.088094643307656, -14.347152044195385 ], [ 126.070269958421505, -14.334417736806923 ], [ 126.08969088374522, -14.320641531541225 ], [ 126.053376413790602, -14.254191600259624 ], [ 126.12773461417386, -14.233006343422458 ], [ 126.156599962086489, -14.181953347437814 ], [ 126.142233798148411, -14.159841959154214 ], [ 126.168970825477629, -14.148149549642991 ], [ 126.1044561077927, -14.075679763959572 ], [ 126.087828603234726, -14.086098742731949 ], [ 126.064018016707706, -14.073364435343487 ], [ 126.034487568612747, -14.095244290765478 ], [ 125.99311833727252, -14.0681549459573 ], [ 125.976224792641617, -14.03967640397947 ], [ 125.98380693472005, -13.989781072302867 ], [ 125.985137135084699, -14.006914504061886 ], [ 126.014401543106729, -14.025437132990556 ], [ 126.010144901939881, -14.065376551618 ], [ 126.026772406497855, -14.016754650680241 ], [ 126.034753608685676, -14.038287206809819 ], [ 126.056036814519885, -14.026594797298598 ], [ 126.02185066514869, -13.996842824581922 ], [ 126.040739510326546, -13.983529685039441 ], [ 126.065348217072341, -13.988160342271607 ], [ 126.074792639661283, -14.041412900441532 ], [ 126.101795707063417, -14.045464725519679 ], [ 126.08636538283362, -13.987697276548392 ], [ 126.107249528558441, -13.976699465621994 ], [ 126.082773841849104, -13.979825159253707 ], [ 126.012273222523305, -13.928077564684235 ], [ 126.038877229816052, -13.92182617742081 ], [ 126.062687816343072, -13.942895667827171 ], [ 126.092085244401559, -13.895084131905044 ], [ 126.087030483015937, -13.920784279543573 ], [ 126.107116508521969, -13.920552746681965 ], [ 126.08397102217728, -13.941969536380739 ], [ 126.102992887391594, -13.926919900376195 ], [ 126.130261994866672, -13.944632164289235 ], [ 126.134917696142907, -13.918816250219901 ], [ 126.156067881940643, -13.912912162248888 ], [ 126.156599962086489, -13.936528514132942 ], [ 126.126404413809226, -13.964196691095141 ], [ 126.1591273427793, -13.968364282604092 ], [ 126.131991255340694, -13.986192312947937 ], [ 126.109776909251252, -14.02833129376066 ], [ 126.187061550436695, -13.968132749742484 ], [ 126.216192938422267, -13.968248516173288 ], [ 126.22098165973496, -13.98792880941 ], [ 126.195042752624531, -13.980635524269337 ], [ 126.145426279023539, -14.01339742418692 ], [ 126.20076261419247, -14.000894649660069 ], [ 126.225105280865336, -14.028447060191464 ], [ 126.217523138786902, -14.042917864041987 ], [ 126.149549900153914, -14.067460347372474 ], [ 126.189588931129506, -14.0681549459573 ], [ 126.163916064092007, -14.112956554678519 ], [ 126.212601397437737, -14.074174800359117 ], [ 126.205817375578093, -14.091539764979744 ], [ 126.220848639698502, -14.111798890370476 ], [ 126.179346388321804, -14.130321519299146 ], [ 126.209009856453221, -14.139698600194286 ], [ 126.189588931129506, -14.163083419216731 ], [ 126.198634293609047, -14.181721814576205 ], [ 126.238407284511709, -14.173386631558303 ], [ 126.247053586881862, -14.185194807500331 ], [ 126.248117747173566, -14.21066342227725 ], [ 126.232554402907311, -14.20429626858302 ], [ 126.21552783823995, -14.23196444554522 ], [ 126.24093466520452, -14.223397729665711 ], [ 126.257429149726036, -14.237868533516234 ], [ 126.272593433882903, -14.207190429353124 ], [ 126.273657594174608, -14.236710869208192 ], [ 126.282569936617691, -14.221661233203648 ], [ 126.300394621503827, -14.231038314098788 ], [ 126.311967364676178, -14.201980939966937 ], [ 126.358657397474957, -14.188436267562848 ], [ 126.320347626973401, -14.142824293825999 ], [ 126.305449382889449, -14.154748236198829 ], [ 126.297601200738086, -14.138772468747852 ], [ 126.314494745368989, -14.097328086519955 ], [ 126.344823313682738, -14.0958231229195 ], [ 126.334314730802092, -14.049979616321043 ], [ 126.393907707137856, -14.051947645644713 ], [ 126.396568107867139, -14.014902387787375 ], [ 126.421708894758794, -14.011545161294054 ], [ 126.438336399316768, -13.982719320023811 ], [ 126.458688464895715, -14.006335671907864 ], [ 126.486223612443723, -13.994990561689056 ], [ 126.495268974923263, -13.95806107026252 ], [ 126.514955940319894, -13.96246019463308 ], [ 126.537037266372877, -13.934444718378467 ], [ 126.55060531009218, -13.949262821521401 ], [ 126.566434694431379, -13.94034880634948 ], [ 126.574548916655658, -13.949378587952205 ], [ 126.54182598768557, -13.961997128909863 ], [ 126.50710775816853, -14.009577131970381 ], [ 126.491012333756416, -14.008535234093145 ], [ 126.497264275470215, -14.045812024812092 ], [ 126.45429880369241, -14.076605895406004 ], [ 126.45429880369241, -14.095591590057891 ], [ 126.476779189854796, -14.106473634553485 ], [ 126.517084260903317, -14.074406333220725 ], [ 126.52546452320054, -14.081699618361389 ], [ 126.499525616090096, -14.100222247290059 ], [ 126.499126555980709, -14.130321519299146 ], [ 126.517084260903317, -14.157295097676522 ], [ 126.569760195342965, -14.139814366625091 ], [ 126.564971474030273, -14.216799043109873 ], [ 126.575480056910905, -14.228722985482703 ], [ 126.601685004094278, -14.235784737761758 ], [ 126.607005805552831, -14.180101084544946 ], [ 126.630550352006907, -14.190520063317322 ], [ 126.651434497731728, -14.173386631558303 ], [ 126.647310876601352, -14.137499038009006 ], [ 126.660745900284184, -14.117934511203099 ], [ 126.644916515944999, -14.077068961129221 ], [ 126.680698905753758, -14.101842977321317 ], [ 126.689345208123896, -14.091192465687332 ], [ 126.693867889363673, -14.134720643669706 ], [ 126.717944515963609, -14.121407504127225 ], [ 126.710229353848717, -14.100222247290059 ], [ 126.737232421250852, -14.070470274573383 ], [ 126.727122898479607, -14.062713923709502 ], [ 126.756121266428707, -14.045696258381287 ], [ 126.748938184459675, -14.017101949972654 ], [ 126.723265317422161, -14.029952023791919 ], [ 126.701317011405635, -14.02196414006643 ], [ 126.705307612499553, -13.973921071282692 ], [ 126.727122898479607, -13.998347788182377 ], [ 126.753460865699438, -13.988854940856433 ], [ 126.750667444933697, -13.972184574820631 ], [ 126.796958417623088, -13.972531874113043 ], [ 126.809994381196546, -13.990012605164475 ], [ 126.838327648963329, -13.971026910512588 ], [ 126.883421441324543, -13.995916693135488 ], [ 126.895127204533352, -13.992675233072971 ], [ 126.905369747341069, -13.985266181501503 ], [ 126.839524829291491, -13.927730265391824 ], [ 126.804939619810924, -13.927730265391824 ], [ 126.797889557878335, -13.883739021686234 ], [ 126.743085302855263, -13.791704709196907 ], [ 126.765299648944719, -13.77572894174593 ], [ 126.789908355690514, -13.789505147011628 ], [ 126.819837863894861, -13.769361788051699 ], [ 126.826754905790978, -13.80895390738673 ], [ 126.843116370276022, -13.816826024681415 ], [ 126.846707911260538, -13.798303395752745 ], [ 126.872912858443911, -13.79899799433757 ], [ 126.854423073375443, -13.756974779955652 ], [ 126.882091240959909, -13.749218429091771 ], [ 126.925721812920017, -13.7749185767303 ], [ 126.94288139762385, -13.765425729404358 ], [ 126.916277390331089, -13.74227244324352 ], [ 126.963632523312199, -13.742040910381911 ], [ 126.983984588891147, -13.754196385616352 ], [ 126.986245929511043, -13.783369526179005 ], [ 126.995291291990569, -13.791473176335298 ], [ 126.998350752829239, -13.768667189466875 ], [ 127.002075313850227, -13.79402003781299 ], [ 127.014579197277826, -13.787421351257152 ], [ 127.030807641726398, -13.803975950862151 ], [ 127.006997055199392, -13.820993616190366 ], [ 127.037458643549584, -13.830602229947113 ], [ 127.047036086174984, -13.805712447324213 ], [ 127.047169106211442, -13.851208654630257 ], [ 127.081488275619094, -13.839979310842251 ], [ 127.062998490550626, -13.903766614215357 ], [ 127.10290450148976, -13.884317853840255 ], [ 127.093859139010235, -13.927382966099412 ], [ 127.123123547032264, -13.949841653675422 ], [ 127.117536705500783, -13.970563844789371 ], [ 127.143076552501824, -13.980288224976924 ], [ 127.181253302966923, -13.907239607139482 ], [ 127.195486446868543, -13.922752308867244 ], [ 127.191362825738167, -13.959566033862975 ], [ 127.20905449058786, -13.964543990387554 ], [ 127.241511379485019, -13.901682818460882 ], [ 127.268115386777765, -13.904924278523399 ], [ 127.282348530679386, -13.918121651635076 ], [ 127.274633368564494, -13.935370849824899 ], [ 127.314406359467156, -13.959913333155386 ], [ 127.34579908807261, -13.954935376630807 ], [ 127.324515882238401, -13.916963987327035 ], [ 127.347395328510174, -13.906545008554659 ], [ 127.410712865866927, -13.961418296755841 ], [ 127.430133791190642, -13.942895667827171 ], [ 127.426409230169654, -13.966048953988009 ], [ 127.464985040744153, -13.994874795258252 ], [ 127.448490556222637, -14.02474253440573 ], [ 127.452481157316555, -14.05877786506216 ], [ 127.467113361327577, -14.056694069307685 ], [ 127.481080465156268, -14.081352319068976 ], [ 127.49185508810983, -14.06178779226307 ], [ 127.523646876824671, -14.069312610265341 ], [ 127.509014672813663, -14.084941078423906 ], [ 127.537880020726291, -14.087603706332402 ], [ 127.523912916897601, -14.119786774095965 ], [ 127.556768865904147, -14.104621371660617 ], [ 127.56847462911297, -14.126385460651804 ], [ 127.618224122750419, -14.145371155303691 ], [ 127.67023495700775, -14.19156196119456 ], [ 127.665446235695057, -14.207769261507146 ], [ 127.683803000727053, -14.212284152308509 ], [ 127.689655882331465, -14.244351453641269 ], [ 127.779710447017436, -14.333260072498883 ], [ 127.760688581803109, -14.367063870293704 ], [ 127.782104807673775, -14.350509270688706 ], [ 127.787957689278187, -14.387901827838457 ], [ 127.807112574528972, -14.383039637744682 ], [ 127.828661820436096, -14.402951463843001 ], [ 127.819749477993028, -14.440575553854361 ], [ 127.849945026270305, -14.483524899682713 ], [ 127.88027359458404, -14.470790592294254 ], [ 127.901157740308861, -14.503205192919426 ], [ 127.929224968002714, -14.502857893627013 ], [ 127.949310993508746, -14.524158916894983 ], [ 127.931486308622596, -14.556920816812566 ], [ 127.952636494420332, -14.585978190944417 ], [ 127.984827343244575, -14.579611037250187 ], [ 127.993074585505326, -14.556110451796938 ], [ 128.069295066399064, -14.620708120185672 ], [ 128.07315264745651, -14.651733523641195 ], [ 128.087518811394602, -14.639346515545146 ], [ 128.130883343281795, -14.664120531737241 ], [ 128.131282403391168, -14.687042285036471 ], [ 128.147377827803297, -14.683800824973954 ], [ 128.16121191159553, -14.707996009012028 ], [ 128.201250942571136, -14.706491045411573 ], [ 128.222002068259485, -14.722119513570139 ], [ 128.221869048222999, -14.751639953425205 ], [ 128.183825317794373, -14.744230901853737 ], [ 128.175045995387762, -14.789842875590585 ], [ 128.194732960784393, -14.834991783604218 ], [ 128.118512479890654, -14.861270763396767 ], [ 128.139130585542546, -14.870763610722712 ], [ 128.10787087697355, -14.946937922191864 ], [ 128.102816115587927, -15.064903915181329 ], [ 128.075413988076406, -15.099633844422584 ], [ 128.098825514494024, -15.166546841427403 ], [ 128.080867809571401, -15.230681444092921 ], [ 128.092440552743767, -15.279766410753895 ], [ 128.065969565487478, -15.30118320045267 ], [ 128.040429718486422, -15.292732251003963 ], [ 128.066102585523936, -15.312296777809872 ], [ 128.089381091905096, -15.39032335217189 ], [ 128.052401521768161, -15.479463503891113 ], [ 128.013692691157217, -15.50041722786667 ], [ 127.996267066380454, -15.513498834547544 ], [ 127.998794447073266, -15.51812949177971 ], [ 128.068097886070888, -15.49208204484877 ], [ 128.114388858760293, -15.427947442183251 ], [ 128.128222942552526, -15.291690353126725 ], [ 128.100687795004518, -15.243068452188968 ], [ 128.126892742187863, -15.183796039617226 ], [ 128.258050498141159, -15.306276923408053 ], [ 128.256055197594208, -15.316348602888016 ], [ 128.281595044595235, -15.345869042743084 ], [ 128.290507387038303, -15.45503678699143 ], [ 128.327353937138781, -15.505047885098838 ], [ 128.342119161186247, -15.50041722786667 ], [ 128.298222549153223, -15.457004816315102 ], [ 128.300749929846035, -15.319705829381338 ], [ 128.278136523647191, -15.278492980015049 ], [ 128.239560713072677, -15.247467576559528 ], [ 128.220272807785449, -15.203707865715545 ], [ 128.221070928004224, -15.130890780739714 ], [ 128.194067860602075, -15.093498223589963 ], [ 128.226657769535706, -15.005631502609585 ], [ 128.263903379745557, -14.983404347895183 ], [ 128.289975306892472, -14.974721865584868 ], [ 128.331211518196227, -15.035383475326261 ], [ 128.292502687585284, -14.966733981859379 ], [ 128.311391532763139, -14.926447263939524 ], [ 128.362870286874596, -15.066640411643391 ], [ 128.37404396993756, -15.061430922257204 ], [ 128.35794854552546, -14.991739530913083 ], [ 128.410358439892178, -15.03202624883294 ], [ 128.34863714297299, -14.966386682566968 ], [ 128.356219285051424, -14.885813246727254 ], [ 128.448668210393748, -15.002042743254655 ], [ 128.403707438068977, -14.877246530847746 ], [ 128.4216651429916, -14.881761421649108 ], [ 128.499481864322888, -14.975647997031302 ], [ 128.512384807859888, -15.014777050643117 ], [ 128.519035809683089, -15.014777050643117 ], [ 128.507729106583668, -14.97367996770763 ], [ 128.47035047633733, -14.931193687602494 ], [ 128.477134498196989, -14.911629160796588 ], [ 128.467024975425744, -14.889054706789771 ], [ 128.427518024595997, -14.841011638006036 ], [ 128.380428931687817, -14.822373242646561 ], [ 128.393464895261275, -14.804429445871913 ], [ 128.417408501824752, -14.797367693592857 ], [ 128.437494527330784, -14.810565066704536 ], [ 128.475272217686495, -14.786138349804853 ], [ 128.52728305194384, -14.78937980986737 ], [ 128.548034177632189, -14.770625648077091 ], [ 128.589536429008888, -14.805355577318347 ], [ 128.623456538307124, -14.803966380148696 ], [ 128.620796137577855, -14.787411780543698 ], [ 128.681586294241811, -14.796094262854012 ], [ 128.738252829775377, -14.839043608682365 ], [ 129.001499481937174, -14.879561859463829 ], [ 129.001898542046575, -31.686995349338556 ], [ 128.896413653130793, -31.716978854916842 ], [ 128.642345383484979, -31.850920615357282 ], [ 128.280663904340003, -31.990766463768736 ], [ 128.010234170209145, -32.076780921856248 ], [ 127.705751306743579, -32.136632166582011 ], [ 127.585368173743859, -32.175066621608998 ], [ 127.518858155511978, -32.214079908790012 ], [ 127.325979102639508, -32.256566188895142 ], [ 126.956582461379611, -32.297547505399827 ], [ 126.772615750950223, -32.292338016013638 ], [ 126.672850723602394, -32.308313783464612 ], [ 126.433015597858216, -32.28539203016539 ], [ 126.20315697484881, -32.232255238426269 ], [ 126.074260559515423, -32.276593781424268 ], [ 126.037014949305558, -32.268605897698777 ], [ 125.951084005749962, -32.29048575312077 ], [ 125.801170424655297, -32.366660064589922 ], [ 125.532070890889088, -32.549223725968126 ], [ 125.31524823145314, -32.607917306385843 ], [ 125.102416173111109, -32.715348554172131 ], [ 125.026195692217371, -32.728893226576218 ], [ 124.900225717686169, -32.82856812349862 ], [ 124.820413695807915, -32.870128272157324 ], [ 124.748582876117482, -32.89860681413515 ], [ 124.393552398795663, -32.949080977965778 ], [ 124.235524595476704, -33.019814267187137 ], [ 124.138153928785229, -33.114974273308171 ], [ 124.101174358648294, -33.176098948772783 ], [ 123.999014970644126, -33.423607577832129 ], [ 123.976002504335895, -33.558591236149809 ], [ 123.872645936003536, -33.601193282685749 ], [ 123.875439356769277, -33.635112846911376 ], [ 123.774477149093272, -33.698205551699658 ], [ 123.748804282055772, -33.757362197840592 ], [ 123.761175145446899, -33.796838550744823 ], [ 123.656355356713448, -33.84696541528303 ], [ 123.633342890405217, -33.879611548769809 ], [ 123.573350853960051, -33.887715198926102 ], [ 123.534242963239706, -33.940157392080401 ], [ 123.512161637186722, -33.942472720696486 ], [ 123.504180434998887, -33.918856368812428 ], [ 123.473984886721624, -33.906122061423972 ], [ 123.371426438608054, -33.895934615513205 ], [ 123.330323247340743, -33.918740602381625 ], [ 123.286958715453551, -33.979865277846237 ], [ 123.166708602490303, -34.016447469980356 ], [ 123.156333039646128, -34.011585279886582 ], [ 123.170300143474833, -33.986116665109662 ], [ 123.149682037822942, -33.972687759136377 ], [ 123.161121760958821, -33.94594571362061 ], [ 123.139306474978767, -33.910636952225332 ], [ 123.083172019591061, -33.871507898613523 ], [ 123.022780923036507, -33.856574029039777 ], [ 122.976755990420045, -33.902186002776631 ], [ 122.935120719006875, -33.886094468894846 ], [ 122.830566970346354, -33.909710820778898 ], [ 122.812742285460203, -33.889335928957365 ], [ 122.767515473062531, -33.877759285876948 ], [ 122.747828507665886, -33.895818849082396 ], [ 122.613478270837476, -33.894082352620337 ], [ 122.58009024168507, -33.919319434535645 ], [ 122.59458942565962, -33.938883961341553 ], [ 122.57157695935139, -33.961458415348368 ], [ 122.557609855522699, -33.936568632725468 ], [ 122.51251606316147, -33.953586298053686 ], [ 122.444409804492025, -33.919203668104842 ], [ 122.375372405567333, -33.911563083671766 ], [ 122.281460259823902, -33.953007465899667 ], [ 122.268291276213986, -33.96817286833501 ], [ 122.278932879131091, -33.999777103944552 ], [ 122.249402431036131, -34.004639294038334 ], [ 122.229183385493641, -33.987853161571728 ], [ 122.190607574919156, -34.016794769272771 ], [ 122.166530948319206, -34.002439731853052 ], [ 122.113588973806628, -34.017142068565185 ], [ 122.113455953770156, -34.001282067545013 ], [ 122.093236908227667, -33.993873015973541 ], [ 122.118377695119321, -33.975813452768087 ], [ 122.085388726076303, -33.90276483493065 ], [ 122.00837012496379, -33.831684246416877 ], [ 121.915123079402676, -33.838282932972717 ], [ 121.893972893604939, -33.863520014888032 ], [ 121.899027654990562, -33.879264249477401 ], [ 121.794207866257111, -33.908900455763273 ], [ 121.695107939091599, -33.861204686271947 ], [ 121.643629184980128, -33.895934615513205 ], [ 121.620084638526038, -33.864330379903663 ], [ 121.53734617584557, -33.826127457738281 ], [ 121.504889286948412, -33.839556363711566 ], [ 121.469638977285513, -33.823233296968176 ], [ 121.361493687640461, -33.81547694610429 ], [ 121.348324704030546, -33.827863954200339 ], [ 121.298974270502498, -33.825085559861044 ], [ 121.268911742261679, -33.850438408207161 ], [ 121.200007363373444, -33.844187020943728 ], [ 121.177659997247531, -33.876601621568902 ], [ 121.092527173910725, -33.848701911745096 ], [ 121.008724550938538, -33.870813300028694 ], [ 120.86878747257866, -33.85622672974737 ], [ 120.807199195695929, -33.888988629664951 ], [ 120.595697337718534, -33.885978702464044 ], [ 120.552997906013658, -33.903690966377084 ], [ 120.556589446998188, -33.924644690352643 ], [ 120.437270474290173, -33.971414328397529 ], [ 120.2308233776984, -33.932401041216522 ], [ 120.118820506995917, -33.952081334453233 ], [ 120.044063246503271, -33.923139726752183 ], [ 119.992451472355327, -33.935410968417429 ], [ 119.945628419520077, -33.976276518491304 ], [ 119.850519093448483, -33.969909364797076 ], [ 119.804627180868479, -33.990747322341832 ], [ 119.732929381214504, -34.061133312270776 ], [ 119.639283275544017, -34.095747475081225 ], [ 119.640347435835722, -34.112070541824615 ], [ 119.581552579718732, -34.152820325467687 ], [ 119.587804521432531, -34.170879888673142 ], [ 119.531004965862508, -34.227026607613169 ], [ 119.503735858387429, -34.288035516646978 ], [ 119.457178845625108, -34.289077414524215 ], [ 119.503203778241584, -34.290350845263056 ], [ 119.507593439444875, -34.359231871591547 ], [ 119.576896878442511, -34.386436982830531 ], [ 119.502671698095725, -34.411442531884234 ], [ 119.478196011386387, -34.402296983850704 ], [ 119.492429155288008, -34.393035669386371 ], [ 119.482585672589693, -34.375207639042529 ], [ 119.413681293701458, -34.374281507596095 ], [ 119.391067887502615, -34.421282678502592 ], [ 119.416607734503657, -34.460180199252797 ], [ 119.388008426663944, -34.461569396422448 ], [ 119.382953665278322, -34.485069981875696 ], [ 119.355551537766786, -34.474419470241713 ], [ 119.366326160720362, -34.462958593592099 ], [ 119.346373155250788, -34.446172461125492 ], [ 119.297155741759198, -34.448835089033985 ], [ 119.271615894758156, -34.466663119377834 ], [ 119.278000856508413, -34.523504436902684 ], [ 119.265363953044357, -34.516442684623634 ], [ 119.238626925715138, -34.534386481398279 ], [ 119.222531501303024, -34.530681955612543 ], [ 119.239425045933913, -34.516211151762022 ], [ 119.218806940282036, -34.498383121418179 ], [ 119.147774240810378, -34.49317363203199 ], [ 119.069159399260286, -34.458791002083146 ], [ 118.958885789031825, -34.451497716942484 ], [ 118.908471195212059, -34.464810856484966 ], [ 118.914191056779998, -34.503129545081151 ], [ 118.812031668775816, -34.509380932344577 ], [ 118.749379231601381, -34.552098745311319 ], [ 118.745521650543935, -34.593890426831628 ], [ 118.776382299003529, -34.612876121483517 ], [ 118.722376164199233, -34.656867365189107 ], [ 118.661852047608221, -34.669948971869978 ], [ 118.645756623196107, -34.69101846227634 ], [ 118.519786648664919, -34.717413208499693 ], [ 118.438112346276156, -34.762677882944132 ], [ 118.395811974680683, -34.843714384507059 ], [ 118.397142175045317, -34.87659205085545 ], [ 118.427071683249665, -34.889210591813104 ], [ 118.402063916394482, -34.917457600929325 ], [ 118.330765176849894, -34.896619643384575 ], [ 118.174466634004958, -34.940958186382574 ], [ 118.175663814333134, -34.970594392668445 ], [ 118.210515063886646, -34.978350743532324 ], [ 118.193222459146355, -35.023615417976764 ], [ 118.168746772437018, -34.995947241014562 ], [ 118.102103734168679, -34.985991327965401 ], [ 118.036657876228503, -35.020026658621831 ], [ 117.961767595699399, -35.013080672773583 ], [ 117.948864652162413, -35.00185132898558 ], [ 117.979991340694937, -34.990506218766768 ], [ 117.978661140330289, -34.953113661617017 ], [ 117.948997672198871, -34.943620814291073 ], [ 117.948598612089484, -34.998262569630647 ], [ 117.918536083848664, -35.016900964990121 ], [ 117.919600244140383, -35.0357708932112 ], [ 117.859741227731675, -35.026856878039283 ], [ 117.848301504595796, -35.04491644124473 ], [ 117.902839719545938, -35.083466662702527 ], [ 117.927315406255275, -35.074321114668997 ], [ 117.916141723192325, -35.050357463492531 ], [ 117.938888149427626, -35.059155712233647 ], [ 117.944341970922636, -35.092033378582038 ], [ 118.002471726857308, -35.08751848778067 ], [ 118.017502990977718, -35.100137028738331 ], [ 117.975867719564548, -35.098863597999483 ], [ 117.952988273292789, -35.127110607115704 ], [ 117.900844418998986, -35.123406081329968 ], [ 117.773810284176079, -35.058461113648825 ], [ 117.687613300547568, -35.043411477644277 ], [ 117.64584500909794, -35.060429142972495 ], [ 117.650101650264773, -35.086245057041829 ], [ 117.628552404357649, -35.112176737541965 ], [ 117.638262867019506, -35.134866957979582 ], [ 117.613920200346627, -35.132551629363505 ], [ 117.548607362442922, -35.082540531256093 ], [ 117.514155172998798, -35.074668413961412 ], [ 117.492605927091674, -35.089949582827565 ], [ 117.397629621056538, -35.032182133856274 ], [ 117.333380943444539, -35.024194250130783 ], [ 117.384194597373693, -34.999536000369496 ], [ 117.464405679361349, -35.020952790068264 ], [ 117.457222597392303, -35.005092789048092 ], [ 117.479569963518216, -34.996526073168582 ], [ 117.455227296845351, -34.96688986688271 ], [ 117.429953489917239, -34.984949430088164 ], [ 117.369163333253297, -34.969436728360407 ], [ 117.328858262204776, -35.008681548403025 ], [ 117.331385642897587, -35.042485346197843 ], [ 117.195705205704542, -35.017016731420924 ], [ 117.162317176552122, -35.029519505947775 ], [ 117.150478393306855, -35.061471040849732 ], [ 117.100595879632934, -35.033108265302708 ], [ 116.966644702913925, -35.019100527175404 ], [ 116.936848214746036, -35.032413666717879 ], [ 116.91822540964111, -35.063207537311797 ], [ 116.767912768437043, -35.014701402804839 ], [ 116.732795478810615, -35.040054251150956 ], [ 116.707920731991891, -35.028940673793755 ], [ 116.630370050733504, -35.06077644226491 ], [ 116.615205766576636, -35.036118192503615 ], [ 116.532866364005557, -35.00439819046327 ], [ 116.483914990586896, -35.016437899266904 ], [ 116.427647515162718, -34.968857896206387 ], [ 116.250730866665904, -34.876013218701431 ], [ 116.134338334760102, -34.844524749522691 ], [ 116.001850378442185, -34.841051756598567 ], [ 116.000520178077551, -34.807942557388564 ], [ 115.960082086992557, -34.761404452205284 ], [ 115.953830145278772, -34.727832187272071 ], [ 115.670098407501541, -34.481828521813178 ], [ 115.57099848033603, -34.41966194847133 ], [ 115.540004811839978, -34.422324576379829 ], [ 115.520317846443334, -34.39685596160291 ], [ 115.418025438402694, -34.342329972694138 ], [ 115.293518684272598, -34.309336539914945 ] ], [ [ 115.973783150748332, -31.893638428324028 ], [ 115.959550006846712, -31.89433302690885 ], [ 115.95910965185162, -31.895413061131247 ], [ 115.966067988633426, -31.895953756940109 ], [ 115.973783150748332, -31.893638428324028 ] ], [ [ 115.962609467685368, -31.903362808511577 ], [ 115.965136848378179, -31.904404706388817 ], [ 115.958388037704665, -31.897182924043641 ], [ 115.962609467685368, -31.903362808511577 ] ] ], [ [ [ 115.526170728047745, -32.027001356610448 ], [ 115.507547922942805, -32.012993618483144 ], [ 115.450083267190465, -32.022023400085864 ], [ 115.511405504000265, -31.987640770137023 ], [ 115.539605751730576, -31.988219602291046 ], [ 115.557563456653185, -32.00280617257237 ], [ 115.526170728047745, -32.027001356610448 ] ] ], [ [ [ 113.9904544070735, -28.912074002962253 ], [ 113.967974020911129, -28.937079552015959 ], [ 113.960524898869153, -28.982575759322003 ], [ 113.955204097410601, -28.980607729998329 ], [ 113.967308920728797, -28.93441692410746 ], [ 113.9904544070735, -28.912074002962253 ] ] ], [ [ [ 113.787864891539172, -28.713881873425489 ], [ 113.779883689351351, -28.709945814778148 ], [ 113.78613563106515, -28.709366982624125 ], [ 113.787864891539172, -28.713881873425489 ] ] ], [ [ [ 113.699007507181378, -28.442293826758874 ], [ 113.686503623753779, -28.484780106864008 ], [ 113.683311142878651, -28.455375433439745 ], [ 113.699007507181378, -28.442293826758874 ] ] ], [ [ [ 113.744633379688452, -28.428054555769958 ], [ 113.730666275859747, -28.442872658912894 ], [ 113.719625612833255, -28.445535286821389 ], [ 113.720290713015586, -28.428633387923981 ], [ 113.744633379688452, -28.428054555769958 ] ] ], [ [ [ 113.589132957062304, -28.302216445485808 ], [ 113.602567980745135, -28.297006956099622 ], [ 113.599375499870007, -28.307541701302803 ], [ 113.589132957062304, -28.302216445485808 ] ] ], [ [ [ 113.775760068220976, -26.54546085803231 ], [ 113.759398603735931, -26.535157645690738 ], [ 113.772833627418763, -26.531684652766611 ], [ 113.775760068220976, -26.54546085803231 ] ] ], [ [ [ 113.507192614600612, -26.395890629433303 ], [ 113.513311536277953, -26.395774863002497 ], [ 113.508123754855859, -26.400058220942253 ], [ 113.507192614600612, -26.395890629433303 ] ] ], [ [ [ 113.332005226577834, -26.316359091470829 ], [ 113.339188308546881, -26.312423032823485 ], [ 113.340385488875043, -26.322031646580232 ], [ 113.332005226577834, -26.316359091470829 ] ] ], [ [ [ 113.705791529041022, -26.094434843619204 ], [ 113.719226552723867, -26.062251775855643 ], [ 113.721088833234361, -26.063293673732879 ], [ 113.705791529041022, -26.094434843619204 ] ] ], [ [ [ 113.877786436188686, -26.055653089299803 ], [ 113.877653416152228, -26.068155863826657 ], [ 113.869539193927935, -26.077532944721796 ], [ 113.877786436188686, -26.055653089299803 ] ] ], [ [ [ 113.841205926161152, -26.004484326884356 ], [ 113.882841197574308, -26.03226827027736 ], [ 113.879249656589792, -26.040950752587673 ], [ 113.841205926161152, -26.004484326884356 ] ] ], [ [ [ 113.918889627455997, -25.897631911252091 ], [ 113.858232490828513, -25.867648405673808 ], [ 113.870204294110252, -25.863943879888076 ], [ 113.853709809588736, -25.846231615975036 ], [ 113.85583813017216, -25.810691321718149 ], [ 113.880712876990884, -25.800735408668992 ], [ 113.909977285012914, -25.817984606858815 ], [ 113.918889627455997, -25.897631911252091 ] ] ], [ [ [ 113.005574057095743, -25.535977581419822 ], [ 113.076739776603858, -25.768552340905426 ], [ 113.114783507032499, -25.838591031541959 ], [ 113.109728745646862, -25.867995704966223 ], [ 113.156019718336267, -25.887791764633736 ], [ 113.126489270241308, -25.922405927444188 ], [ 113.13673181304901, -25.977394982076177 ], [ 113.157615958773832, -25.968944032627469 ], [ 113.150299856768314, -25.941854687819291 ], [ 113.168257561690922, -25.943706950712158 ], [ 113.167060381362759, -25.979826077123064 ], [ 113.203640891390293, -26.002979363283899 ], [ 113.203773911426751, -26.030068708092081 ], [ 113.219736315802407, -26.036667394647917 ], [ 113.236629860433311, -26.117240830487631 ], [ 113.216277794854349, -26.162505504932067 ], [ 113.209493772994691, -26.135994992277908 ], [ 113.180229364972661, -26.119903458396127 ], [ 113.135933692830235, -26.022312357228198 ], [ 113.048539528873533, -25.931088409754501 ], [ 113.022999681872491, -25.860355120533146 ], [ 112.967131266557701, -25.778508253954588 ], [ 112.979635149985299, -25.749450879822735 ], [ 112.929486596238462, -25.642019632036455 ], [ 112.921106333941239, -25.588188241712508 ], [ 112.928156395873827, -25.528568529848354 ], [ 112.963406705536727, -25.483766921127131 ], [ 113.02047230117968, -25.497543126392831 ], [ 113.005574057095743, -25.535977581419822 ] ] ], [ [ [ 114.023975456262363, -25.645145325668167 ], [ 114.031424578304339, -25.646997588561032 ], [ 114.031158538231409, -25.651165180069984 ], [ 114.023975456262363, -25.645145325668167 ] ] ], [ [ [ 113.12821853071533, -25.060061784383816 ], [ 113.077005816676774, -25.272724717771105 ], [ 113.087647419593878, -25.069786164571369 ], [ 113.119306188272262, -24.992685721655782 ], [ 113.12821853071533, -25.060061784383816 ] ] ], [ [ [ 113.645001372377081, -24.88085534949894 ], [ 113.644336272194764, -24.891158561840513 ], [ 113.640478691137318, -24.885254473869498 ], [ 113.645001372377081, -24.88085534949894 ] ] ], [ [ [ 113.626112527199226, -24.87228863361943 ], [ 113.639680570918529, -24.88444410885387 ], [ 113.641276811356093, -24.897062649811524 ], [ 113.637419230298647, -24.899725277720023 ], [ 113.626112527199226, -24.87228863361943 ] ] ], [ [ [ 113.132874231991565, -24.834317244315656 ], [ 113.160409379539573, -24.755133005645597 ], [ 113.165065080815793, -24.804449505168179 ], [ 113.138062013413645, -24.870089071434151 ], [ 113.149767776622468, -24.935034039115298 ], [ 113.119439208308719, -24.982266742883404 ], [ 113.132874231991565, -24.834317244315656 ] ] ], [ [ [ 113.617599244865545, -24.864300749893943 ], [ 113.625314406980451, -24.862564253431877 ], [ 113.617200184756157, -24.869047173556911 ], [ 113.617599244865545, -24.864300749893943 ] ] ], [ [ [ 114.15074355101234, -22.479628041758545 ], [ 114.172292796919479, -22.456706288459316 ], [ 114.147684090173684, -22.485647896160362 ], [ 114.15074355101234, -22.479628041758545 ] ] ], [ [ [ 114.181870239544864, -22.423712855680122 ], [ 114.186925000930486, -22.413872709061767 ], [ 114.184929700383535, -22.424986286418967 ], [ 114.181870239544864, -22.423712855680122 ] ] ], [ [ [ 114.377276673110146, -22.399054605918831 ], [ 114.381400294240521, -22.395465846563901 ], [ 114.386987135772003, -22.402180299550544 ], [ 114.377276673110146, -22.399054605918831 ] ] ], [ [ [ 114.442057430868005, -22.293244088163807 ], [ 114.449772592982896, -22.29474905176426 ], [ 114.44618105199838, -22.297990511826779 ], [ 114.442057430868005, -22.293244088163807 ] ] ], [ [ [ 114.431282807914442, -22.287455766623598 ], [ 114.428489387148701, -22.292086423855764 ], [ 114.428755427221631, -22.287687299485206 ], [ 114.431282807914442, -22.287455766623598 ] ] ], [ [ [ 114.459350035608296, -22.240686128578709 ], [ 114.454827354368518, -22.246242917257309 ], [ 114.45136883342046, -22.238949632116643 ], [ 114.459350035608296, -22.240686128578709 ] ] ], [ [ [ 114.499389066583888, -22.15779736412291 ], [ 114.493802225052406, -22.153282473321546 ], [ 114.497526786073394, -22.151777509721093 ], [ 114.499389066583888, -22.15779736412291 ] ] ], [ [ [ 114.485954042901042, -22.145757655319276 ], [ 114.489146523776185, -22.153166706890744 ], [ 114.483426662208231, -22.151082911136267 ], [ 114.485954042901042, -22.145757655319276 ] ] ], [ [ [ 114.487550283338607, -22.125035464205325 ], [ 114.484623842536408, -22.127235026390608 ], [ 114.491407864396066, -22.118552544080291 ], [ 114.487550283338607, -22.125035464205325 ] ] ], [ [ [ 114.511493889902098, -22.107207433861483 ], [ 114.508434429063428, -22.101534878752076 ], [ 114.515351470959544, -22.093662761457391 ], [ 114.511493889902098, -22.107207433861483 ] ] ], [ [ [ 114.539295077523022, -22.05430217498397 ], [ 114.547675339820231, -22.059511664370159 ], [ 114.540758297924128, -22.060090496524179 ], [ 114.539295077523022, -22.05430217498397 ] ] ], [ [ [ 114.537432797012528, -22.005332974753799 ], [ 114.545547019236821, -22.044462028365615 ], [ 114.53370823599154, -22.061595460124632 ], [ 114.500586246912064, -22.008111369093101 ], [ 114.510296709573922, -21.993756331673382 ], [ 114.537432797012528, -22.005332974753799 ] ] ], [ [ [ 114.582526589373742, -21.990862170903277 ], [ 114.56842646550858, -21.994335163827401 ], [ 114.570155725982616, -21.983105820039395 ], [ 114.582526589373742, -21.990862170903277 ] ] ], [ [ [ 114.419044964559774, -21.949880854398597 ], [ 114.420907245070268, -21.956363774523631 ], [ 114.417714764195139, -21.955553409507999 ], [ 114.419044964559774, -21.949880854398597 ] ] ], [ [ [ 114.550867820695373, -21.803783618723713 ], [ 114.555523521971594, -21.807256611647841 ], [ 114.550335740549514, -21.808993108109902 ], [ 114.550867820695373, -21.803783618723713 ] ] ], [ [ [ 114.765429139511426, -21.714064634850473 ], [ 114.770217860824133, -21.715569598450926 ], [ 114.766626319839602, -21.719274124236659 ], [ 114.765429139511426, -21.714064634850473 ] ] ], [ [ [ 114.317683696774381, -21.685586092872644 ], [ 114.351603806072632, -21.666600398220755 ], [ 114.305977933565572, -21.711633539803582 ], [ 114.317683696774381, -21.685586092872644 ] ] ], [ [ [ 114.388450356173109, -21.634533096887996 ], [ 114.36982755106817, -21.651898061508625 ], [ 114.359052928114608, -21.650971930062191 ], [ 114.377542713183075, -21.627008278885725 ], [ 114.388450356173109, -21.634533096887996 ] ] ], [ [ [ 114.66499901198128, -21.59123645176723 ], [ 114.685617117633171, -21.60501265703293 ], [ 114.693066239675133, -21.623766818823206 ], [ 114.687479398143665, -21.630133972517438 ], [ 114.66499901198128, -21.59123645176723 ] ] ], [ [ [ 114.618974079364818, -21.600381999800764 ], [ 114.625359041115075, -21.604549591309713 ], [ 114.621767500130559, -21.606286087771775 ], [ 114.618974079364818, -21.600381999800764 ] ] ], [ [ [ 114.935561766148595, -21.594940977552966 ], [ 114.93689196651323, -21.58926842244356 ], [ 114.939153307133111, -21.593783313244924 ], [ 114.935561766148595, -21.594940977552966 ] ] ], [ [ [ 115.247360731619679, -21.571208859238109 ], [ 115.220224644181059, -21.598761269769504 ], [ 115.212509482066167, -21.600729299093175 ], [ 115.228870946551211, -21.569240829914438 ], [ 115.247360731619679, -21.571208859238109 ] ] ], [ [ [ 114.763965919110333, -21.520618928976678 ], [ 114.766626319839602, -21.530227542733428 ], [ 114.758113037505922, -21.52837527984056 ], [ 114.763965919110333, -21.520618928976678 ] ] ], [ [ [ 115.495044039515221, -21.509968417342694 ], [ 115.480943915650059, -21.530111776302622 ], [ 115.473760833681013, -21.510199950204303 ], [ 115.495044039515221, -21.509968417342694 ] ] ], [ [ [ 115.461522990326344, -21.493413817737697 ], [ 115.437446363726409, -21.528143746978952 ], [ 115.420153758986118, -21.520155863253464 ], [ 115.440904884674467, -21.499780971431925 ], [ 115.461522990326344, -21.493413817737697 ] ] ], [ [ [ 115.412704636944142, -21.515177906728884 ], [ 115.424410400152951, -21.502906665063637 ], [ 115.427735901064551, -21.505221993679722 ], [ 115.412704636944142, -21.515177906728884 ] ] ], [ [ [ 115.350983340024953, -21.509968417342694 ], [ 115.356437161519963, -21.503948562940877 ], [ 115.357102261702281, -21.508000388019024 ], [ 115.350983340024953, -21.509968417342694 ] ] ], [ [ [ 115.351116360061411, -21.483226371826927 ], [ 115.35763434184814, -21.475122721670633 ], [ 115.361491922905586, -21.485078634719795 ], [ 115.351116360061411, -21.483226371826927 ] ] ], [ [ [ 115.024818210615791, -21.459841552804484 ], [ 114.975467777087729, -21.461693815697348 ], [ 114.971610196030284, -21.459378487081267 ], [ 115.024818210615791, -21.459841552804484 ] ] ], [ [ [ 115.365482523999503, -21.453590165541055 ], [ 115.376390166989538, -21.453590165541055 ], [ 115.366147624181821, -21.464240677175042 ], [ 115.365482523999503, -21.453590165541055 ] ] ], [ [ [ 115.515795165203571, -21.435993668058821 ], [ 115.51818952585991, -21.436225200920429 ], [ 115.513533824583675, -21.444328851076722 ], [ 115.515795165203571, -21.435993668058821 ] ] ], [ [ [ 115.54226615245986, -21.386908701397846 ], [ 115.546123733517305, -21.382972642750502 ], [ 115.545591653371446, -21.389108263583125 ], [ 115.54226615245986, -21.386908701397846 ] ] ], [ [ [ 115.166484549449706, -21.32092183583946 ], [ 115.171805350908258, -21.323700230178762 ], [ 115.163957168756895, -21.324742128055998 ], [ 115.166484549449706, -21.32092183583946 ] ] ], [ [ [ 115.499965780864372, -21.294874388908518 ], [ 115.504355442067677, -21.292790593154045 ], [ 115.503823361921832, -21.297884316109428 ], [ 115.499965780864372, -21.294874388908518 ] ] ], [ [ [ 115.336218115977474, -20.96899188619474 ], [ 115.325842553133299, -20.97396984271932 ], [ 115.316132090471442, -20.948269695080789 ], [ 115.325310472987439, -20.951858454435719 ], [ 115.336218115977474, -20.96899188619474 ] ] ], [ [ [ 115.336085095941016, -20.906593779991283 ], [ 115.317595310872548, -20.938429548462434 ], [ 115.322251012148783, -20.894901370480063 ], [ 115.336085095941016, -20.906593779991283 ] ] ], [ [ [ 115.321585911966466, -20.808308080238533 ], [ 115.429598181575045, -20.669851428996726 ], [ 115.467242851894284, -20.679807342045887 ], [ 115.470967412915272, -20.776240778905773 ], [ 115.420685839131963, -20.863644434162932 ], [ 115.375059966624889, -20.894785604049257 ], [ 115.356969241665823, -20.866885894225447 ], [ 115.32265007225817, -20.873253047919679 ], [ 115.333424695211733, -20.875799909397372 ], [ 115.321053831820606, -20.891544143986739 ], [ 115.307751828174233, -20.868622390687513 ], [ 115.321585911966466, -20.808308080238533 ] ] ], [ [ [ 115.582704243544839, -20.668462231827078 ], [ 115.576984381976899, -20.668114932534664 ], [ 115.583502363763628, -20.663368508871692 ], [ 115.582704243544839, -20.668462231827078 ] ] ], [ [ [ 115.571663580518347, -20.647161208559108 ], [ 115.580708942997887, -20.66001128237837 ], [ 115.568471099643219, -20.6469296756975 ], [ 115.571663580518347, -20.647161208559108 ] ] ], [ [ [ 115.55623325628855, -20.641257120588094 ], [ 115.557563456653185, -20.636279164063513 ], [ 115.560223857382468, -20.642646317757745 ], [ 115.55623325628855, -20.641257120588094 ] ] ], [ [ [ 115.542798232605705, -20.527342952676776 ], [ 115.546788833699623, -20.524333025475865 ], [ 115.544926553189129, -20.529426748431252 ], [ 115.542798232605705, -20.527342952676776 ] ] ], [ [ [ 115.519386706188087, -20.447927181145104 ], [ 115.529496228959331, -20.427436522892766 ], [ 115.545059573225601, -20.46077725496437 ], [ 115.530427369214578, -20.470501635151923 ], [ 115.538142531329484, -20.449432144745561 ], [ 115.525505627865428, -20.453252436962099 ], [ 115.533885890162637, -20.489371563373002 ], [ 115.519918786333946, -20.498748644268144 ], [ 115.519386706188087, -20.447927181145104 ] ] ], [ [ [ 115.545458633334988, -20.444801487513391 ], [ 115.547719973954869, -20.435308640187451 ], [ 115.551178494902928, -20.44248615889731 ], [ 115.545458633334988, -20.444801487513391 ] ] ], [ [ [ 115.51818952585991, -20.407640463225249 ], [ 115.538940651548259, -20.406251266055598 ], [ 115.525239587792498, -20.414702215504303 ], [ 115.51818952585991, -20.407640463225249 ] ] ], [ [ [ 115.561021977601243, -20.379046154816617 ], [ 115.580575922961415, -20.420837836336926 ], [ 115.547586953918412, -20.38055111841707 ], [ 115.561021977601243, -20.379046154816617 ] ] ], [ [ [ 115.524973547719569, -20.388654768573364 ], [ 115.517125365568205, -20.396411119437243 ], [ 115.520184826406876, -20.389002067865775 ], [ 115.524973547719569, -20.388654768573364 ] ] ], [ [ [ 115.515529125130641, -20.369437541059867 ], [ 115.520317846443334, -20.371289803952735 ], [ 115.513799864656605, -20.374415497584447 ], [ 115.515529125130641, -20.369437541059867 ] ] ], [ [ [ 115.522845227136145, -20.362723088073224 ], [ 115.517524425677593, -20.358439730133469 ], [ 115.539073671584731, -20.366890679582177 ], [ 115.522845227136145, -20.362723088073224 ] ] ], [ [ [ 115.660387944839684, -32.156428226249524 ], [ 115.699096775450641, -32.225888084732034 ], [ 115.68805611242415, -32.245684144399554 ], [ 115.660387944839684, -32.156428226249524 ] ] ], [ [ [ 115.635779238093889, -21.200872047095523 ], [ 115.644957620609887, -21.191494966200384 ], [ 115.637109438458523, -21.202377010695976 ], [ 115.635779238093889, -21.200872047095523 ] ] ], [ [ [ 115.826263930310006, -21.077001966135043 ], [ 115.830121511367452, -21.081285324074798 ], [ 115.822539369289018, -21.081632623367213 ], [ 115.826263930310006, -21.077001966135043 ] ] ], [ [ [ 115.838767813737604, -21.049912621326865 ], [ 115.840098014102239, -21.04759729271078 ], [ 115.844753715378474, -21.051186052065709 ], [ 115.838767813737604, -21.049912621326865 ] ] ], [ [ [ 115.847813176217144, -21.012751597038722 ], [ 115.853400017748612, -21.012056998453897 ], [ 115.854597198076789, -21.020971013625818 ], [ 115.847813176217144, -21.012751597038722 ] ] ], [ [ [ 115.859385919389482, -20.979295098536312 ], [ 115.863908600629259, -20.974201375580929 ], [ 115.865637861103281, -20.979642397828727 ], [ 115.859385919389482, -20.979295098536312 ] ] ], [ [ [ 115.881600265478937, -20.94711203077275 ], [ 115.890911668031407, -20.934493489815093 ], [ 115.90088817076618, -20.937619183446806 ], [ 115.901553270948497, -20.953479184466978 ], [ 115.881600265478937, -20.94711203077275 ] ] ], [ [ [ 116.498414174561447, -35.025930746592849 ], [ 116.497083974196812, -35.036812791088444 ], [ 116.4912310925924, -35.033918630318333 ], [ 116.498414174561447, -35.025930746592849 ] ] ], [ [ [ 116.177303806537907, -20.955562980221455 ], [ 116.174643405808624, -20.945722833603099 ], [ 116.179166087048387, -20.945259767879882 ], [ 116.177303806537907, -20.955562980221455 ] ] ], [ [ [ 116.156685700886015, -20.934840789107504 ], [ 116.152429059719182, -20.948269695080789 ], [ 116.148305438588793, -20.933335825507051 ], [ 116.156685700886015, -20.934840789107504 ] ] ], [ [ [ 116.036169547849838, -20.912150568669887 ], [ 116.038563908506191, -20.905436115683244 ], [ 116.038962968615579, -20.912150568669887 ], [ 116.036169547849838, -20.912150568669887 ] ] ], [ [ [ 116.240621343894659, -20.806340050914862 ], [ 116.249267646264798, -20.812591438178288 ], [ 116.246873285608459, -20.816759029687237 ], [ 116.240621343894659, -20.806340050914862 ] ] ], [ [ [ 116.314181424059129, -20.781681801153571 ], [ 116.306466261944223, -20.773578150997277 ], [ 116.308860622600577, -20.770568223796367 ], [ 116.314181424059129, -20.781681801153571 ] ] ], [ [ [ 116.631035150915821, -20.677839312722217 ], [ 116.648061715583182, -20.68235420352358 ], [ 116.63702105255669, -20.700182233867423 ], [ 116.574767675491657, -20.73109187089214 ], [ 116.578226196439701, -20.693004715157564 ], [ 116.5940555807789, -20.686753327894138 ], [ 116.5940555807789, -20.702034496760291 ], [ 116.631035150915821, -20.677839312722217 ] ] ], [ [ [ 116.655776877698088, -20.679460042753476 ], [ 116.654579697369911, -20.671935224751202 ], [ 116.661230699193098, -20.674482086228895 ], [ 116.655776877698088, -20.679460042753476 ] ] ], [ [ [ 116.67227136221959, -20.667420333949838 ], [ 116.664955260214086, -20.669735662565923 ], [ 116.667615660943369, -20.66464193961054 ], [ 116.67227136221959, -20.667420333949838 ] ] ], [ [ [ 116.436293817532871, -20.659316683793545 ], [ 116.449595821179244, -20.653065296530119 ], [ 116.451724141762668, -20.66556807105697 ], [ 116.446137300231186, -20.664989238902951 ], [ 116.436293817532871, -20.659316683793545 ] ] ], [ [ [ 116.679321424152178, -20.663252742440889 ], [ 116.671872302110202, -20.65445449369977 ], [ 116.696747048928927, -20.64530894566624 ], [ 116.695150808491363, -20.650055369329213 ], [ 116.679321424152178, -20.663252742440889 ] ] ], [ [ [ 116.66681754072458, -20.62817551390722 ], [ 116.636089912301443, -20.632227338985366 ], [ 116.655244797552228, -20.593329818235162 ], [ 116.677060083532297, -20.599465439067782 ], [ 116.66681754072458, -20.62817551390722 ] ] ], [ [ [ 116.553351449620976, -20.620303396612535 ], [ 116.463695945044407, -20.610694782855788 ], [ 116.486575391316165, -20.585110401648063 ], [ 116.513312418645384, -20.582910839462784 ], [ 116.527412542510547, -20.60073886980663 ], [ 116.552287289329271, -20.568324269181456 ], [ 116.5554797702044, -20.585457700940477 ], [ 116.584212098080584, -20.575386021460513 ], [ 116.574235595345797, -20.594950548266418 ], [ 116.555080710095012, -20.590088358172643 ], [ 116.553351449620976, -20.620303396612535 ] ] ], [ [ [ 116.600174502456227, -20.612199746456245 ], [ 116.674798742912401, -20.547139012344292 ], [ 116.633828571681562, -20.608958286393726 ], [ 116.600174502456227, -20.612199746456245 ] ] ], [ [ [ 116.636089912301443, -20.554779596777369 ], [ 116.650190036166606, -20.550612005268416 ], [ 116.644736214671596, -20.558368356132299 ], [ 116.636089912301443, -20.554779596777369 ] ] ], [ [ [ 116.678789344006319, -20.539961493634433 ], [ 116.683445045282554, -20.53683580000272 ], [ 116.678257263860459, -20.544476384435796 ], [ 116.678789344006319, -20.539961493634433 ] ] ], [ [ [ 116.543108906813274, -20.537183099295131 ], [ 116.54975990863646, -20.536141201417895 ], [ 116.547897628125966, -20.541234924373278 ], [ 116.543108906813274, -20.537183099295131 ] ] ], [ [ [ 116.66109767915664, -20.526416821230342 ], [ 116.655643857661616, -20.516923973904401 ], [ 116.671207201927885, -20.518660470366463 ], [ 116.66109767915664, -20.526416821230342 ] ] ], [ [ [ 116.678257263860459, -20.523638426891043 ], [ 116.676927063495825, -20.507431126578457 ], [ 116.691559267506847, -20.506504995132023 ], [ 116.689297926886951, -20.518428937504854 ], [ 116.678257263860459, -20.523638426891043 ] ] ], [ [ [ 116.647130575327935, -20.512409083103037 ], [ 116.652850436895889, -20.513450980980274 ], [ 116.647263595364407, -20.516923973904401 ], [ 116.647130575327935, -20.512409083103037 ] ] ], [ [ [ 116.785338393213806, -20.507431126578457 ], [ 116.826441584481103, -20.465060612904125 ], [ 116.793851675547486, -20.518660470366463 ], [ 116.785338393213806, -20.507431126578457 ] ] ], [ [ [ 116.619196367670554, -20.473858861645244 ], [ 116.589000819393277, -20.500832440022617 ], [ 116.569313853996633, -20.48508820543325 ], [ 116.610017985154556, -20.455104699854964 ], [ 116.619196367670554, -20.473858861645244 ] ] ], [ [ [ 116.625182269311424, -20.468186306535838 ], [ 116.6263794496396, -20.47189083232157 ], [ 116.621058648181048, -20.472006598752376 ], [ 116.625182269311424, -20.468186306535838 ] ] ], [ [ [ 116.838945467908701, -20.461587619979998 ], [ 116.840142648236878, -20.453831269116119 ], [ 116.843734189221394, -20.45718849560944 ], [ 116.838945467908701, -20.461587619979998 ] ] ], [ [ [ 116.625847369493741, -20.45417856840853 ], [ 116.632232331243998, -20.457535794901851 ], [ 116.627576629967763, -20.46019842281035 ], [ 116.625847369493741, -20.45417856840853 ] ] ], [ [ [ 116.835220906887713, -20.423384697814619 ], [ 116.819657562621458, -20.463555649303672 ], [ 116.797975296677862, -20.473048496629612 ], [ 116.835220906887713, -20.423384697814619 ] ] ], [ [ [ 116.818859442402669, -20.434498275171819 ], [ 116.817795282110964, -20.416091412673953 ], [ 116.83282654623136, -20.414239149781089 ], [ 116.832693526194902, -20.421879734214162 ], [ 116.818859442402669, -20.434498275171819 ] ] ], [ [ [ 116.819258502512056, -20.415281047658326 ], [ 116.816731121819245, -20.41261841974983 ], [ 116.823648163715362, -20.408335061810075 ], [ 116.819258502512056, -20.415281047658326 ] ] ], [ [ [ 116.840142648236878, -20.411344989010981 ], [ 116.848123850424699, -20.408913893964094 ], [ 116.842270968820287, -20.414470682642698 ], [ 116.840142648236878, -20.411344989010981 ] ] ], [ [ [ 116.834156746596008, -20.389117834296581 ], [ 116.825510444225856, -20.395832287283223 ], [ 116.831097285757338, -20.388191702850147 ], [ 116.834156746596008, -20.389117834296581 ] ] ], [ [ [ 117.89392737710287, -35.185341121810211 ], [ 117.872777191305133, -35.182446961040107 ], [ 117.899647238670809, -35.181520829593673 ], [ 117.89392737710287, -35.185341121810211 ] ] ], [ [ [ 117.157129395130042, -35.066564763805118 ], [ 117.152872753963194, -35.06783819454396 ], [ 117.15180859367149, -35.063207537311797 ], [ 117.157129395130042, -35.066564763805118 ] ] ], [ [ [ 118.054615581151111, -35.065059800204665 ], [ 118.040914517395336, -35.062049873003751 ], [ 118.059005242354417, -35.06274447158858 ], [ 118.054615581151111, -35.065059800204665 ] ] ], [ [ [ 118.029208754186527, -35.04700023699921 ], [ 118.03945129699423, -35.040054251150956 ], [ 118.04849665947377, -35.046652937706796 ], [ 118.029208754186527, -35.04700023699921 ] ] ], [ [ [ 118.208652783376152, -34.997336438184213 ], [ 118.215702845308741, -34.999072934646279 ], [ 118.214505664980564, -35.003356292586034 ], [ 118.208652783376152, -34.997336438184213 ] ] ], [ [ [ 118.436782145911522, -34.911321980096702 ], [ 118.486531639548971, -34.921277893145863 ], [ 118.476821176887114, -34.937253660596845 ], [ 118.436782145911522, -34.911321980096702 ] ] ], [ [ [ 121.990944500187027, -34.466894652239439 ], [ 121.986554838983722, -34.472451440918043 ], [ 121.986155778874334, -34.469788813009544 ], [ 121.990944500187027, -34.466894652239439 ] ] ], [ [ [ 119.57410345767677, -34.376944135504587 ], [ 119.578626138916533, -34.373239609718858 ], [ 119.580621439463499, -34.376249536919765 ], [ 119.57410345767677, -34.376944135504587 ] ] ], [ [ [ 119.599510284641354, -34.368030120332669 ], [ 119.613876448579433, -34.375902237627351 ], [ 119.612812288287728, -34.378333332674238 ], [ 119.605895246391611, -34.378101799812633 ], [ 119.599510284641354, -34.368030120332669 ] ] ], [ [ [ 122.108933272530393, -34.200631861389816 ], [ 122.100952070342572, -34.196232737019258 ], [ 122.11013045285857, -34.197853467050514 ], [ 122.108933272530393, -34.200631861389816 ] ] ], [ [ [ 122.015154146823434, -34.146684704635064 ], [ 122.024066489266502, -34.151546894728838 ], [ 122.014888106750504, -34.150157697559195 ], [ 122.015154146823434, -34.146684704635064 ] ] ], [ [ [ 122.049074256121699, -34.137191857309119 ], [ 122.060247939184649, -34.146105872481044 ], [ 122.037900573058735, -34.14124368238727 ], [ 122.049074256121699, -34.137191857309119 ] ] ], [ [ [ 121.974050955556137, -34.114848936163916 ], [ 121.983894438254453, -34.12237375416619 ], [ 121.973518875410278, -34.120174191980908 ], [ 121.974050955556137, -34.114848936163916 ] ] ], [ [ [ 121.990146379968252, -34.119016527672869 ], [ 122.009434285255495, -34.118437695518843 ], [ 122.008237104927318, -34.122721053458598 ], [ 121.990146379968252, -34.119016527672869 ] ] ], [ [ [ 122.12130413592152, -34.101188497329019 ], [ 122.114653134098333, -34.097599737974093 ], [ 122.117446554864074, -34.094126745049969 ], [ 122.12130413592152, -34.101188497329019 ] ] ], [ [ [ 122.020740988354916, -34.066805867380175 ], [ 122.004113483796942, -34.068773896703853 ], [ 122.000255902739497, -34.067268933103392 ], [ 122.006906904562683, -34.06252250944042 ], [ 122.020740988354916, -34.066805867380175 ] ] ], [ [ [ 121.986820879056651, -34.068658130273043 ], [ 121.98402745829091, -34.060438713685947 ], [ 121.996265301645579, -34.065416670210531 ], [ 121.986820879056651, -34.068658130273043 ] ] ], [ [ [ 122.105341731545877, -34.059512582239513 ], [ 122.109997432822112, -34.065648203072136 ], [ 122.097759589467444, -34.064259005902485 ], [ 122.105341731545877, -34.059512582239513 ] ] ], [ [ [ 121.958487611289868, -34.052335063529654 ], [ 121.972321695082101, -34.044578712665775 ], [ 121.973784915483208, -34.049903968482766 ], [ 121.958487611289868, -34.052335063529654 ] ] ], [ [ [ 122.090842547571327, -34.042031851188085 ], [ 122.089113287097291, -34.04689404128186 ], [ 122.087117986550339, -34.040758420449237 ], [ 122.090842547571327, -34.042031851188085 ] ] ], [ [ [ 119.783476995070743, -34.039832289002803 ], [ 119.782811894888425, -34.034391266755009 ], [ 119.78773363623759, -34.034391266755009 ], [ 119.783476995070743, -34.039832289002803 ] ] ], [ [ [ 122.007039924599141, -34.021772725797348 ], [ 121.999457782520707, -34.039369223279586 ], [ 121.982431217853346, -34.036706595371093 ], [ 121.991609600369344, -34.029760609522839 ], [ 122.007039924599141, -34.021772725797348 ] ] ], [ [ [ 121.61609403743212, -34.012742944194628 ], [ 121.612768536520534, -34.034622799616614 ], [ 121.605984514660875, -34.039369223279586 ], [ 121.600131633056463, -34.028139879491583 ], [ 121.61609403743212, -34.012742944194628 ] ] ], [ [ [ 121.66890299190824, -34.002092432560637 ], [ 121.678879494643027, -33.994104548835153 ], [ 121.689654117596589, -34.005102359761551 ], [ 121.686328616684989, -34.009154184839694 ], [ 121.66890299190824, -34.002092432560637 ] ] ], [ [ [ 121.999856842630109, -33.98854776015655 ], [ 121.992673760661063, -33.982875205047144 ], [ 122.002916303468766, -33.985190533663229 ], [ 121.999856842630109, -33.98854776015655 ] ] ], [ [ [ 121.679145534715943, -33.985422066524833 ], [ 121.685796536539144, -33.990052723757003 ], [ 121.679544594825344, -33.99109462163424 ], [ 121.679145534715943, -33.985422066524833 ] ] ], [ [ [ 122.023401389084185, -33.959606152455507 ], [ 122.003847443724013, -33.969214766212254 ], [ 122.003581403651083, -33.955901626669771 ], [ 122.023401389084185, -33.959606152455507 ] ] ], [ [ [ 121.790217265163193, -33.925918121091485 ], [ 121.797400347132239, -33.918046003796803 ], [ 121.801124908153227, -33.926381186814702 ], [ 121.790217265163193, -33.925918121091485 ] ] ], [ [ [ 121.87322176791659, -33.919319434535645 ], [ 121.881735050250271, -33.925455055368268 ], [ 121.868965126749757, -33.924065858198617 ], [ 121.87322176791659, -33.919319434535645 ] ] ], [ [ [ 121.907540937324242, -33.924413157491031 ], [ 121.90275221601155, -33.920129799551276 ], [ 121.910201338053525, -33.918972135243237 ], [ 121.907540937324242, -33.924413157491031 ] ] ], [ [ [ 121.991742620405816, -33.923255493182992 ], [ 121.995068121317402, -33.915614908749916 ], [ 122.000255902739497, -33.919203668104842 ], [ 121.991742620405816, -33.923255493182992 ] ] ], [ [ [ 121.350053964504582, -33.873012862213976 ], [ 121.350586044650441, -33.866529942088938 ], [ 121.354576645744345, -33.865835343504116 ], [ 121.350053964504582, -33.873012862213976 ] ] ], [ [ [ 117.219648812268019, -20.660705880963196 ], [ 117.215658211174102, -20.657001355177464 ], [ 117.219515792231547, -20.657348654469875 ], [ 117.219648812268019, -20.660705880963196 ] ] ], [ [ [ 117.672315996354229, -20.636279164063513 ], [ 117.674976397083498, -20.637089529079145 ], [ 117.664068754093478, -20.643572449204179 ], [ 117.672315996354229, -20.636279164063513 ] ] ], [ [ [ 117.736298633893298, -20.627480915322394 ], [ 117.73284011294524, -20.653759895114945 ], [ 117.711423887074574, -20.642993617050156 ], [ 117.71834092897069, -20.607684855654881 ], [ 117.736298633893298, -20.627480915322394 ] ] ], [ [ [ 117.039140622786675, -20.632111572554564 ], [ 117.085830655585454, -20.61347317719509 ], [ 117.089422196569984, -20.616830403688411 ], [ 117.059758728438567, -20.637668361233164 ], [ 117.039140622786675, -20.632111572554564 ] ] ], [ [ [ 117.775007464504256, -20.582216240877958 ], [ 117.781392426254527, -20.58696266454093 ], [ 117.775140484540728, -20.589741058880232 ], [ 117.775007464504256, -20.582216240877958 ] ] ], [ [ [ 117.177348440672532, -20.557673757547473 ], [ 117.174555019906791, -20.550033173114397 ], [ 117.178412600964251, -20.548991275237157 ], [ 117.177348440672532, -20.557673757547473 ] ] ], [ [ [ 117.87011679057585, -20.522943828306218 ], [ 117.845907143939456, -20.539151128618801 ], [ 117.870648870721709, -20.516113608888769 ], [ 117.87011679057585, -20.522943828306218 ] ] ], [ [ [ 116.81566696152754, -20.517271273196812 ], [ 116.882443019832351, -20.42373199710703 ], [ 116.861558874107544, -20.464481780750102 ], [ 116.866081555347307, -20.495044118482408 ], [ 116.884970400525162, -20.484740906140836 ], [ 116.873663697425741, -20.51090411950258 ], [ 116.81566696152754, -20.517271273196812 ] ] ], [ [ [ 117.925453125744781, -20.474321927368461 ], [ 117.918270043775735, -20.476868788846151 ], [ 117.930640907166875, -20.465523678627342 ], [ 117.925453125744781, -20.474321927368461 ] ] ], [ [ [ 117.075189052668364, -20.464829080042517 ], [ 117.074390932449575, -20.429636085078045 ], [ 117.080243814053986, -20.429867617939653 ], [ 117.075189052668364, -20.464829080042517 ] ] ], [ [ [ 116.975291005284063, -20.439823530988811 ], [ 116.958929540799019, -20.43033068366287 ], [ 116.963452222038796, -20.426510391446332 ], [ 116.975291005284063, -20.439823530988811 ] ] ], [ [ [ 116.85065123111751, -20.40439900316273 ], [ 116.852912571737392, -20.409840025410528 ], [ 116.850252171008123, -20.409376959687311 ], [ 116.85065123111751, -20.40439900316273 ] ] ], [ [ [ 116.861691894144002, -20.40243097383906 ], [ 116.862356994326319, -20.407640463225249 ], [ 116.856238072648992, -20.403935937439517 ], [ 116.861691894144002, -20.40243097383906 ] ] ], [ [ [ 116.844133249330781, -20.373720898999622 ], [ 116.834156746596008, -20.351841043577632 ], [ 116.946292637334963, -20.418406741290038 ], [ 116.929931172849919, -20.418406741290038 ], [ 116.844133249330781, -20.373720898999622 ] ] ], [ [ [ 118.526836710597493, -20.310165128488126 ], [ 118.502627063961086, -20.321162939414524 ], [ 118.500232703304746, -20.314564252858684 ], [ 118.526836710597493, -20.310165128488126 ] ] ], [ [ [ 118.902219253498259, -19.89062758325376 ], [ 118.89264181087286, -19.887617656052853 ], [ 118.897297512149095, -19.885418093867571 ], [ 118.902219253498259, -19.89062758325376 ] ] ], [ [ [ 122.138330700588895, -16.853611037536783 ], [ 122.143784522083905, -16.858704760492166 ], [ 122.1298174182552, -16.852916438951958 ], [ 122.138330700588895, -16.853611037536783 ] ] ], [ [ [ 122.258048733406284, -34.121563389150559 ], [ 122.246342970197475, -34.161271274916395 ], [ 122.235435327207441, -34.158492880577093 ], [ 122.231311706077065, -34.108597548900491 ], [ 122.258048733406284, -34.121563389150559 ] ] ], [ [ [ 123.188390868433899, -34.106745286007623 ], [ 123.17641906515216, -34.118553461949652 ], [ 123.157530219974305, -34.110334045362549 ], [ 123.170300143474833, -34.090422219264234 ], [ 123.216192056054823, -34.083013167692762 ], [ 123.209940114341038, -34.117974629795626 ], [ 123.188390868433899, -34.106745286007623 ] ] ], [ [ [ 123.106716566045151, -34.091232584279858 ], [ 123.105652405753432, -34.100146599451783 ], [ 123.100464624331352, -34.096442073666047 ], [ 123.106716566045151, -34.091232584279858 ] ] ], [ [ [ 122.546037112350348, -34.089727620679405 ], [ 122.53685872983435, -34.088454189940563 ], [ 122.545771072277418, -34.087759591355734 ], [ 122.546037112350348, -34.089727620679405 ] ] ], [ [ [ 123.178680405772042, -34.07977170763025 ], [ 123.188656908506829, -34.079077109045421 ], [ 123.183203087011819, -34.087180759201715 ], [ 123.178680405772042, -34.07977170763025 ] ] ], [ [ [ 122.966247407539399, -34.084518131293216 ], [ 122.9633209667372, -34.075256816828883 ], [ 122.970371028669774, -34.074909517536469 ], [ 122.966247407539399, -34.084518131293216 ] ] ], [ [ [ 122.164934707881642, -34.081508204092309 ], [ 122.15961390642309, -34.080813605507487 ], [ 122.163072427371148, -34.076414481136929 ], [ 122.164934707881642, -34.081508204092309 ] ] ], [ [ [ 123.234282781013903, -34.072131123197174 ], [ 123.22976009977414, -34.063564407317664 ], [ 123.237076201779644, -34.068889663134655 ], [ 123.234282781013903, -34.072131123197174 ] ] ], [ [ [ 122.144449622266222, -34.027676813768366 ], [ 122.148839283469528, -34.036822361801896 ], [ 122.137000500224246, -34.026866448752735 ], [ 122.144449622266222, -34.027676813768366 ] ] ], [ [ [ 123.257162227285676, -34.019110097888856 ], [ 123.248249884842593, -34.029529076661234 ], [ 123.242397003238196, -34.027445280906754 ], [ 123.257162227285676, -34.019110097888856 ] ] ], [ [ [ 123.296004077933091, -34.017720900719205 ], [ 123.287224755526481, -34.021425426504941 ], [ 123.294407837495527, -34.0148267399491 ], [ 123.296004077933091, -34.017720900719205 ] ] ], [ [ [ 123.537169404041904, -34.008922651978089 ], [ 123.53038538218226, -34.009733016993714 ], [ 123.524532500577848, -34.006375790500392 ], [ 123.537169404041904, -34.008922651978089 ] ] ], [ [ [ 122.79944028181383, -34.013553309210252 ], [ 122.80821960422044, -34.00162936683742 ], [ 122.813141345569605, -34.01089068130176 ], [ 122.79944028181383, -34.013553309210252 ] ] ], [ [ [ 122.587539363727046, -34.006375790500392 ], [ 122.583149702523741, -34.003597396161091 ], [ 122.588337483945821, -34.001976666129835 ], [ 122.587539363727046, -34.006375790500392 ] ] ], [ [ [ 122.633298256270578, -34.004755060469137 ], [ 122.629174635140203, -34.000124403236967 ], [ 122.636490737145706, -34.000355936098579 ], [ 122.633298256270578, -34.004755060469137 ] ] ], [ [ [ 122.654847502177716, -33.997346008897665 ], [ 122.652453141521363, -34.002902797576269 ], [ 122.647531400172213, -33.998850972498126 ], [ 122.654847502177716, -33.997346008897665 ] ] ], [ [ [ 122.861693658878877, -33.98194907360071 ], [ 122.81779704684584, -34.002902797576269 ], [ 122.840144412971753, -33.984148635785992 ], [ 122.861693658878877, -33.98194907360071 ] ] ], [ [ [ 122.840942533190528, -33.967130970457774 ], [ 122.847327494940785, -33.96828863476582 ], [ 122.841740653409317, -33.970719729812707 ], [ 122.840942533190528, -33.967130970457774 ] ] ], [ [ [ 122.811146045022639, -33.960069218178724 ], [ 122.816067786371804, -33.961458415348368 ], [ 122.813008325533133, -33.967246736888576 ], [ 122.811146045022639, -33.960069218178724 ] ] ], [ [ [ 122.52182746571394, -33.961921481071585 ], [ 122.516905724364776, -33.960184984609526 ], [ 122.527680347318352, -33.962037247502394 ], [ 122.52182746571394, -33.961921481071585 ] ] ], [ [ [ 122.870472981285488, -33.922908193890578 ], [ 122.875128682561723, -33.919203668104842 ], [ 122.873266402051229, -33.923950091767814 ], [ 122.870472981285488, -33.922908193890578 ] ] ], [ [ [ 123.481966088909445, -17.374328443294004 ], [ 123.499524733722666, -17.390883042899006 ], [ 123.506042715509381, -17.400607423086555 ], [ 123.488617090732632, -17.389493845729355 ], [ 123.481966088909445, -17.374328443294004 ] ] ], [ [ [ 123.52134001970272, -17.356268880088553 ], [ 123.525463640833095, -17.342724207684462 ], [ 123.526128741015413, -17.356500412950162 ], [ 123.52134001970272, -17.356268880088553 ] ] ], [ [ [ 123.453898861215592, -17.342145375530443 ], [ 123.444188398553734, -17.323970045894185 ], [ 123.45735738216365, -17.340871944791598 ], [ 123.453898861215592, -17.342145375530443 ] ] ], [ [ [ 123.423171232792455, -17.324085812324988 ], [ 123.401621986885331, -17.317371359338345 ], [ 123.398429506010189, -17.302553256195413 ], [ 123.401488966848859, -17.299774861856111 ], [ 123.423171232792455, -17.324085812324988 ] ] ], [ [ [ 123.416786271042199, -17.291902744561426 ], [ 123.423570292901843, -17.289471649514539 ], [ 123.426895793813443, -17.301279825456565 ], [ 123.416786271042199, -17.291902744561426 ] ] ], [ [ [ 123.319814664460111, -17.083986234837109 ], [ 123.319947684496569, -17.089774556377321 ], [ 123.313961782855699, -17.086185797022392 ], [ 123.319814664460111, -17.083986234837109 ] ] ], [ [ [ 123.456559261944861, -16.617100219403834 ], [ 123.508171036092804, -16.631339490392751 ], [ 123.529055181817625, -16.609922700693975 ], [ 123.505510635363535, -16.640716571287889 ], [ 123.456559261944861, -16.617100219403834 ] ] ], [ [ [ 123.479172668143704, -16.604944744169394 ], [ 123.488085010586772, -16.607954671370305 ], [ 123.479438708216634, -16.611080365002017 ], [ 123.479172668143704, -16.604944744169394 ] ] ], [ [ [ 123.402819167213494, -16.601008685522054 ], [ 123.40481446776046, -16.607260072785479 ], [ 123.400557826593612, -16.604713211307786 ], [ 123.402819167213494, -16.601008685522054 ] ] ], [ [ [ 123.525064580723708, -16.60563934275422 ], [ 123.518280558864049, -16.580286494408103 ], [ 123.537967524260694, -16.592094670350132 ], [ 123.525064580723708, -16.60563934275422 ] ] ], [ [ [ 123.363445236420219, -16.583991020193839 ], [ 123.355996114378257, -16.531433060608737 ], [ 123.388453003275416, -16.577508100068805 ], [ 123.389384143530663, -16.600661386229639 ], [ 123.363445236420219, -16.583991020193839 ] ] ], [ [ [ 123.455495101653156, -16.530391162731501 ], [ 123.436207196365899, -16.528770432700242 ], [ 123.431019414943819, -16.526802403376571 ], [ 123.455495101653156, -16.530391162731501 ] ] ], [ [ [ 123.400025746447767, -16.528654666269439 ], [ 123.380072740978193, -16.517193789619824 ], [ 123.398296485973731, -16.513026198110872 ], [ 123.400025746447767, -16.528654666269439 ] ] ], [ [ [ 123.443390278334945, -16.519972183959123 ], [ 123.450440340267534, -16.518930286081886 ], [ 123.451371480522781, -16.522055979713599 ], [ 123.443390278334945, -16.519972183959123 ] ] ], [ [ [ 123.381802001452229, -16.504922547954578 ], [ 123.388719043348345, -16.507816708724686 ], [ 123.383132201816863, -16.509321672325139 ], [ 123.381802001452229, -16.504922547954578 ] ] ], [ [ [ 123.380072740978193, -16.498323861398742 ], [ 123.389916223676508, -16.496471598505874 ], [ 123.392576624405791, -16.498902693552761 ], [ 123.380072740978193, -16.498323861398742 ] ] ], [ [ [ 123.476911327523823, -16.492072474135316 ], [ 123.468398045190142, -16.490799043396468 ], [ 123.472521666320517, -16.488252181918778 ], [ 123.476911327523823, -16.492072474135316 ] ] ], [ [ [ 123.101395764586599, -16.446576266829272 ], [ 123.107514686263926, -16.443450573197559 ], [ 123.103258045097093, -16.447618164706508 ], [ 123.101395764586599, -16.446576266829272 ] ] ], [ [ [ 123.344822431315293, -16.447039332552489 ], [ 123.348813032409211, -16.419023856297876 ], [ 123.360119735508633, -16.4362730544877 ], [ 123.344822431315293, -16.447039332552489 ] ] ], [ [ [ 123.10418918535234, -16.437430718795742 ], [ 123.096474023237434, -16.426548674300147 ], [ 123.129862052389839, -16.435578455902874 ], [ 123.10418918535234, -16.437430718795742 ] ] ], [ [ [ 123.155933979536741, -16.427243272884972 ], [ 123.158993440375411, -16.430832032239902 ], [ 123.15260847862514, -16.434420791594832 ], [ 123.155933979536741, -16.427243272884972 ] ] ], [ [ [ 123.152475458588682, -16.422728382083609 ], [ 123.156599079719058, -16.406984147494239 ], [ 123.168038802854937, -16.405016118170568 ], [ 123.162584981359927, -16.416361228389377 ], [ 123.152475458588682, -16.422728382083609 ] ] ], [ [ [ 123.481567028800058, -16.413004001896056 ], [ 123.499657753759124, -16.414624731927315 ], [ 123.498327553394489, -16.418097724851442 ], [ 123.481567028800058, -16.413004001896056 ] ] ], [ [ [ 123.197303210876967, -16.421223418483155 ], [ 123.167506722709092, -16.42608560857693 ], [ 123.171763363875925, -16.386956554965117 ], [ 123.210339174450425, -16.394481372967388 ], [ 123.197303210876967, -16.421223418483155 ] ] ], [ [ [ 123.199032471351003, -16.421918017067981 ], [ 123.222843057878023, -16.396565168721864 ], [ 123.203289112517837, -16.424349112114868 ], [ 123.199032471351003, -16.421918017067981 ] ] ], [ [ [ 123.129462992280452, -16.418560790574659 ], [ 123.117757229071643, -16.408952176817913 ], [ 123.126270511405323, -16.397722833029906 ], [ 123.134517753666074, -16.400501227369205 ], [ 123.129462992280452, -16.418560790574659 ] ] ], [ [ [ 123.149415997750012, -16.396217869429449 ], [ 123.152342438552225, -16.387882686411551 ], [ 123.157663240010763, -16.393323708659345 ], [ 123.149415997750012, -16.396217869429449 ] ] ], [ [ [ 123.124807291004217, -16.3864934892419 ], [ 123.124807291004217, -16.38348356204099 ], [ 123.13238943308265, -16.384988525641443 ], [ 123.124807291004217, -16.3864934892419 ] ] ], [ [ [ 123.422639152646596, -16.37630604333113 ], [ 123.427560893995761, -16.380357868409277 ], [ 123.423969353011245, -16.381283999855711 ], [ 123.422639152646596, -16.37630604333113 ] ] ], [ [ [ 123.39004924371298, -16.371212320375747 ], [ 123.402952187249966, -16.372717283976201 ], [ 123.399626686338365, -16.380589401270885 ], [ 123.39004924371298, -16.371212320375747 ] ] ], [ [ [ 123.177217185370949, -16.36056180874176 ], [ 123.194642810147698, -16.361603706619 ], [ 123.20049569175211, -16.360330275880152 ], [ 123.192248449491345, -16.365887064558756 ], [ 123.177217185370949, -16.36056180874176 ] ] ], [ [ [ 123.331653447705378, -16.338103121165751 ], [ 123.349345112555056, -16.339723851197007 ], [ 123.352670613466657, -16.358478012987288 ], [ 123.335910088872225, -16.358709545848896 ], [ 123.331653447705378, -16.338103121165751 ] ] ], [ [ [ 123.421574992354891, -16.344817574152394 ], [ 123.416254190896339, -16.335787792549667 ], [ 123.419446671771468, -16.333009398210365 ], [ 123.421574992354891, -16.344817574152394 ] ] ], [ [ [ 123.312365542418135, -16.321895820853165 ], [ 123.313828762819242, -16.307656549864248 ], [ 123.317819363913145, -16.31958049223708 ], [ 123.312365542418135, -16.321895820853165 ] ] ], [ [ [ 123.427560893995761, -16.309045747033899 ], [ 123.431817535162608, -16.311361075649984 ], [ 123.427427873959303, -16.31402370355848 ], [ 123.427560893995761, -16.309045747033899 ] ] ], [ [ [ 123.305847560631406, -16.306961951279423 ], [ 123.299329578844691, -16.313097572112046 ], [ 123.299994679027009, -16.306267352694601 ], [ 123.305847560631406, -16.306961951279423 ] ] ], [ [ [ 123.291614416729786, -16.300710564015997 ], [ 123.297467298334197, -16.300826330446803 ], [ 123.295871057896633, -16.306035819832992 ], [ 123.291614416729786, -16.300710564015997 ] ] ], [ [ [ 123.519344719155768, -16.297006038230265 ], [ 123.516019218244168, -16.276168080685512 ], [ 123.521739079812107, -16.275936547823903 ], [ 123.519344719155768, -16.297006038230265 ] ] ], [ [ [ 123.418914591625622, -16.271305890591737 ], [ 123.423304252828913, -16.281146037210092 ], [ 123.429290154469797, -16.282651000810546 ], [ 123.424102373047702, -16.286471293027084 ], [ 123.418914591625622, -16.271305890591737 ] ] ], [ [ [ 123.436074176329441, -16.27639961354712 ], [ 123.422107072500751, -16.27802034357838 ], [ 123.4332807555637, -16.26980092699128 ], [ 123.436074176329441, -16.27639961354712 ] ] ], [ [ [ 123.438202496912865, -16.278251876439988 ], [ 123.449243159939357, -16.263781072589463 ], [ 123.455096041543769, -16.266559466928765 ], [ 123.438202496912865, -16.278251876439988 ] ] ], [ [ [ 123.548742147214256, -16.265980634774742 ], [ 123.524399480541391, -16.277788810716771 ], [ 123.507505935910487, -16.260423846096142 ], [ 123.548742147214256, -16.265980634774742 ] ] ], [ [ [ 123.459352682710602, -16.209949682265517 ], [ 123.489814271060808, -16.240396253567017 ], [ 123.528390081635294, -16.253477860247891 ], [ 123.491676551571302, -16.25405669240191 ], [ 123.506175735545852, -16.267601364806001 ], [ 123.4975294331757, -16.284850562995825 ], [ 123.479837768326021, -16.244100779352753 ], [ 123.446449739173616, -16.227777712609363 ], [ 123.459352682710602, -16.209949682265517 ] ] ], [ [ [ 123.505244595290606, -16.233450267718766 ], [ 123.50657479565524, -16.231713771256704 ], [ 123.510831436822087, -16.236228662058068 ], [ 123.505244595290606, -16.233450267718766 ] ] ], [ [ [ 123.454963021507297, -16.168736832899228 ], [ 123.435808136256512, -16.16630573785234 ], [ 123.42835901421455, -16.162253912774194 ], [ 123.454297921324979, -16.154729094771923 ], [ 123.454963021507297, -16.168736832899228 ] ] ], [ [ [ 123.345487531497611, -16.151719167571013 ], [ 123.340831830221376, -16.167694935021991 ], [ 123.32247506518938, -16.146972743908041 ], [ 123.333249688142942, -16.152645299017447 ], [ 123.345487531497611, -16.151719167571013 ] ] ], [ [ [ 123.505244595290606, -16.161906613481783 ], [ 123.511496537004405, -16.145467780307587 ], [ 123.522138139921509, -16.143268218122309 ], [ 123.523202300213214, -16.162948511359019 ], [ 123.505244595290606, -16.161906613481783 ] ] ], [ [ [ 123.451238460486309, -16.154960627633532 ], [ 123.443523298371417, -16.143731283845526 ], [ 123.460682883075236, -16.15773902197283 ], [ 123.455761141726086, -16.154497561910315 ], [ 123.451238460486309, -16.154960627633532 ] ] ], [ [ [ 123.325135465918663, -16.137479896582096 ], [ 123.314360842965087, -16.143847050276328 ], [ 123.308640981397147, -16.135280334396818 ], [ 123.325135465918663, -16.137479896582096 ] ] ], [ [ [ 123.299196558808219, -16.125903253501679 ], [ 123.315158963183876, -16.136090699412449 ], [ 123.290417236401609, -16.127408217102133 ], [ 123.299196558808219, -16.125903253501679 ] ] ], [ [ [ 123.388852063384803, -16.126713618517307 ], [ 123.401755006921789, -16.108422522450248 ], [ 123.422506132610138, -16.131691575041888 ], [ 123.388852063384803, -16.126713618517307 ] ] ], [ [ [ 123.446582759210074, -16.087468798474692 ], [ 123.435143036074194, -16.09128909069123 ], [ 123.442193098006783, -16.113632011836437 ], [ 123.427959954105148, -16.091404857122033 ], [ 123.43381283570956, -16.078786316164376 ], [ 123.446582759210074, -16.087468798474692 ] ] ], [ [ [ 123.447247859392405, -16.095688215061788 ], [ 123.451238460486309, -16.092330988568467 ], [ 123.450041280158132, -16.09742471152385 ], [ 123.447247859392405, -16.095688215061788 ] ] ], [ [ [ 123.407740908562658, -16.087005732751475 ], [ 123.398695546083118, -16.071840330316125 ], [ 123.41931365173501, -16.084574637704584 ], [ 123.407740908562658, -16.087005732751475 ] ] ], [ [ [ 123.382733141707476, -16.064662811606265 ], [ 123.386058642619062, -16.067788505237978 ], [ 123.376747240066607, -16.064662811606265 ], [ 123.382733141707476, -16.064662811606265 ] ] ], [ [ [ 123.420111771953785, -16.073692593208992 ], [ 123.388186963202486, -16.064083979452246 ], [ 123.382201061561616, -16.059569088650882 ], [ 123.420111771953785, -16.073692593208992 ] ] ], [ [ [ 123.513624857587814, -16.059916387943293 ], [ 123.514955057952463, -16.05783259218882 ], [ 123.520142839374543, -16.062115950128575 ], [ 123.513624857587814, -16.059916387943293 ] ] ], [ [ [ 123.371293418571582, -16.058179891481231 ], [ 123.36078483569095, -16.058295657912037 ], [ 123.364110336602536, -16.054706898557107 ], [ 123.371293418571582, -16.058179891481231 ] ] ], [ [ [ 123.277647312901095, -16.040699160429799 ], [ 123.301191859355171, -16.033868941012354 ], [ 123.30824192128776, -16.03548967104361 ], [ 123.284830394870127, -16.047876679139659 ], [ 123.277647312901095, -16.040699160429799 ] ] ], [ [ [ 123.152475458588682, -15.511878104516285 ], [ 123.16737370267262, -15.527738105536459 ], [ 123.156066999573198, -15.535610222831142 ], [ 123.152475458588682, -15.511878104516285 ] ] ], [ [ [ 123.563108311152348, -34.354138148636167 ], [ 123.543820405865091, -34.373355376149661 ], [ 123.533976923166776, -34.378101799812633 ], [ 123.558053549766726, -34.339204279062422 ], [ 123.563108311152348, -34.354138148636167 ] ] ], [ [ [ 123.599954861252812, -34.238487484262784 ], [ 123.596629360341211, -34.24010821429404 ], [ 123.610995524279303, -34.228878870506037 ], [ 123.599954861252812, -34.238487484262784 ] ] ], [ [ [ 123.884617739285275, -34.101651563052236 ], [ 123.891268741108462, -34.102461928067868 ], [ 123.886080959686382, -34.108366016038879 ], [ 123.884617739285275, -34.101651563052236 ] ] ], [ [ [ 123.635338190952169, -33.888294031080129 ], [ 123.642521272921215, -33.884357972432781 ], [ 123.64172315270244, -33.888872863234148 ], [ 123.635338190952169, -33.888294031080129 ] ] ], [ [ [ 124.130305746633866, -33.845460451682577 ], [ 124.146534191082452, -33.843955488082123 ], [ 124.136158628238277, -33.865372277780899 ], [ 124.130305746633866, -33.862478117010795 ], [ 124.130305746633866, -33.845460451682577 ] ] ], [ [ [ 124.095587517116826, -33.73895533534273 ], [ 124.090931815840591, -33.738260736757901 ], [ 124.100376238429519, -33.73490351026458 ], [ 124.095587517116826, -33.73895533534273 ] ] ], [ [ [ 123.589978358518024, -17.571594441384335 ], [ 123.586519837569966, -17.575067434308462 ], [ 123.586386817533509, -17.570436777076296 ], [ 123.589978358518024, -17.571594441384335 ] ] ], [ [ [ 123.535440143567882, -17.325011943771422 ], [ 123.526394781088342, -17.309151942751249 ], [ 123.529321221890541, -17.307878512012405 ], [ 123.535440143567882, -17.325011943771422 ] ] ], [ [ [ 123.543022285646316, -17.303595154072649 ], [ 123.551136507870609, -17.313435300691005 ], [ 123.545948726448515, -17.318413257215585 ], [ 123.543022285646316, -17.303595154072649 ] ] ], [ [ [ 123.546347786557902, -17.298848730409677 ], [ 123.537302424078376, -17.295259971054747 ], [ 123.540095844844117, -17.291323912407407 ], [ 123.546347786557902, -17.298848730409677 ] ] ], [ [ [ 123.551801608052926, -17.241428580730801 ], [ 123.544352486010951, -17.28981894880695 ], [ 123.544751546120338, -17.232861864851291 ], [ 123.551801608052926, -17.241428580730801 ] ] ], [ [ [ 123.685353724662548, -17.051918933504354 ], [ 123.681762183678032, -17.048330174149424 ], [ 123.687082985136584, -17.04022652399313 ], [ 123.685353724662548, -17.051918933504354 ] ] ], [ [ [ 123.682693323933279, -17.031312508821205 ], [ 123.664336558901269, -17.035711633191767 ], [ 123.671386620833857, -17.022861559372501 ], [ 123.682693323933279, -17.031312508821205 ] ] ], [ [ [ 123.917340668255363, -16.87537512652797 ], [ 123.917872748401223, -16.882436878807027 ], [ 123.907098125447661, -16.884752207423109 ], [ 123.917340668255363, -16.87537512652797 ] ] ], [ [ [ 123.892332901400181, -16.868429140679719 ], [ 123.899915043478615, -16.867271476371677 ], [ 123.893131021618956, -16.871554834311432 ], [ 123.892332901400181, -16.868429140679719 ] ] ], [ [ [ 123.702912369475769, -16.756135702799661 ], [ 123.71089357166359, -16.761460958616652 ], [ 123.703045389512226, -16.759955995016199 ], [ 123.702912369475769, -16.756135702799661 ] ] ], [ [ [ 123.554195968709266, -16.609343868539955 ], [ 123.558851669985501, -16.60309248127653 ], [ 123.55964979020429, -16.605870875615828 ], [ 123.554195968709266, -16.609343868539955 ] ] ], [ [ [ 123.575878234652862, -16.587464013117962 ], [ 123.564970591662842, -16.584106786624641 ], [ 123.574015954142368, -16.582601823024188 ], [ 123.575878234652862, -16.587464013117962 ] ] ], [ [ [ 123.539563764698258, -16.58538021736349 ], [ 123.54155906524521, -16.576234669329956 ], [ 123.540494904953505, -16.589663575303241 ], [ 123.539563764698258, -16.58538021736349 ] ] ], [ [ [ 123.620439946868231, -16.428285170762209 ], [ 123.609931363987585, -16.414740498358121 ], [ 123.626824908618488, -16.420065754175113 ], [ 123.620439946868231, -16.428285170762209 ] ] ], [ [ [ 123.622169207342253, -16.400501227369205 ], [ 123.665799779302375, -16.416245461958574 ], [ 123.648374154525627, -16.417981958420636 ], [ 123.622169207342253, -16.400501227369205 ] ] ], [ [ [ 123.852160850388117, -16.38348356204099 ], [ 123.857215611773739, -16.388114219273156 ], [ 123.852293870424589, -16.388114219273156 ], [ 123.852160850388117, -16.38348356204099 ] ] ], [ [ [ 123.604610562529047, -16.378621371947215 ], [ 123.606339823003069, -16.373064583268615 ], [ 123.609798343951127, -16.378274072654801 ], [ 123.604610562529047, -16.378621371947215 ] ] ], [ [ [ 123.610463444133444, -16.375264145453894 ], [ 123.598757680924635, -16.360214509449349 ], [ 123.614454045227362, -16.372485751114592 ], [ 123.610463444133444, -16.375264145453894 ] ] ], [ [ [ 123.68548674469902, -16.36322443665026 ], [ 123.675510241964233, -16.365308232404733 ], [ 123.673514941417281, -16.361256407326586 ], [ 123.68548674469902, -16.36322443665026 ] ] ], [ [ [ 123.656621396786377, -16.351184727846622 ], [ 123.668194139958729, -16.348637866368932 ], [ 123.672184741052632, -16.356162684371203 ], [ 123.656621396786377, -16.351184727846622 ] ] ], [ [ [ 123.692270766558664, -16.353500056462707 ], [ 123.687615065282429, -16.355699618647986 ], [ 123.679101782948749, -16.344586041290786 ], [ 123.692270766558664, -16.353500056462707 ] ] ], [ [ [ 123.607670023367703, -16.328378740978199 ], [ 123.627623028837277, -16.354889253632358 ], [ 123.600087881289269, -16.327799908824179 ], [ 123.607670023367703, -16.328378740978199 ] ] ], [ [ [ 123.624297527925677, -16.329073339563024 ], [ 123.648108114452697, -16.335672026118861 ], [ 123.658616697333329, -16.345164873444805 ], [ 123.650502475109036, -16.347827501353301 ], [ 123.624430547962149, -16.33370399679519 ], [ 123.624297527925677, -16.329073339563024 ] ] ], [ [ [ 123.952457957881805, -16.34748020206089 ], [ 123.925986970625516, -16.330231003871067 ], [ 123.924656770260881, -16.325253047346486 ], [ 123.952457957881805, -16.34748020206089 ] ] ], [ [ [ 123.631214569821793, -16.323979616607641 ], [ 123.635338190952169, -16.328262974547393 ], [ 123.623765447779817, -16.322937718730401 ], [ 123.631214569821793, -16.323979616607641 ] ] ], [ [ [ 123.853491050752751, -16.313213338542852 ], [ 123.850830650023482, -16.30881421417229 ], [ 123.855752391372647, -16.308929980603097 ], [ 123.853491050752751, -16.313213338542852 ] ] ], [ [ [ 123.881824318519534, -16.314949835004914 ], [ 123.871315735638902, -16.297584870384284 ], [ 123.864664733815715, -16.290986183828448 ], [ 123.874375196477573, -16.29110195025925 ], [ 123.881824318519534, -16.314949835004914 ] ] ], [ [ [ 123.911753826723896, -16.299205600415544 ], [ 123.914281207416707, -16.295153775337397 ], [ 123.921331269349281, -16.299437133277152 ], [ 123.911753826723896, -16.299205600415544 ] ] ], [ [ [ 123.849633469695306, -16.280914504348484 ], [ 123.851628770242257, -16.274894649946667 ], [ 123.857082591737282, -16.278483409301597 ], [ 123.849633469695306, -16.280914504348484 ] ] ], [ [ [ 123.77846775018719, -16.281724869364112 ], [ 123.771284668218144, -16.270611292006912 ], [ 123.78152721102586, -16.279756840040442 ], [ 123.77846775018719, -16.281724869364112 ] ] ], [ [ [ 124.214640449751897, -16.274778883515861 ], [ 124.20825548800164, -16.272695087761385 ], [ 124.21370930949665, -16.272810854192191 ], [ 124.214640449751897, -16.274778883515861 ] ] ], [ [ [ 123.865063793925103, -16.255445889571561 ], [ 123.881558278446619, -16.271190124160931 ], [ 123.886346999759311, -16.284503263703414 ], [ 123.864930773888645, -16.273968518500233 ], [ 123.865063793925103, -16.255445889571561 ] ] ], [ [ [ 123.821832282074382, -16.269337861268063 ], [ 123.826487983350617, -16.266559466928765 ], [ 123.822098322147312, -16.276168080685512 ], [ 123.821832282074382, -16.269337861268063 ] ] ], [ [ [ 124.152786132796237, -16.272926620622993 ], [ 124.157574854108944, -16.271305890591737 ], [ 124.154382373233801, -16.273852752069427 ], [ 124.152786132796237, -16.272926620622993 ] ] ], [ [ [ 123.756519444170664, -16.271653189884148 ], [ 123.753193943259078, -16.258803116064882 ], [ 123.76396856621264, -16.271074357730129 ], [ 123.756519444170664, -16.271653189884148 ] ] ], [ [ [ 123.568961192756746, -16.26227610898901 ], [ 123.57441501425177, -16.258224283910863 ], [ 123.57361689403298, -16.27084282486852 ], [ 123.568961192756746, -16.26227610898901 ] ] ], [ [ [ 123.863733593560468, -16.235881362765657 ], [ 123.886080959686382, -16.238196691381738 ], [ 123.939288974271889, -16.279062241455616 ], [ 123.905767925083026, -16.27639961354712 ], [ 123.863733593560468, -16.235881362765657 ] ] ], [ [ [ 123.572685753777733, -16.254519758125127 ], [ 123.554595028818667, -16.258340050341666 ], [ 123.56536965177223, -16.244448078645163 ], [ 123.572685753777733, -16.254519758125127 ] ] ], [ [ [ 123.804140617224704, -16.245258443660795 ], [ 123.833937105392579, -16.231250705533487 ], [ 123.817575640907535, -16.269569394129672 ], [ 123.804140617224704, -16.245258443660795 ] ] ], [ [ [ 124.06818538960529, -16.239238589258978 ], [ 124.074437331319075, -16.255445889571561 ], [ 124.065658008912479, -16.242827348613908 ], [ 124.06818538960529, -16.239238589258978 ] ] ], [ [ [ 123.551801608052926, -16.24456384507597 ], [ 123.556590329365619, -16.244795377937578 ], [ 123.553397848490491, -16.248847203015725 ], [ 123.551801608052926, -16.24456384507597 ] ] ], [ [ [ 124.114875422404069, -16.232292603410727 ], [ 124.145337010754275, -16.249773334462159 ], [ 124.097582817663778, -16.251046765201004 ], [ 124.114875422404069, -16.232292603410727 ] ] ], [ [ [ 124.036526620926907, -16.241206618582648 ], [ 124.039985141874965, -16.238196691381738 ], [ 124.046104063552292, -16.242132750029082 ], [ 124.036526620926907, -16.241206618582648 ] ] ], [ [ [ 123.84577588863786, -16.235070997750025 ], [ 123.837528646377109, -16.23275566913394 ], [ 123.836863546194792, -16.225346617562476 ], [ 123.84577588863786, -16.235070997750025 ] ] ], [ [ [ 123.57907071552799, -16.238428224243346 ], [ 123.552067648125856, -16.226504281870515 ], [ 123.552466708235244, -16.223147055377193 ], [ 123.57907071552799, -16.238428224243346 ] ] ], [ [ [ 124.076565651902499, -16.226967347593732 ], [ 124.085877054454969, -16.237965158520129 ], [ 124.074304311282617, -16.230208807656251 ], [ 124.076565651902499, -16.226967347593732 ] ] ], [ [ [ 123.953389098137052, -16.224999318270061 ], [ 123.957911779376815, -16.22824077833258 ], [ 123.946472056240935, -16.226735814732123 ], [ 123.953389098137052, -16.224999318270061 ] ] ], [ [ [ 123.555260129000985, -16.219442529591461 ], [ 123.560979990568924, -16.221526325345938 ], [ 123.55938375013136, -16.224073186823627 ], [ 123.555260129000985, -16.219442529591461 ] ] ], [ [ [ 123.866660034362667, -16.209023550819083 ], [ 123.868256274800231, -16.214811872359295 ], [ 123.863201513414609, -16.212265010881602 ], [ 123.866660034362667, -16.209023550819083 ] ] ], [ [ [ 123.818240741089852, -16.206360922910587 ], [ 123.812520879521912, -16.209718149403908 ], [ 123.813984099923019, -16.202772163555657 ], [ 123.818240741089852, -16.206360922910587 ] ] ], [ [ [ 123.883952639102958, -16.188764425428353 ], [ 123.872113855857691, -16.217474500267791 ], [ 123.870384595383655, -16.188301359705136 ], [ 123.883952639102958, -16.188764425428353 ] ] ], [ [ [ 123.541958125354611, -16.199067637769925 ], [ 123.544751546120338, -16.19478427983017 ], [ 123.546081746484987, -16.210991580142757 ], [ 123.541958125354611, -16.199067637769925 ] ] ], [ [ [ 123.841519247471012, -16.210991580142757 ], [ 123.83127670466331, -16.207055521495413 ], [ 123.840189047106378, -16.189343257582372 ], [ 123.841519247471012, -16.210991580142757 ] ] ], [ [ [ 123.964961841309403, -16.199646469923945 ], [ 123.973608143679542, -16.201730265678421 ], [ 123.955517418720476, -16.202193331401638 ], [ 123.964961841309403, -16.199646469923945 ] ] ], [ [ [ 123.807865178245677, -16.188532892566744 ], [ 123.815979400469971, -16.197331141307863 ], [ 123.808929338537396, -16.195015812691778 ], [ 123.807865178245677, -16.188532892566744 ] ] ], [ [ [ 123.773546008838025, -16.168505300037619 ], [ 123.808796318500924, -16.199993769216359 ], [ 123.791370693724176, -16.200225302077968 ], [ 123.773546008838025, -16.168505300037619 ] ] ], [ [ [ 123.875971436915137, -16.176145884470696 ], [ 123.881425258410147, -16.178924278809998 ], [ 123.893929141837745, -16.189922089736395 ], [ 123.875971436915137, -16.176145884470696 ] ] ], [ [ [ 124.073506191063828, -16.174062088716219 ], [ 124.080290212923487, -16.161443547758566 ], [ 124.08481289416325, -16.1679264678836 ], [ 124.073506191063828, -16.174062088716219 ] ] ], [ [ [ 123.595565200049506, -16.160517416312132 ], [ 123.576011254689334, -16.148130408216083 ], [ 123.591308558882659, -16.145236247445979 ], [ 123.595565200049506, -16.160517416312132 ] ] ], [ [ [ 123.703311429585156, -16.146509678184824 ], [ 123.710760551627132, -16.150329970401362 ], [ 123.710095451444815, -16.151603401140207 ], [ 123.703311429585156, -16.146509678184824 ] ] ], [ [ [ 124.065258948803077, -16.152297999725032 ], [ 124.071244850443946, -16.129260479995001 ], [ 124.0993120781378, -16.163180044220628 ], [ 124.087207254819603, -16.163758876374647 ], [ 124.065258948803077, -16.152297999725032 ] ] ], [ [ [ 123.759179844899947, -16.154266029048706 ], [ 123.684422584407301, -16.110622084635526 ], [ 123.776871509749625, -16.125671720640071 ], [ 123.788710292994907, -16.113632011836437 ], [ 123.791104653651246, -16.156928656957202 ], [ 123.759179844899947, -16.154266029048706 ] ] ], [ [ [ 124.104100799450507, -16.122430260577556 ], [ 124.097582817663778, -16.121967194854339 ], [ 124.097981877773165, -16.11710500476056 ], [ 124.104100799450507, -16.122430260577556 ] ] ], [ [ [ 124.086808194710216, -16.086195367735844 ], [ 124.101972478867083, -16.114558143282871 ], [ 124.091197855913521, -16.10101347087878 ], [ 124.085877054454969, -16.116757705468149 ], [ 124.064460828584302, -16.114095077559654 ], [ 124.069116529860537, -16.081448944072871 ], [ 124.086808194710216, -16.086195367735844 ] ] ], [ [ [ 123.635205170915711, -16.098466609401086 ], [ 123.627223968727876, -16.107149091711403 ], [ 123.584258496950085, -16.085385002720216 ], [ 123.603546402237328, -16.084458871273782 ], [ 123.635205170915711, -16.098466609401086 ] ] ], [ [ [ 124.061667407818561, -16.082953907673328 ], [ 124.067786329495888, -16.086774199889867 ], [ 124.0640617684749, -16.088626462782731 ], [ 124.061667407818561, -16.082953907673328 ] ] ], [ [ [ 123.525330620796638, -16.085732302012627 ], [ 123.537568464151306, -16.058295657912037 ], [ 123.555393149037442, -16.071493031023714 ], [ 123.556989389475007, -16.095688215061788 ], [ 123.525330620796638, -16.085732302012627 ] ] ], [ [ [ 123.555393149037442, -16.06142135154375 ], [ 123.556191269256232, -16.068483103822803 ], [ 123.551136507870609, -16.064894344467874 ], [ 123.555393149037442, -16.06142135154375 ] ] ], [ [ [ 123.522138139921509, -16.01719857497655 ], [ 123.551934628089384, -16.046487481970008 ], [ 123.531316522437507, -16.048918577016899 ], [ 123.512693717332581, -16.02379726153239 ], [ 123.522138139921509, -16.01719857497655 ] ] ], [ [ [ 124.020431196514792, -16.01222061845197 ], [ 124.017770795785509, -16.014535947068055 ], [ 124.007395232941334, -16.012799450605993 ], [ 124.020431196514792, -16.01222061845197 ] ] ], [ [ [ 124.070579750261629, -15.969502805485227 ], [ 124.074437331319075, -15.974364995579002 ], [ 124.065658008912479, -15.972049666962919 ], [ 124.070579750261629, -15.969502805485227 ] ] ], [ [ [ 124.185642081802797, -15.957347330250787 ], [ 124.174867458849235, -15.948317548648062 ], [ 124.174734438812763, -15.942992292831068 ], [ 124.185642081802797, -15.957347330250787 ] ] ], [ [ [ 123.689477345792923, -15.961862221052151 ], [ 123.696660427761969, -15.936509372706034 ], [ 123.69120660626696, -15.926553459656875 ], [ 123.702247269293451, -15.944497256431523 ], [ 123.689477345792923, -15.961862221052151 ] ] ], [ [ [ 124.19561858453757, -15.954453169480683 ], [ 124.190031743006102, -15.916713313038517 ], [ 124.211314948840297, -15.954337403049879 ], [ 124.233130234820365, -15.952716673018619 ], [ 124.235258555403774, -15.968692440469598 ], [ 124.19561858453757, -15.954453169480683 ] ] ], [ [ [ 124.214108369606038, -15.936277839844426 ], [ 124.214507429715439, -15.951906308002989 ], [ 124.211447968876769, -15.935699007690404 ], [ 124.214108369606038, -15.936277839844426 ] ] ], [ [ [ 124.190297783079032, -15.333250501785429 ], [ 124.206925287636992, -15.337765392586791 ], [ 124.188568522604996, -15.337302326863574 ], [ 124.190297783079032, -15.333250501785429 ] ] ], [ [ [ 124.399804340509462, -16.529117731992656 ], [ 124.399937360545934, -16.534674520671256 ], [ 124.395281659269699, -16.529117731992656 ], [ 124.399804340509462, -16.529117731992656 ] ] ], [ [ [ 124.877745331523798, -16.41393013334249 ], [ 124.878543451742573, -16.411151739003191 ], [ 124.885593513675161, -16.410920206141583 ], [ 124.877745331523798, -16.41393013334249 ] ] ], [ [ [ 124.337950023553816, -16.382210131302145 ], [ 124.341674584574804, -16.376769109054347 ], [ 124.341940624647719, -16.38545159136466 ], [ 124.337950023553816, -16.382210131302145 ] ] ], [ [ [ 124.245235058138562, -16.403858453862526 ], [ 124.223419772158508, -16.3809367005633 ], [ 124.224350912413755, -16.347132902768475 ], [ 124.242042577263433, -16.384872759210641 ], [ 124.260266322258971, -16.387303854257528 ], [ 124.245235058138562, -16.403858453862526 ] ] ], [ [ [ 124.720781688496544, -16.378158306223998 ], [ 124.688856879745245, -16.377232174777564 ], [ 124.679811517265705, -16.369128524621271 ], [ 124.708942905251277, -16.359982976587741 ], [ 124.720781688496544, -16.378158306223998 ] ] ], [ [ [ 124.361494570007906, -16.364266334527496 ], [ 124.367480471648776, -16.369360057482879 ], [ 124.358701149242165, -16.375958744038719 ], [ 124.361494570007906, -16.364266334527496 ] ] ], [ [ [ 124.458599196626452, -16.360214509449349 ], [ 124.441705651995548, -16.377232174777564 ], [ 124.434389549990044, -16.367970860313228 ], [ 124.458599196626452, -16.360214509449349 ] ] ], [ [ [ 124.344468005340531, -16.361835239480609 ], [ 124.342073644684191, -16.352921224308684 ], [ 124.351651087309577, -16.364613633819907 ], [ 124.344468005340531, -16.361835239480609 ] ] ], [ [ [ 124.688989899781703, -16.349216698522952 ], [ 124.703223043683323, -16.356857282956028 ], [ 124.673027495406046, -16.356162684371203 ], [ 124.688989899781703, -16.349216698522952 ] ] ], [ [ [ 124.347527466179201, -16.351647793569839 ], [ 124.359632289497412, -16.346785603476064 ], [ 124.354444508075318, -16.35963567729533 ], [ 124.347527466179201, -16.351647793569839 ] ] ], [ [ [ 124.646822548222687, -16.350605895692603 ], [ 124.578184209407382, -16.348869399230541 ], [ 124.566212406125643, -16.342618011967112 ], [ 124.646822548222687, -16.350605895692603 ] ] ], [ [ [ 124.389561797701759, -16.316454798605367 ], [ 124.390492937957006, -16.324442682330858 ], [ 124.386103276753701, -16.320853922975928 ], [ 124.389561797701759, -16.316454798605367 ] ] ], [ [ [ 124.21424138964251, -16.279872606471244 ], [ 124.218098970699955, -16.278830708594008 ], [ 124.220493331356309, -16.283924431549391 ], [ 124.21424138964251, -16.279872606471244 ] ] ], [ [ [ 124.470304959835261, -16.006432296911761 ], [ 124.455805775860711, -16.02634412301008 ], [ 124.463653958012074, -15.999139011771097 ], [ 124.470304959835261, -16.006432296911761 ] ] ], [ [ [ 124.47655690154906, -15.990919595184 ], [ 124.469772879689415, -15.988372733706308 ], [ 124.4760248214032, -15.985941638659421 ], [ 124.47655690154906, -15.990919595184 ] ] ], [ [ [ 124.485203203919212, -15.967766309023164 ], [ 124.474162540892721, -15.977837988503127 ], [ 124.481478642898225, -15.966492878284317 ], [ 124.485203203919212, -15.967766309023164 ] ] ], [ [ [ 124.469772879689415, -15.967882075453968 ], [ 124.465516238522568, -15.971239301947289 ], [ 124.46511717841318, -15.966492878284317 ], [ 124.469772879689415, -15.967882075453968 ] ] ], [ [ [ 124.596807014512308, -15.957000030958374 ], [ 124.591752253126685, -15.959199593143653 ], [ 124.594279633819497, -15.954337403049879 ], [ 124.596807014512308, -15.957000030958374 ] ] ], [ [ [ 124.459929396991086, -15.897727618386632 ], [ 124.468841739434168, -15.936046306982817 ], [ 124.449553834146911, -15.984668207920574 ], [ 124.459929396991086, -15.897727618386632 ] ] ], [ [ [ 124.533622497192013, -15.966955944007534 ], [ 124.57339548809469, -15.9106934586367 ], [ 124.594811713965356, -15.905599735681317 ], [ 124.583371990829477, -15.953642804465053 ], [ 124.533622497192013, -15.966955944007534 ] ] ], [ [ [ 124.226745273070094, -15.927016525380091 ], [ 124.219296151028132, -15.942992292831068 ], [ 124.213310249387263, -15.918334043069777 ], [ 124.226745273070094, -15.927016525380091 ] ] ], [ [ [ 124.44729249352703, -15.888119004629885 ], [ 124.441971692068478, -15.874574332225794 ], [ 124.453810475313759, -15.869480609270411 ], [ 124.455938795897183, -15.876889660841879 ], [ 124.44729249352703, -15.888119004629885 ] ] ], [ [ [ 124.455938795897183, -15.861376959114118 ], [ 124.44755853359996, -15.836950242214435 ], [ 124.451948194803265, -15.834750680029156 ], [ 124.455938795897183, -15.861376959114118 ] ] ], [ [ [ 124.655734890665769, -15.789254472723112 ], [ 124.648418788660251, -15.798978852910663 ], [ 124.629529943482396, -15.804535641589263 ], [ 124.642033826909994, -15.791106735615978 ], [ 124.655734890665769, -15.789254472723112 ] ] ], [ [ [ 124.41230822393706, -15.54938642809684 ], [ 124.411510103718271, -15.540819712217331 ], [ 124.416697885140366, -15.547997230927191 ], [ 124.41230822393706, -15.54938642809684 ] ] ], [ [ [ 124.399405280400075, -15.542787741541002 ], [ 124.401932661092886, -15.536883653569989 ], [ 124.400868500801181, -15.544871537295478 ], [ 124.399405280400075, -15.542787741541002 ] ] ], [ [ [ 124.404327021749239, -15.530053434152542 ], [ 124.399272260363617, -15.5316741641838 ], [ 124.399671320473004, -15.527853871967263 ], [ 124.404327021749239, -15.530053434152542 ] ] ], [ [ [ 124.559295364229527, -15.493008176295202 ], [ 124.555437783172081, -15.489072117647861 ], [ 124.559960464411844, -15.488840584786253 ], [ 124.559295364229527, -15.493008176295202 ] ] ], [ [ [ 124.500766548185467, -15.456889049884298 ], [ 124.487730584612024, -15.465455765763807 ], [ 124.496110846909232, -15.451100728344088 ], [ 124.500766548185467, -15.456889049884298 ] ] ], [ [ [ 124.605985397028306, -15.45225839265213 ], [ 124.603191976262579, -15.438250654524824 ], [ 124.620484581002856, -15.433041165138635 ], [ 124.605985397028306, -15.45225839265213 ] ] ], [ [ [ 124.504225069133525, -15.439755618125277 ], [ 124.48014844253359, -15.446122771819509 ], [ 124.471768180236367, -15.442649778895383 ], [ 124.492918366034104, -15.434083063015873 ], [ 124.504225069133525, -15.439755618125277 ] ] ], [ [ [ 124.352848267637754, -15.36068714588602 ], [ 124.370672952523904, -15.388586855709828 ], [ 124.365751211174739, -15.398427002328184 ], [ 124.338615123736133, -15.377473278352626 ], [ 124.352848267637754, -15.36068714588602 ] ] ], [ [ [ 124.635648865159737, -15.369948460350354 ], [ 124.63139222399289, -15.375157949736543 ], [ 124.629795983555326, -15.367401598872663 ], [ 124.635648865159737, -15.369948460350354 ] ] ], [ [ [ 124.305892194766045, -15.36346554022532 ], [ 124.298177032651139, -15.36624393456462 ], [ 124.295915692031258, -15.363812839517733 ], [ 124.305892194766045, -15.36346554022532 ] ] ], [ [ [ 124.453810475313759, -15.362886708071299 ], [ 124.459397316845241, -15.36786466459588 ], [ 124.455140675678393, -15.369716927488746 ], [ 124.453810475313759, -15.362886708071299 ] ] ], [ [ [ 124.351917127382507, -15.355361890069027 ], [ 124.348192566361519, -15.362539408778886 ], [ 124.34007834413724, -15.360224080162803 ], [ 124.351917127382507, -15.355361890069027 ] ] ], [ [ [ 124.482276763117, -15.363928605948537 ], [ 124.471901200272825, -15.374810650444131 ], [ 124.459929396991086, -15.362886708071299 ], [ 124.475359721220883, -15.345637509881476 ], [ 124.494115546362281, -15.351773130714097 ], [ 124.480813542715907, -15.336376195417142 ], [ 124.49079004545068, -15.320979260120184 ], [ 124.505422249461702, -15.337996925448399 ], [ 124.498106147456198, -15.308244952731725 ], [ 124.525774315040664, -15.305119259100012 ], [ 124.494780646544598, -15.292153418849942 ], [ 124.536548937994226, -15.276061884968161 ], [ 124.557034023609646, -15.250940569483653 ], [ 124.571666227620653, -15.245846846528268 ], [ 124.558497244010752, -15.253603197392149 ], [ 124.559827444375387, -15.319358530088927 ], [ 124.589756952579734, -15.316580135749625 ], [ 124.585234271339957, -15.345521743450671 ], [ 124.606916537283553, -15.343669480557805 ], [ 124.622878941659209, -15.389512987156262 ], [ 124.654803750410522, -15.39970043306703 ], [ 124.614099619252599, -15.427600142890839 ], [ 124.524311094639557, -15.446354304681117 ], [ 124.511940231248431, -15.436398391631956 ], [ 124.523246934347853, -15.417181164118462 ], [ 124.586963531813993, -15.374579117582522 ], [ 124.547323560947788, -15.387776490694199 ], [ 124.54413108007266, -15.365896635272208 ], [ 124.513137411576594, -15.400626564513464 ], [ 124.502096748550102, -15.381640869861577 ], [ 124.477222001731377, -15.406646418915281 ], [ 124.482276763117, -15.363928605948537 ] ] ], [ [ [ 124.846751663027732, -15.348184371359167 ], [ 124.852338504559214, -15.336955027571163 ], [ 124.858856486345942, -15.342859115542176 ], [ 124.85872346630947, -15.345290210589063 ], [ 124.846751663027732, -15.348184371359167 ] ] ], [ [ [ 124.396212799524946, -15.339617655479659 ], [ 124.391291058175781, -15.346216342035497 ], [ 124.391025018102852, -15.339501889048854 ], [ 124.396212799524946, -15.339617655479659 ] ] ], [ [ [ 124.349788806799083, -15.332787436062212 ], [ 124.305094074547256, -15.353625393606965 ], [ 124.344334985304073, -15.312991376394695 ], [ 124.349788806799083, -15.332787436062212 ] ] ], [ [ [ 124.317997018084242, -15.332555903200603 ], [ 124.319859298594736, -15.324568019475114 ], [ 124.3247810399439, -15.325031085198331 ], [ 124.317997018084242, -15.332555903200603 ] ] ], [ [ [ 124.229538693835835, -15.323063055874661 ], [ 124.221291451575084, -15.319011230796514 ], [ 124.22847453354413, -15.315654004303193 ], [ 124.229538693835835, -15.323063055874661 ] ] ], [ [ [ 124.489459845086046, -15.320168895104555 ], [ 124.472034220309297, -15.319358530088927 ], [ 124.470171939798803, -15.312759843533087 ], [ 124.489459845086046, -15.320168895104555 ] ] ], [ [ [ 124.232864194747435, -15.303845828361165 ], [ 124.276361746671085, -15.279650644323091 ], [ 124.28700334958819, -15.301877799037495 ], [ 124.277824967072192, -15.313222909256304 ], [ 124.256940821347371, -15.301646266175887 ], [ 124.238850096388305, -15.321789625135814 ], [ 124.232864194747435, -15.303845828361165 ] ] ], [ [ [ 124.844091262298463, -15.315538237872389 ], [ 124.863512187622177, -15.287291228756168 ], [ 124.862448027330458, -15.310444514917004 ], [ 124.844091262298463, -15.315538237872389 ] ] ], [ [ [ 124.370672952523904, -15.287522761617776 ], [ 124.399671320473004, -15.289490790941446 ], [ 124.442370752177879, -15.250361737329632 ], [ 124.45633785600657, -15.268421300535085 ], [ 124.450351954365701, -15.300257069006236 ], [ 124.462988857829757, -15.303382762637948 ], [ 124.434655590062974, -15.322368457289835 ], [ 124.410312923390109, -15.299330937559802 ], [ 124.393818438868593, -15.329314443138086 ], [ 124.373865433399033, -15.329314443138086 ], [ 124.342871764902966, -15.309865682762982 ], [ 124.355641688403495, -15.292153418849942 ], [ 124.367347451612304, -15.308129186300921 ], [ 124.370672952523904, -15.287522761617776 ] ] ], [ [ [ 124.50063352814901, -15.282544805093195 ], [ 124.498106147456198, -15.286712396602146 ], [ 124.495844806836303, -15.282313272231587 ], [ 124.50063352814901, -15.282544805093195 ] ] ], [ [ [ 124.864044267768023, -15.281387140785153 ], [ 124.871759429882928, -15.28185020650837 ], [ 124.867103728606693, -15.2854389658633 ], [ 124.864044267768023, -15.281387140785153 ] ] ], [ [ [ 124.623011961695681, -15.268652833396693 ], [ 124.639506446217183, -15.282081739369978 ], [ 124.61636095987248, -15.291690353126725 ], [ 124.612636398851507, -15.283007870816412 ], [ 124.623011961695681, -15.268652833396693 ] ] ], [ [ [ 124.347793506252131, -15.270042030566344 ], [ 124.344068945231143, -15.267147869796238 ], [ 124.350054846872013, -15.264253709026134 ], [ 124.347793506252131, -15.270042030566344 ] ] ], [ [ [ 124.897964377066288, -15.267610935519455 ], [ 124.888652974513832, -15.268652833396693 ], [ 124.898363437175675, -15.260780716102008 ], [ 124.897964377066288, -15.267610935519455 ] ] ], [ [ [ 124.857393265944836, -15.25615005886984 ], [ 124.808175852453246, -15.301993565468297 ], [ 124.790750227676497, -15.287291228756168 ], [ 124.809639072854353, -15.229060714061662 ], [ 124.857393265944836, -15.25615005886984 ] ] ], [ [ [ 124.573661528167619, -15.261591081117638 ], [ 124.565680325979784, -15.259970351086379 ], [ 124.568473746745525, -15.255802759577429 ], [ 124.573661528167619, -15.261591081117638 ] ] ], [ [ [ 124.580711590100194, -15.262980278287289 ], [ 124.58244085057423, -15.256265825300645 ], [ 124.58762863199631, -15.255686993146625 ], [ 124.580711590100194, -15.262980278287289 ] ] ], [ [ [ 124.402065681129343, -15.258118088193513 ], [ 124.406056282223261, -15.253487430961345 ], [ 124.410179903353637, -15.25615005886984 ], [ 124.402065681129343, -15.258118088193513 ] ] ], [ [ [ 124.52058653361857, -15.243299985050577 ], [ 124.517660092816371, -15.238553561387604 ], [ 124.522182774056134, -15.237858962802781 ], [ 124.52058653361857, -15.243299985050577 ] ] ], [ [ [ 124.426009287692835, -15.239016627110821 ], [ 124.422151706635375, -15.243415751481381 ], [ 124.422417746708305, -15.237511663510368 ], [ 124.426009287692835, -15.239016627110821 ] ] ], [ [ [ 124.395813739415559, -15.249667138744806 ], [ 124.385039116461982, -15.238900860680017 ], [ 124.387034417008948, -15.227092684737991 ], [ 124.395813739415559, -15.249667138744806 ] ] ], [ [ [ 124.543998060036188, -15.227092684737991 ], [ 124.535617797738979, -15.239479692834038 ], [ 124.532824376973238, -15.236701298494738 ], [ 124.543998060036188, -15.227092684737991 ] ] ], [ [ [ 124.519655393363323, -15.227208451168796 ], [ 124.517128012670511, -15.234154437017047 ], [ 124.514733652014158, -15.230681444092921 ], [ 124.519655393363323, -15.227208451168796 ] ] ], [ [ [ 124.509545870592078, -15.223503925383062 ], [ 124.498239167492656, -15.214821443072747 ], [ 124.506619429789879, -15.205328595746805 ], [ 124.515930832342335, -15.211811515871839 ], [ 124.509545870592078, -15.223503925383062 ] ] ], [ [ [ 124.80671263205214, -15.221304363197781 ], [ 124.784897346072086, -15.215631808088377 ], [ 124.803121091067624, -15.205791661470021 ], [ 124.80671263205214, -15.221304363197781 ] ] ], [ [ [ 124.40924876309839, -15.213084946610685 ], [ 124.420821506270741, -15.208338522947713 ], [ 124.40898272302546, -15.216673705965615 ], [ 124.40924876309839, -15.213084946610685 ] ] ], [ [ [ 124.495445746726915, -15.204749763592783 ], [ 124.488395684794341, -15.206138960762434 ], [ 124.492386285888244, -15.203129033561524 ], [ 124.495445746726915, -15.204749763592783 ] ] ], [ [ [ 124.81575799453168, -15.202202902115092 ], [ 124.811102293255445, -15.206254727193238 ], [ 124.812166453547164, -15.200813704945441 ], [ 124.81575799453168, -15.202202902115092 ] ] ], [ [ [ 124.643364027274629, -15.173608593706458 ], [ 124.650680129280133, -15.169093702905094 ], [ 124.645226307785123, -15.174534725152892 ], [ 124.643364027274629, -15.173608593706458 ] ] ], [ [ [ 124.781438825124027, -15.032952380279374 ], [ 124.776384063738405, -15.012577488457836 ], [ 124.789952107457708, -15.014892817073921 ], [ 124.781438825124027, -15.032952380279374 ] ] ], [ [ [ 124.845953542808957, -15.022996467230213 ], [ 124.859920646637647, -15.011072524857383 ], [ 124.863645207658635, -15.012114422734621 ], [ 124.865241448096199, -15.025427562277102 ], [ 124.845953542808957, -15.022996467230213 ] ] ], [ [ [ 124.802189950812377, -15.014198218489096 ], [ 124.796470089244437, -15.012230189165425 ], [ 124.799529550083093, -15.009220261964515 ], [ 124.802189950812377, -15.014198218489096 ] ] ], [ [ [ 124.847283743173591, -15.005399969747977 ], [ 124.844623342444322, -15.015008583504725 ], [ 124.845155422590167, -15.005863035471194 ], [ 124.847283743173591, -15.005399969747977 ] ] ], [ [ [ 124.820014635698513, -14.979931354971058 ], [ 124.822675036427796, -14.969396609767877 ], [ 124.828527918032208, -14.969396609767877 ], [ 124.820014635698513, -14.979931354971058 ] ] ], [ [ [ 124.745523415278811, -14.951452812993228 ], [ 124.756564078305303, -14.940570768497635 ], [ 124.761884879763855, -14.955620404502179 ], [ 124.755100857904196, -14.956893835241024 ], [ 124.745523415278811, -14.951452812993228 ] ] ], [ [ [ 124.688856879745245, -14.940107702774418 ], [ 124.694177681203797, -14.95596770379459 ], [ 124.682870978104376, -14.938371206312354 ], [ 124.688856879745245, -14.940107702774418 ] ] ], [ [ [ 124.881203852471856, -14.950989747270011 ], [ 124.880937812398926, -14.939991936343613 ], [ 124.890914315133713, -14.95122128013162 ], [ 124.881203852471856, -14.950989747270011 ] ] ], [ [ [ 124.779709564649991, -14.950179382254381 ], [ 124.771329302352783, -14.945664491453018 ], [ 124.773457622936206, -14.937213542004313 ], [ 124.779709564649991, -14.950179382254381 ] ] ], [ [ [ 124.665312333291155, -14.949947849392773 ], [ 124.667706693947508, -14.937792374158334 ], [ 124.672628435296659, -14.949369017238752 ], [ 124.665312333291155, -14.949947849392773 ] ] ], [ [ [ 124.86803486886194, -14.941844199236479 ], [ 124.865906548278517, -14.933972081941796 ], [ 124.872690570138175, -14.940686534928439 ], [ 124.86803486886194, -14.941844199236479 ] ] ], [ [ [ 124.697104122005996, -14.932004052618124 ], [ 124.69537486153196, -14.938371206312354 ], [ 124.692448420729761, -14.934087848372601 ], [ 124.697104122005996, -14.932004052618124 ] ] ], [ [ [ 124.7334185919606, -14.913481423689454 ], [ 124.742596974476612, -14.916607117321169 ], [ 124.739670533674399, -14.941381133513264 ], [ 124.7334185919606, -14.913481423689454 ] ] ], [ [ [ 124.886923714039796, -14.896116459068827 ], [ 124.882134992727103, -14.893916896883548 ], [ 124.889318074696149, -14.891833101129073 ], [ 124.886923714039796, -14.896116459068827 ] ] ], [ [ [ 124.72251094897058, -14.863586092012852 ], [ 124.717988267730803, -14.872152807892361 ], [ 124.714795786855674, -14.85965003336551 ], [ 124.72251094897058, -14.863586092012852 ] ] ], [ [ [ 125.003715306054985, -15.435819559477936 ], [ 125.012361608425138, -15.435819559477936 ], [ 125.005444566529022, -15.438829486678845 ], [ 125.003715306054985, -15.435819559477936 ] ] ], [ [ [ 124.95250259201643, -15.353046561452944 ], [ 124.983496260512496, -15.349805101390427 ], [ 124.949443131177773, -15.361844810194063 ], [ 124.95250259201643, -15.353046561452944 ] ] ], [ [ [ 125.015288049227337, -15.329777508861303 ], [ 125.036438235025074, -15.328735610984065 ], [ 125.016086169446126, -15.374000285428501 ], [ 124.996399204049482, -15.375968314752173 ], [ 124.993206723174353, -15.356288021515461 ], [ 125.015288049227337, -15.329777508861303 ] ] ], [ [ [ 125.020209790576502, -15.322021157997423 ], [ 125.009967247768785, -15.320400427966163 ], [ 125.018746570175395, -15.317158967903646 ], [ 125.020209790576502, -15.322021157997423 ] ] ], [ [ [ 125.040295816082519, -15.316117070026408 ], [ 125.053065739583047, -15.30951838347057 ], [ 125.050272318817306, -15.321442325843401 ], [ 125.040295816082519, -15.316117070026408 ] ] ], [ [ [ 124.923105163957942, -15.236701298494738 ], [ 124.918981542827566, -15.233922904155438 ], [ 124.923105163957942, -15.234038670586243 ], [ 124.923105163957942, -15.236701298494738 ] ] ], [ [ [ 125.016352209519042, -15.207065092208866 ], [ 125.005444566529022, -15.204749763592783 ], [ 125.011297448133419, -15.201624069961071 ], [ 125.016352209519042, -15.207065092208866 ] ] ], [ [ [ 124.966203655772205, -15.186342901094918 ], [ 124.971258417157827, -15.195141149836036 ], [ 124.965804595662817, -15.193636186235581 ], [ 124.966203655772205, -15.186342901094918 ] ] ], [ [ [ 124.980702839746755, -15.184027572478835 ], [ 124.976446198579922, -15.189005529003413 ], [ 124.978840559236261, -15.179049615954254 ], [ 124.980702839746755, -15.184027572478835 ] ] ], [ [ [ 125.476601535683699, -15.15045530754562 ], [ 125.462900471927924, -15.140962460219678 ], [ 125.448667328026303, -15.137257934433944 ], [ 125.477798716011876, -15.137373700864748 ], [ 125.476601535683699, -15.15045530754562 ] ] ], [ [ [ 125.430177542957836, -15.13934173018842 ], [ 125.423659561171121, -15.136794868710727 ], [ 125.430310562994308, -15.137373700864748 ], [ 125.430177542957836, -15.13934173018842 ] ] ], [ [ [ 125.453190009266066, -15.133900707940622 ], [ 125.445474847151175, -15.131701145755343 ], [ 125.453056989229609, -15.131701145755343 ], [ 125.453190009266066, -15.133900707940622 ] ] ], [ [ [ 125.381359189575633, -15.130890780739714 ], [ 125.370850606695001, -15.123018663445029 ], [ 125.38282240997674, -15.128343919262022 ], [ 125.381359189575633, -15.130890780739714 ] ] ], [ [ [ 125.336930497396736, -15.094192822174787 ], [ 125.330811575719409, -15.101370340884646 ], [ 125.332673856229889, -15.090256763527444 ], [ 125.336930497396736, -15.094192822174787 ] ] ], [ [ [ 125.252595794278704, -15.09234055928192 ], [ 125.230647488262179, -15.084931507710452 ], [ 125.247807072966012, -15.077753989000593 ], [ 125.252595794278704, -15.09234055928192 ] ] ], [ [ [ 125.347971160423228, -15.081226981924718 ], [ 125.366327925455224, -15.079953551185872 ], [ 125.34757210031384, -15.084815741279648 ], [ 125.347971160423228, -15.081226981924718 ] ] ], [ [ [ 125.227321987350592, -15.065135448042938 ], [ 125.228918227788157, -15.09951807799178 ], [ 125.196195298818068, -15.120587568398141 ], [ 125.171187531962872, -15.119661436951708 ], [ 125.169857331598237, -15.080648149770697 ], [ 125.144184464560738, -15.045339388375421 ], [ 125.157885528316498, -15.046265519821855 ], [ 125.156422307915392, -15.026122160861927 ], [ 125.166664850723109, -15.020565372183325 ], [ 125.180764974588271, -15.06826114167465 ], [ 125.227321987350592, -15.065135448042938 ] ] ], [ [ [ 125.303010388098471, -15.066293112350978 ], [ 125.302744348025541, -15.073470631060838 ], [ 125.300349987369202, -15.069650338844299 ], [ 125.303010388098471, -15.066293112350978 ] ] ], [ [ [ 124.954231852490466, -15.093035157866746 ], [ 124.956892253219735, -15.066640411643391 ], [ 124.976845258689309, -15.040477198281646 ], [ 124.984161360694813, -15.062704352996048 ], [ 124.954231852490466, -15.093035157866746 ] ] ], [ [ [ 124.950906351578865, -15.0724287331836 ], [ 124.953167692198761, -15.043602891913359 ], [ 124.959153593839631, -15.041287563297274 ], [ 124.950906351578865, -15.0724287331836 ] ] ], [ [ [ 125.361406184106073, -15.029479387355249 ], [ 125.355553302501662, -15.014545517781508 ], [ 125.366061885382308, -15.009799094118536 ], [ 125.363135444580095, -15.01628201424357 ], [ 125.361406184106073, -15.029479387355249 ] ] ], [ [ [ 124.92110986341099, -14.980510187125079 ], [ 124.881735932617715, -15.004589604732349 ], [ 124.887455794185655, -14.964187120381688 ], [ 124.920045703119271, -14.9700912083527 ], [ 124.922972143921484, -14.924016168892637 ], [ 124.946117630266173, -14.965460551120534 ], [ 124.929889185817601, -15.006557634056019 ], [ 124.958355473620841, -15.006904933348432 ], [ 124.947713870703737, -15.044065957636576 ], [ 124.897698336993358, -15.005284203317172 ], [ 124.92110986341099, -14.980510187125079 ] ] ], [ [ [ 125.250733513768211, -14.969512376198681 ], [ 125.250733513768211, -14.99301296165193 ], [ 125.228386147642297, -14.997875151745706 ], [ 125.228519167678769, -14.990350333743434 ], [ 125.250733513768211, -14.969512376198681 ] ] ], [ [ [ 125.175577193166177, -14.957009601671828 ], [ 125.179966854369482, -14.960366828165149 ], [ 125.177173433603741, -14.963724054658471 ], [ 125.175577193166177, -14.957009601671828 ] ] ], [ [ [ 125.207635021953948, -14.949832082961969 ], [ 125.192071677687693, -14.96256639035043 ], [ 125.19792455929209, -14.940223469205222 ], [ 125.207635021953948, -14.949832082961969 ] ] ], [ [ [ 125.175976253275579, -14.935940111265467 ], [ 125.170655451817026, -14.927141862524349 ], [ 125.176242293348494, -14.926447263939524 ], [ 125.175976253275579, -14.935940111265467 ] ] ], [ [ [ 124.907009739545828, -14.910008430765329 ], [ 124.899427597467394, -14.90780886858005 ], [ 124.901289877977888, -14.905146240671554 ], [ 124.907009739545828, -14.910008430765329 ] ] ], [ [ [ 125.228785207751685, -14.903178211347882 ], [ 125.223996486438992, -14.909545365042113 ], [ 125.225991786985944, -14.902367846332254 ], [ 125.228785207751685, -14.903178211347882 ] ] ], [ [ [ 124.926962745015388, -14.894264196175961 ], [ 124.920577783265131, -14.892064633990682 ], [ 124.923371204030872, -14.888591641066556 ], [ 124.926962745015388, -14.894264196175961 ] ] ], [ [ [ 125.189544296994882, -14.870763610722712 ], [ 125.179434774223637, -14.868448282106627 ], [ 125.181430074770589, -14.852935580378867 ], [ 125.184090475499858, -14.852819813948063 ], [ 125.189544296994882, -14.870763610722712 ] ] ], [ [ [ 125.205639721406996, -14.847726090992678 ], [ 125.199919859839056, -14.850157186039565 ], [ 125.204309521042362, -14.845758061669008 ], [ 125.205639721406996, -14.847726090992678 ] ] ], [ [ [ 125.177439473676671, -14.841011638006036 ], [ 125.174779072947402, -14.834297185019393 ], [ 125.17850363396839, -14.834991783604218 ], [ 125.177439473676671, -14.841011638006036 ] ] ], [ [ [ 125.03457595451458, -14.806397475195585 ], [ 125.028190992764323, -14.811259665289359 ], [ 125.031516493675923, -14.804197913010304 ], [ 125.03457595451458, -14.806397475195585 ] ] ], [ [ [ 125.147509965472324, -14.801651051532613 ], [ 125.142854264196089, -14.808018205226842 ], [ 125.14045990353975, -14.801419518671004 ], [ 125.147509965472324, -14.801651051532613 ] ] ], [ [ [ 125.021539990941136, -14.789958642021389 ], [ 125.025796632107969, -14.765300392260098 ], [ 125.027259852509076, -14.792621269929887 ], [ 125.021539990941136, -14.789958642021389 ] ] ], [ [ [ 125.141524063831454, -14.768194553030204 ], [ 125.135538162190585, -14.757775574257828 ], [ 125.134074941789478, -14.75314491702566 ], [ 125.143519364378406, -14.757659807827023 ], [ 125.141524063831454, -14.768194553030204 ] ] ], [ [ [ 125.133542861643633, -14.752103019148421 ], [ 125.123699378945304, -14.757080975673002 ], [ 125.129685280586173, -14.747240829054647 ], [ 125.133542861643633, -14.752103019148421 ] ] ], [ [ [ 125.208832202282125, -14.669677320415843 ], [ 125.203777440896502, -14.66794082395378 ], [ 125.205373681334066, -14.66435206459885 ], [ 125.208832202282125, -14.669677320415843 ] ] ], [ [ [ 125.132345681315456, -14.667709291092171 ], [ 125.144583524670125, -14.667361991799758 ], [ 125.135139102081197, -14.670024619708254 ], [ 125.132345681315456, -14.667709291092171 ] ] ], [ [ [ 125.306335889010072, -14.648376297147873 ], [ 125.297556566603461, -14.650228560040739 ], [ 125.302478307952626, -14.644671771362139 ], [ 125.306335889010072, -14.648376297147873 ] ] ], [ [ [ 125.274677120331688, -14.64941819502511 ], [ 125.271883699565947, -14.642703742038467 ], [ 125.276672420878654, -14.64224067631525 ], [ 125.274677120331688, -14.64941819502511 ] ] ], [ [ [ 125.222932326147287, -14.660300239520703 ], [ 125.204309521042362, -14.65219658936441 ], [ 125.244614592090883, -14.61457249935305 ], [ 125.267361018326184, -14.642819508469271 ], [ 125.246343852564905, -14.65161775721039 ], [ 125.23676640993952, -14.636915420498259 ], [ 125.222932326147287, -14.660300239520703 ] ] ], [ [ [ 125.096297251433768, -14.631821697542874 ], [ 125.092040610266935, -14.637610019083084 ], [ 125.092705710449252, -14.631011332527244 ], [ 125.096297251433768, -14.631821697542874 ] ] ], [ [ [ 125.448800348062761, -14.592576877500255 ], [ 125.443479546604223, -14.588872351714521 ], [ 125.446006927297034, -14.585630891652004 ], [ 125.448800348062761, -14.592576877500255 ] ] ], [ [ [ 125.255921295190305, -14.580305635835012 ], [ 125.265232697742761, -14.563751036230014 ], [ 125.278268661316218, -14.574980380018019 ], [ 125.276140340732795, -14.587946220268089 ], [ 125.255921295190305, -14.580305635835012 ] ] ], [ [ [ 125.439222905437376, -14.568034394169768 ], [ 125.442415386312504, -14.580421402265817 ], [ 125.434700224197613, -14.582852497312704 ], [ 125.439222905437376, -14.568034394169768 ] ] ], [ [ [ 125.437759685036269, -14.562014539767951 ], [ 125.433503043869436, -14.56004651044428 ], [ 125.436961564817494, -14.556920816812566 ], [ 125.437759685036269, -14.562014539767951 ] ] ], [ [ [ 125.422994460988789, -14.550322130256728 ], [ 125.433769083942366, -14.558078481120608 ], [ 125.421398220551225, -14.56363526979921 ], [ 125.422994460988789, -14.550322130256728 ] ] ], [ [ [ 125.392798912711513, -14.553910889611657 ], [ 125.396390453696043, -14.557383882535783 ], [ 125.392000792492738, -14.557615415397391 ], [ 125.392798912711513, -14.553910889611657 ] ] ], [ [ [ 125.282392282446594, -14.552984758165225 ], [ 125.278534701389134, -14.558888846136238 ], [ 125.279731881717311, -14.551942860287987 ], [ 125.282392282446594, -14.552984758165225 ] ] ], [ [ [ 125.326820974625491, -14.558194247551413 ], [ 125.321500173166939, -14.550553663118336 ], [ 125.330146475537077, -14.55344782388844 ], [ 125.326820974625491, -14.558194247551413 ] ] ], [ [ [ 125.093104770558639, -14.626612208156686 ], [ 125.09616423139731, -14.546154538747777 ], [ 125.151633586602699, -14.565719065553685 ], [ 125.135937222299972, -14.543260377977672 ], [ 125.153096807003806, -14.526358479080262 ], [ 125.132611721388386, -14.529136873419562 ], [ 125.117979517377364, -14.502742127196209 ], [ 125.170256391707625, -14.447174240410201 ], [ 125.215882264214699, -14.494985776332328 ], [ 125.200052879875514, -14.546964903763406 ], [ 125.181962154916448, -14.555415853212113 ], [ 125.187149936338528, -14.569539357770223 ], [ 125.199653819766127, -14.562477605491168 ], [ 125.213088843448958, -14.605658484181129 ], [ 125.185287655828034, -14.609941842120882 ], [ 125.181829134879976, -14.632168996835286 ], [ 125.168394111197131, -14.619318923016023 ], [ 125.14591372503476, -14.656364180873361 ], [ 125.128355080221539, -14.632863595420112 ], [ 125.108136034679049, -14.642819508469271 ], [ 125.093104770558639, -14.626612208156686 ] ] ], [ [ [ 125.412219838035227, -14.537703589299072 ], [ 125.405036756066181, -14.538977020037919 ], [ 125.408894337123641, -14.535272494252185 ], [ 125.412219838035227, -14.537703589299072 ] ] ], [ [ [ 125.42631996190039, -14.544533808716519 ], [ 125.434168144051753, -14.531104902743234 ], [ 125.441218205984327, -14.543144611546868 ], [ 125.42631996190039, -14.544533808716519 ] ] ], [ [ [ 125.015554089300267, -14.531915267758864 ], [ 125.010100267805242, -14.534577895667359 ], [ 125.012893688570983, -14.530063004865996 ], [ 125.015554089300267, -14.531915267758864 ] ] ], [ [ [ 124.930554285999918, -14.51744446390834 ], [ 124.926696704942458, -14.52022285824764 ], [ 124.92682972497893, -14.516171033169494 ], [ 124.930554285999918, -14.51744446390834 ] ] ], [ [ [ 125.338127677724913, -14.510266945198481 ], [ 125.33333895641222, -14.513508405260998 ], [ 125.3352012369227, -14.509225047321243 ], [ 125.338127677724913, -14.510266945198481 ] ] ], [ [ [ 124.995734103867164, -14.521496288986485 ], [ 124.979106599309191, -14.522653953294528 ], [ 124.989881222262753, -14.48479833042156 ], [ 124.998527524632905, -14.503668258642643 ], [ 124.995734103867164, -14.521496288986485 ] ] ], [ [ [ 125.499480981955458, -14.510730010921698 ], [ 125.497485681408506, -14.500889864303341 ], [ 125.505067823486939, -14.502047528611383 ], [ 125.499480981955458, -14.510730010921698 ] ] ], [ [ [ 125.337861637651983, -14.498111469964041 ], [ 125.341320158600041, -14.501931762180579 ], [ 125.33826069776137, -14.502047528611383 ], [ 125.337861637651983, -14.498111469964041 ] ] ], [ [ [ 125.489238439147755, -14.504710156519879 ], [ 125.451992828937904, -14.49753263781002 ], [ 125.444942767005315, -14.480862271774217 ], [ 125.474872275209663, -14.497416871379215 ], [ 125.489105419111297, -14.488618622638098 ], [ 125.489238439147755, -14.504710156519879 ] ] ], [ [ [ 125.494958300715695, -14.486303294022013 ], [ 125.489637499257142, -14.482483001805477 ], [ 125.492963000168743, -14.481441103928239 ], [ 125.494958300715695, -14.486303294022013 ] ] ], [ [ [ 125.250467473695281, -14.478894242450547 ], [ 125.256320355299692, -14.48120957106663 ], [ 125.253792974606881, -14.484566797559951 ], [ 125.250467473695281, -14.478894242450547 ] ] ], [ [ [ 125.001586985471562, -14.483293366821105 ], [ 125.001054905325717, -14.474032052356771 ], [ 125.006907786930114, -14.475073950234009 ], [ 125.001586985471562, -14.483293366821105 ] ] ], [ [ [ 125.253659954570409, -14.470559059432645 ], [ 125.261774176794702, -14.461066212106703 ], [ 125.272681819784736, -14.48201993608226 ], [ 125.264833637633373, -14.470674825863449 ], [ 125.253659954570409, -14.470559059432645 ] ] ], [ [ [ 125.195397178599279, -14.465928402200477 ], [ 125.204841601188207, -14.467896431524149 ], [ 125.196993419036843, -14.472295555894707 ], [ 125.195397178599279, -14.465928402200477 ] ] ], [ [ [ 125.562665499275752, -14.486187527591209 ], [ 125.527947269758712, -14.489660520515335 ], [ 125.511053725127809, -14.454351759120058 ], [ 125.525286869029429, -14.428535845050726 ], [ 125.544973834426074, -14.461297744968311 ], [ 125.538189812566415, -14.474495118079988 ], [ 125.562665499275752, -14.486187527591209 ] ] ], [ [ [ 124.986289681278237, -14.430503874374397 ], [ 124.994802963611917, -14.446016576102158 ], [ 124.977510358871626, -14.45493059127408 ], [ 124.972854657595391, -14.438144458807473 ], [ 124.986289681278237, -14.430503874374397 ] ] ], [ [ [ 125.239160770595859, -14.438028692376669 ], [ 125.231312588444496, -14.440344020992752 ], [ 125.23650036986659, -14.433282268713697 ], [ 125.239160770595859, -14.438028692376669 ] ] ], [ [ [ 125.505067823486939, -14.435134531606565 ], [ 125.516507546622833, -14.423905187818558 ], [ 125.520099087607349, -14.428883144343139 ], [ 125.505067823486939, -14.435134531606565 ] ] ], [ [ [ 125.23650036986659, -14.419969129171216 ], [ 125.244082511945024, -14.422400224218105 ], [ 125.239160770595859, -14.430272341512788 ], [ 125.23650036986659, -14.419969129171216 ] ] ], [ [ [ 125.252994854388092, -14.413949274769399 ], [ 125.271617659493018, -14.414643873354224 ], [ 125.270021419055453, -14.422631757079712 ], [ 125.249802373512964, -14.428420078619922 ], [ 125.252994854388092, -14.413949274769399 ] ] ], [ [ [ 125.427650162265024, -14.405498325320693 ], [ 125.428049222374426, -14.411286646860903 ], [ 125.425654861718073, -14.408624018952406 ], [ 125.427650162265024, -14.405498325320693 ] ] ], [ [ [ 124.982698140293707, -14.420779494186846 ], [ 124.965671575626345, -14.397394675164401 ], [ 124.975249018251745, -14.385818032083982 ], [ 124.982698140293707, -14.420779494186846 ] ] ], [ [ [ 125.407564136758992, -14.365211607400838 ], [ 125.403440515628617, -14.369031899617376 ], [ 125.402243335300454, -14.364748541677621 ], [ 125.407564136758992, -14.365211607400838 ] ] ], [ [ [ 125.406632996503745, -14.344142116994476 ], [ 125.409426417269486, -14.333838904652904 ], [ 125.409426417269486, -14.344605182717693 ], [ 125.406632996503745, -14.344142116994476 ] ] ], [ [ [ 125.220804005563863, -14.286490434453992 ], [ 125.22798708753291, -14.304781530521053 ], [ 125.211625623047865, -14.314737443570213 ], [ 125.220804005563863, -14.286490434453992 ] ] ], [ [ [ 125.313252930906188, -14.297025179657172 ], [ 125.320835072984622, -14.300266639719689 ], [ 125.31006045003106, -14.303160800489794 ], [ 125.313252930906188, -14.297025179657172 ] ] ], [ [ [ 125.301547167697379, -14.292510288855809 ], [ 125.28930932434271, -14.277923718574481 ], [ 125.310193470067517, -14.274798024942768 ], [ 125.301547167697379, -14.292510288855809 ] ] ], [ [ [ 125.320436012875234, -14.268083571956126 ], [ 125.315115211416682, -14.267273206940496 ], [ 125.312986890833258, -14.261600651831092 ], [ 125.320436012875234, -14.268083571956126 ] ] ], [ [ [ 125.30926232981227, -14.255233498136862 ], [ 125.310991590286307, -14.261137586107875 ], [ 125.306601929083001, -14.258011892476162 ], [ 125.30926232981227, -14.255233498136862 ] ] ], [ [ [ 125.555881477416108, -14.099527648705234 ], [ 125.55242295646805, -14.108557430307959 ], [ 125.55162483624926, -14.102537575906142 ], [ 125.555881477416108, -14.099527648705234 ] ] ], [ [ [ 128.267893980839489, -15.328156778830044 ], [ 128.274145922553259, -15.31530670501078 ], [ 128.280929944412918, -15.336839261140359 ], [ 128.267893980839489, -15.328156778830044 ] ] ], [ [ [ 128.284122425288047, -15.316001303595606 ], [ 128.288778126564296, -15.317853566488472 ], [ 128.287181886126717, -15.325031085198331 ], [ 128.284122425288047, -15.316001303595606 ] ] ], [ [ [ 128.283590345142187, -15.313570208548716 ], [ 128.272815722188625, -15.295279112481655 ], [ 128.288512086491352, -15.316811668611233 ], [ 128.283590345142187, -15.313570208548716 ] ] ], [ [ [ 128.250069295953324, -15.282892104385608 ], [ 128.263637339672641, -15.30118320045267 ], [ 128.243817354239525, -15.282197505800783 ], [ 128.250069295953324, -15.282892104385608 ] ] ], [ [ [ 128.271219481751075, -15.282197505800783 ], [ 128.273347802334484, -15.289953856664663 ], [ 128.262440159344465, -15.280808308631132 ], [ 128.271219481751075, -15.282197505800783 ] ] ], [ [ [ 128.105476516317196, -15.272010059890015 ], [ 128.10574255639014, -15.265874439057393 ], [ 128.110664297739305, -15.268189767673476 ], [ 128.105476516317196, -15.272010059890015 ] ] ], [ [ [ 128.09283961285314, -15.236817064925543 ], [ 128.094834913400121, -15.230218378369704 ], [ 128.103082155660871, -15.229408013354075 ], [ 128.09283961285314, -15.236817064925543 ] ] ], [ [ [ 128.152964669334779, -15.180323046693101 ], [ 128.187150818705959, -15.196530347005686 ], [ 128.187815918888276, -15.211695749441034 ], [ 128.152964669334779, -15.180323046693101 ] ] ], [ [ [ 128.102417055478554, -15.195951514851666 ], [ 128.099357594639883, -15.185764068940896 ], [ 128.10733879682769, -15.164578812103731 ], [ 128.113989798650891, -15.174187425860479 ], [ 128.102417055478554, -15.195951514851666 ] ] ], [ [ [ 128.122636101021044, -15.048349315576329 ], [ 128.150836348751369, -15.050433111330806 ], [ 128.163473252215425, -15.097434282237304 ], [ 128.200718862425276, -15.131353846462931 ], [ 128.195797121076112, -15.193751952666386 ], [ 128.119443620145915, -15.142698956681741 ], [ 128.122636101021044, -15.048349315576329 ] ] ], [ [ [ 128.466891955389286, -14.898547554115716 ], [ 128.466492895279885, -14.92829952683239 ], [ 128.446140829700937, -14.879909158756242 ], [ 128.466891955389286, -14.898547554115716 ] ] ], [ [ [ 128.428715204924174, -14.863238792720439 ], [ 128.442549288716407, -14.87736229727855 ], [ 128.439356807841278, -14.885118648142431 ], [ 128.428715204924174, -14.863238792720439 ] ] ], [ [ [ 128.777892800641581, -14.767731487306987 ], [ 128.774301259657051, -14.772014845246742 ], [ 128.772172939073641, -14.767499954445379 ], [ 128.777892800641581, -14.767731487306987 ] ] ], [ [ [ 128.299685769554316, -14.742147106099262 ], [ 128.309396232216159, -14.735664185974228 ], [ 128.330945478123311, -14.757080975673002 ], [ 128.310859452617279, -14.762753530782406 ], [ 128.299685769554316, -14.742147106099262 ] ] ], [ [ [ 125.657375765237958, -14.606121549904346 ], [ 125.653119124071125, -14.60403775414987 ], [ 125.657907845383818, -14.60125935981057 ], [ 125.657375765237958, -14.606121549904346 ] ] ], [ [ [ 125.902797732513619, -14.522538186863724 ], [ 125.908384574045101, -14.519180960370402 ], [ 125.907719473862784, -14.524506216187396 ], [ 125.902797732513619, -14.522538186863724 ] ] ], [ [ [ 127.84010154357199, -14.464076139307611 ], [ 127.857261128275809, -14.432587670128873 ], [ 127.871095212068042, -14.43582913019139 ], [ 127.874952793125487, -14.458866649921422 ], [ 127.858724348676915, -14.473684753064358 ], [ 127.84010154357199, -14.464076139307611 ] ] ], [ [ [ 125.753948311710658, -14.422284457787301 ], [ 125.740380267991355, -14.430388107943593 ], [ 125.755145492038835, -14.459792781367856 ], [ 125.720294242485323, -14.479473074604567 ], [ 125.724151823542769, -14.41371774190779 ], [ 125.753948311710658, -14.422284457787301 ] ] ], [ [ [ 125.991256056762026, -14.449258036164675 ], [ 125.996443838184121, -14.43501876517576 ], [ 126.004824100481329, -14.43860752453069 ], [ 125.991256056762026, -14.449258036164675 ] ] ], [ [ [ 125.995379677892402, -14.376440951188844 ], [ 125.970903991183064, -14.387670294976848 ], [ 125.994847597746542, -14.362896278784753 ], [ 125.995379677892402, -14.376440951188844 ] ] ], [ [ [ 125.669613608592627, -14.367758468878529 ], [ 125.67799387088985, -14.380029710543774 ], [ 125.669879648665557, -14.37829321408171 ], [ 125.669613608592627, -14.367758468878529 ] ] ], [ [ [ 127.81575887689911, -14.37632518475804 ], [ 127.80511727398202, -14.369494965340593 ], [ 127.805383314054936, -14.357571022967761 ], [ 127.820680618248275, -14.361738614476712 ], [ 127.81575887689911, -14.37632518475804 ] ] ], [ [ [ 125.577696763396162, -14.365211607400838 ], [ 125.577430723323232, -14.348309708503427 ], [ 125.586077025693385, -14.358728687275804 ], [ 125.577696763396162, -14.365211607400838 ] ] ], [ [ [ 125.947359444728988, -14.386396864238003 ], [ 125.923548858201968, -14.375399053311606 ], [ 125.942969783525683, -14.365790439554859 ], [ 125.959331248010727, -14.322146495141681 ], [ 125.970637951110149, -14.346920511333776 ], [ 125.947359444728988, -14.386396864238003 ] ] ], [ [ [ 125.714574380917384, -14.349583139242272 ], [ 125.708588479276514, -14.353287665028006 ], [ 125.710184719714078, -14.348078175641819 ], [ 125.714574380917384, -14.349583139242272 ] ] ], [ [ [ 126.00429202033547, -14.344952482010104 ], [ 126.002695779897905, -14.349698905673076 ], [ 125.99883819884046, -14.345184014871712 ], [ 126.00429202033547, -14.344952482010104 ] ] ], [ [ [ 125.976357812678089, -14.328166349543498 ], [ 125.991256056762026, -14.329555546713149 ], [ 125.977954053115653, -14.338006496161853 ], [ 125.976357812678089, -14.328166349543498 ] ] ], [ [ [ 125.92009033725391, -14.329787079574757 ], [ 125.922750737983179, -14.323998758034547 ], [ 125.930598920134543, -14.324114524465351 ], [ 125.92009033725391, -14.329787079574757 ] ] ], [ [ [ 125.771506956523879, -14.325619488065806 ], [ 125.767383335393504, -14.319483867233185 ], [ 125.773236216997901, -14.322725327295702 ], [ 125.771506956523879, -14.325619488065806 ] ] ], [ [ [ 126.023446905586255, -14.32851364883591 ], [ 126.018924224346492, -14.353634964320419 ], [ 125.993251357308978, -14.335459634684161 ], [ 125.986334315412861, -14.290079193808921 ], [ 126.008814701575247, -14.281975543652628 ], [ 126.004025980262554, -14.300961238304515 ], [ 126.023047845476867, -14.300498172581298 ], [ 126.046858432003887, -14.327934816681889 ], [ 126.023446905586255, -14.32851364883591 ] ] ], [ [ [ 127.73448363461975, -14.262758316139134 ], [ 127.728098672869493, -14.260442987523049 ], [ 127.733286454291573, -14.258127658906966 ], [ 127.73448363461975, -14.262758316139134 ] ] ], [ [ [ 127.715461769405437, -14.233353642714871 ], [ 127.710939088165659, -14.244235687210464 ], [ 127.703622986160156, -14.244582986502877 ], [ 127.701760705649662, -14.240646927855535 ], [ 127.715461769405437, -14.233353642714871 ] ] ], [ [ [ 125.999636319059249, -14.237289701362213 ], [ 126.018392144200632, -14.225249992558577 ], [ 126.042468770800582, -14.234627073453717 ], [ 126.006686380991823, -14.248171745857807 ], [ 125.999636319059249, -14.237289701362213 ] ] ], [ [ [ 125.827242351802198, -14.225944591143403 ], [ 125.825912151437564, -14.232311744837633 ], [ 125.822719670562435, -14.230343715513962 ], [ 125.827242351802198, -14.225944591143403 ] ] ], [ [ [ 126.574016836509813, -14.217030575971481 ], [ 126.585456559645692, -14.225944591143403 ], [ 126.574282876582743, -14.226754956159033 ], [ 126.56922811519712, -14.214020648770573 ], [ 126.573085696254566, -14.205453932891063 ], [ 126.574016836509813, -14.217030575971481 ] ] ], [ [ [ 125.769245615903998, -14.211126488000467 ], [ 125.763924814445446, -14.215641378801831 ], [ 125.76498897473715, -14.208579626522775 ], [ 125.769245615903998, -14.211126488000467 ] ] ], [ [ [ 126.582663138879951, -14.201749407105329 ], [ 126.592772661651196, -14.21645174381746 ], [ 126.589314140703138, -14.223976561819732 ], [ 126.576145157093237, -14.216683276679069 ], [ 126.582663138879951, -14.201749407105329 ] ] ], [ [ [ 126.588782060557293, -14.201286341382112 ], [ 126.590777361104244, -14.211589553723684 ], [ 126.587089973301616, -14.207743178621508 ], [ 126.588782060557293, -14.201286341382112 ] ] ], [ [ [ 126.04592729174864, -14.208000794368754 ], [ 126.050050912879016, -14.204412035013824 ], [ 126.049917892842544, -14.206843130060713 ], [ 126.04592729174864, -14.208000794368754 ] ] ], [ [ [ 125.660302206040157, -14.186120938946763 ], [ 125.658040865420276, -14.193645756949035 ], [ 125.656710665055641, -14.189709698301693 ], [ 125.660302206040157, -14.186120938946763 ] ] ], [ [ [ 125.730935845402428, -14.192835391933407 ], [ 125.730137725183639, -14.17466006229715 ], [ 125.739848187845496, -14.183921376761484 ], [ 125.730935845402428, -14.192835391933407 ] ] ], [ [ [ 125.668017368155063, -14.174312763004737 ], [ 125.663893747024687, -14.18299524531505 ], [ 125.661366366331876, -14.180448383837359 ], [ 125.668017368155063, -14.174312763004737 ] ] ], [ [ [ 125.681984471983753, -14.17466006229715 ], [ 125.67227400932191, -14.162851886355122 ], [ 125.680787291655591, -14.161346922754667 ], [ 125.681984471983753, -14.17466006229715 ] ] ], [ [ [ 126.285629397456347, -14.167714076448899 ], [ 126.299197441175664, -14.164125317093969 ], [ 126.285629397456347, -14.171302835803829 ], [ 126.285629397456347, -14.167714076448899 ] ] ], [ [ [ 125.778024938310608, -14.157873929830542 ], [ 125.79425338275918, -14.160652324169844 ], [ 125.789331641410016, -14.170839770080612 ], [ 125.778024938310608, -14.157873929830542 ] ] ], [ [ [ 125.771772996596809, -14.159841959154214 ], [ 125.764855954700693, -14.158684294846172 ], [ 125.772970176924971, -14.152780206875159 ], [ 125.771772996596809, -14.159841959154214 ] ] ], [ [ [ 126.243329025860874, -14.158568528415367 ], [ 126.231623262652064, -14.149307213951033 ], [ 126.243861106006733, -14.148612615366208 ], [ 126.243329025860874, -14.158568528415367 ] ] ], [ [ [ 125.695951575812458, -14.115040350432995 ], [ 125.705529018437844, -14.135531008685335 ], [ 125.701937477453328, -14.14398195813404 ], [ 125.695951575812458, -14.115040350432995 ] ] ], [ [ [ 125.605231910944156, -14.123375533450895 ], [ 125.605630971053557, -14.130089986437538 ], [ 125.602438490178429, -14.129742687145125 ], [ 125.605231910944156, -14.123375533450895 ] ] ], [ [ [ 126.374486781814156, -14.001589248244894 ], [ 126.370762220793168, -13.976236399898777 ], [ 126.403751189836186, -13.989086473718041 ], [ 126.394173747210786, -14.009114066247166 ], [ 126.374486781814156, -14.001589248244894 ] ] ], [ [ [ 126.877701579756604, -13.981098589992552 ], [ 126.870252457714628, -13.976467932760386 ], [ 126.879430840230626, -13.978435962084056 ], [ 126.877701579756604, -13.981098589992552 ] ] ], [ [ [ 126.003227860043765, -13.977509830637622 ], [ 125.998040078621685, -13.979130560668882 ], [ 126.000301419241566, -13.974384137005909 ], [ 126.003227860043765, -13.977509830637622 ] ] ], [ [ [ 126.869454337495853, -13.96801698331168 ], [ 126.873577958626228, -13.960376398878603 ], [ 126.900847066101292, -13.984687349347482 ], [ 126.883288421288071, -13.992559466642167 ], [ 126.880628020558802, -13.976120633467973 ], [ 126.84298335023955, -13.963502092510316 ], [ 126.819970883931319, -13.966743552572835 ], [ 126.819305783749002, -13.962112895340667 ], [ 126.825291685389871, -13.950304719398639 ], [ 126.869454337495853, -13.96801698331168 ] ] ], [ [ [ 126.84630885115115, -13.970679611220175 ], [ 126.843781470458339, -13.96523858897238 ], [ 126.850964552427385, -13.967669684019267 ], [ 126.84630885115115, -13.970679611220175 ] ] ], [ [ [ 126.449776122452647, -13.96361785894112 ], [ 126.453101623364248, -13.957945303831716 ], [ 126.454032763619495, -13.962807493925492 ], [ 126.449776122452647, -13.96361785894112 ] ] ], [ [ [ 126.815049142582168, -13.952851580876331 ], [ 126.817443503238508, -13.960955231032624 ], [ 126.811989681743498, -13.956440340231261 ], [ 126.815049142582168, -13.952851580876331 ] ] ], [ [ [ 126.321145747192176, -13.942779901396367 ], [ 126.309839044092755, -13.964312457525946 ], [ 126.299330461212122, -13.966396253280422 ], [ 126.30877488380105, -13.928424863976648 ], [ 126.321145747192176, -13.942779901396367 ] ] ], [ [ [ 126.706504792827729, -13.942201069242346 ], [ 126.704243452207848, -13.946947492905318 ], [ 126.700917951296248, -13.942432602103954 ], [ 126.706504792827729, -13.942201069242346 ] ] ], [ [ [ 126.696395270056485, -13.939885740626263 ], [ 126.67697434473277, -13.95887143527815 ], [ 126.692271648926109, -13.930971725454341 ], [ 126.696395270056485, -13.939885740626263 ] ] ], [ [ [ 125.644339801664515, -13.951346617275878 ], [ 125.623056595830306, -13.940001507057067 ], [ 125.63037269783581, -13.930971725454341 ], [ 125.644339801664515, -13.951346617275878 ] ] ], [ [ [ 126.159792442961631, -13.964080924664337 ], [ 126.171365186133968, -13.93594968197892 ], [ 126.189721951165978, -13.927382966099412 ], [ 126.194643692515129, -13.93594968197892 ], [ 126.159792442961631, -13.964080924664337 ] ] ], [ [ [ 126.818640683566684, -13.94949435438301 ], [ 126.823828464988779, -13.944516397858431 ], [ 126.823562424915849, -13.947757857920948 ], [ 126.818640683566684, -13.94949435438301 ] ] ], [ [ [ 126.607936945808078, -13.946600193612905 ], [ 126.59516702230755, -13.942201069242346 ], [ 126.60062084380256, -13.935602382686508 ], [ 126.607936945808078, -13.946600193612905 ] ] ], [ [ [ 126.284432217128185, -13.946137127889688 ], [ 126.272460413846446, -13.930624426161929 ], [ 126.295206840081747, -13.942085302811543 ], [ 126.284432217128185, -13.946137127889688 ] ] ], [ [ [ 126.30332106230604, -13.924373038898503 ], [ 126.30278898216018, -13.905271577815812 ], [ 126.315026825514849, -13.901914351322491 ], [ 126.315824945733624, -13.915343257295776 ], [ 126.30332106230604, -13.924373038898503 ] ] ], [ [ [ 127.163295598044314, -13.883160189532212 ], [ 127.170212639940431, -13.904808512092595 ], [ 127.15624553611174, -13.899020190552386 ], [ 127.163295598044314, -13.883160189532212 ] ] ], [ [ [ 126.504181317366331, -13.868920918543298 ], [ 126.612193586974911, -13.890800773965289 ], [ 126.61897760883457, -13.905503110677421 ], [ 126.558985572389403, -13.903419314922944 ], [ 126.562178053264532, -13.890685007534485 ], [ 126.513492719918787, -13.907008074277874 ], [ 126.503782257256944, -13.89334763544298 ], [ 126.504181317366331, -13.868920918543298 ] ] ], [ [ [ 126.30305502223311, -13.866952889219627 ], [ 126.319150446645224, -13.886748948887142 ], [ 126.313829645186672, -13.895199898335848 ], [ 126.30305502223311, -13.866952889219627 ] ] ], [ [ [ 126.594501922125232, -13.881770992362563 ], [ 126.58918112066668, -13.880381795192912 ], [ 126.593304741797056, -13.877834933715221 ], [ 126.594501922125232, -13.881770992362563 ] ] ], [ [ [ 126.625628610657756, -13.852945151092321 ], [ 126.635206053283142, -13.870541648574557 ], [ 126.623367270037875, -13.880150262331304 ], [ 126.614587947631264, -13.860817268387006 ], [ 126.625628610657756, -13.852945151092321 ] ] ], [ [ [ 127.271174847616436, -13.8219197476368 ], [ 127.269711627215329, -13.816594491819806 ], [ 127.279954170023046, -13.818678287574281 ], [ 127.271174847616436, -13.8219197476368 ] ] ], [ [ [ 126.149150840044527, -13.745976969029254 ], [ 126.14848573986221, -13.757669378540477 ], [ 126.145426279023539, -13.74863959693775 ], [ 126.149150840044527, -13.745976969029254 ] ] ] ] } }
]
}
