Domain Code,Domain,Area Code (M49),Area,Element Code,Element,Item Code (CPC),Item,Year Code,Year,Unit,Value,Flag,Flag Description,Note
"QCL","Crops and livestock products","036","Australia","5312","Area harvested","0115","Barley","1961","1961","ha","964512","A","Official value",""
"QCL","Crops and livestock products","036","Australia","5412","Yield","0115","Barley","1961","1961","kg/ha","975.9","A","Official value",""
"QCL","Crops and livestock products","036","Australia","5510","Production","0115","Barley","1961","1961","t","941304","A","Official value",""
"QCL","Crops and livestock products","036","Australia","5312","Area harvested","0115","Barley","1962","1962","ha","820498","A","Official value",""
"QCL","Crops and livestock products","036","Australia","5412","Yield","0115","Barley","1962","1962","kg/ha","1094","A","Official value",""
"QCL","Crops and livestock products","036","Australia","5510","Production","0115","Barley","1962","1962","t","897655","A","Official value",""
"QCL","Crops and livestock products","036","Australia","5312","Area harvested","0115","Barley","1963","1963","ha","814765","A","Official value",""
"QCL","Crops and livestock products","036","Australia","5412","Yield","0115","Barley","1963","1963","kg/ha","1208","A","Official value",""
"QCL","Crops and livestock products","036","Australia","5510","Production","0115","Barley","1963","1963","t","984200","A","Official value",""
"QCL","Crops and livestock products","036","Australia","5312","Area harvested","0115","Barley","1964","1964","ha","835306","A","Official value",""
"QCL","Crops and livestock products","036","Australia","5412","Yield","0115","Barley","1964","1964","kg/ha","1339","A","Official value",""
"QCL","Crops and livestock products","036","Australia","5510","Production","0115","Barley","1964","1964","t","1118465","A","Official value",""
"QCL","Crops and livestock products","036","Australia","5312","Area harvested","0115","Barley","1965","1965","ha","929849","A","Official value",""
"QCL","Crops and livestock products","036","Australia","5412","Yield","0115","Barley","1965","1965","kg/ha","1020.4","A","Official value",""
"QCL","Crops and livestock products","036","Australia","5510","Production","0115","Barley","1965","1965","t","948822","A","Official value",""
"QCL","Crops and livestock products","036","Australia","5312","Area harvested","0115","Barley","1966","1966","ha","1010784","A","Official value",""
"QCL","Crops and livestock products","036","Australia","5412","Yield","0115","Barley","1966","1966","kg/ha","1381.9","A","Official value",""
"QCL","Crops and livestock products","036","Australia","5510","Production","0115","Barley","1966","1966","t","1396808","A","Official value",""
"QCL","Crops and livestock products","036","Australia","5312","Area harvested","0115","Barley","1967","1967","ha","1056818","A","Official value",""
"QCL","Crops and livestock products","036","Australia","5412","Yield","0115","Barley","1967","1967","kg/ha","789.7","A","Official value",""
"QCL","Crops and livestock products","036","Australia","5510","Production","0115","Barley","1967","1967","t","834580","A","Official value",""
"QCL","Crops and livestock products","036","Australia","5312","Area harvested","0115","Barley","1968","1968","ha","1340995","A","Official value",""
"QCL","Crops and livestock products","036","Australia","5412","Yield","0115","Barley","1968","1968","kg/ha","1227.7","A","Official value",""
"QCL","Crops and livestock products","036","Australia","5510","Production","0115","Barley","1968","1968","t","1646296","A","Official value",""
"QCL","Crops and livestock products","036","Australia","5312","Area harvested","0115","Barley","1969","1969","ha","1521163","A","Official value",""
"QCL","Crops and livestock products","036","Australia","5412","Yield","0115","Barley","1969","1969","kg/ha","1116.7","A","Official value",""
"QCL","Crops and livestock products","036","Australia","5510","Production","0115","Barley","1969","1969","t","1698732","A","Official value",""
"QCL","Crops and livestock products","036","Australia","5312","Area harvested","0115","Barley","1970","1970","ha","2000057","A","Official value",""
"QCL","Crops and livestock products","036","Australia","5412","Yield","0115","Barley","1970","1970","kg/ha","1175.5","A","Official value",""
"QCL","Crops and livestock products","036","Australia","5510","Production","0115","Barley","1970","1970","t","2351000","A","Official value",""
"QCL","Crops and livestock products","036","Australia","5312","Area harvested","0115","Barley","1971","1971","ha","2535421","A","Official value",""
"QCL","Crops and livestock products","036","Australia","5412","Yield","0115","Barley","1971","1971","kg/ha","1208.9","A","Official value",""
"QCL","Crops and livestock products","036","Australia","5510","Production","0115","Barley","1971","1971","t","3065000","A","Official value",""
"QCL","Crops and livestock products","036","Australia","5312","Area harvested","0115","Barley","1972","1972","ha","2139902","A","Official value",""
"QCL","Crops and livestock products","036","Australia","5412","Yield","0115","Barley","1972","1972","kg/ha","807","A","Official value",""
"QCL","Crops and livestock products","036","Australia","5510","Production","0115","Barley","1972","1972","t","1727000","A","Official value",""
"QCL","Crops and livestock products","036","Australia","5312","Area harvested","0115","Barley","1973","1973","ha","1894474","A","Official value",""
"QCL","Crops and livestock products","036","Australia","5412","Yield","0115","Barley","1973","1973","kg/ha","1265.3","A","Official value",""
"QCL","Crops and livestock products","036","Australia","5510","Production","0115","Barley","1973","1973","t","2397000","A","Official value",""
"QCL","Crops and livestock products","036","Australia","5312","Area harvested","0115","Barley","1974","1974","ha","1825550","A","Official value",""
"QCL","Crops and livestock products","036","Australia","5412","Yield","0115","Barley","1974","1974","kg/ha","1377.7","A","Official value",""
"QCL","Crops and livestock products","036","Australia","5510","Production","0115","Barley","1974","1974","t","2515000","A","Official value",""
"QCL","Crops and livestock products","036","Australia","5312","Area harvested","0115","Barley","1975","1975","ha","2329000","A","Official value",""
"QCL","Crops and livestock products","036","Australia","5412","Yield","0115","Barley","1975","1975","kg/ha","1365","A","Official value",""
"QCL","Crops and livestock products","036","Australia","5510","Production","0115","Barley","1975","1975","t","3179000","A","Official value",""
"QCL","Crops and livestock products","036","Australia","5312","Area harvested","0115","Barley","1976","1976","ha","2320963","A","Official value",""
"QCL","Crops and livestock products","036","Australia","5412","Yield","0115","Barley","1976","1976","kg/ha","1226.6","A","Official value",""
"QCL","Crops and livestock products","036","Australia","5510","Production","0115","Barley","1976","1976","t","2846939","A","Official value",""
"QCL","Crops and livestock products","036","Australia","5312","Area harvested","0115","Barley","1977","1977","ha","2802638","A","Official value",""
"QCL","Crops and livestock products","036","Australia","5412","Yield","0115","Barley","1977","1977","kg/ha","850.4","A","Official value",""
"QCL","Crops and livestock products","036","Australia","5510","Production","0115","Barley","1977","1977","t","2383369","A","Official value",""
"QCL","Crops and livestock products","036","Australia","5312","Area harvested","0115","Barley","1978","1978","ha","2785000","A","Official value",""
"QCL","Crops and livestock products","036","Australia","5412","Yield","0115","Barley","1978","1978","kg/ha","1438.4","A","Official value",""
"QCL","Crops and livestock products","036","Australia","5510","Production","0115","Barley","1978","1978","t","4006000","A","Official value",""
"QCL","Crops and livestock products","036","Australia","5312","Area harvested","0115","Barley","1979","1979","ha","2482354","A","Official value",""
"QCL","Crops and livestock products","036","Australia","5412","Yield","0115","Barley","1979","1979","kg/ha","1491.9","A","Official value",""
"QCL","Crops and livestock products","036","Australia","5510","Production","0115","Barley","1979","1979","t","3703449","A","Official value",""
"QCL","Crops and livestock products","036","Australia","5312","Area harvested","0115","Barley","1980","1980","ha","2451000","A","Official value",""
"QCL","Crops and livestock products","036","Australia","5412","Yield","0115","Barley","1980","1980","kg/ha","1094.2","A","Official value",""
"QCL","Crops and livestock products","036","Australia","5510","Production","0115","Barley","1980","1980","t","2682000","A","Official value",""
"QCL","Crops and livestock products","036","Australia","5312","Area harvested","0115","Barley","1981","1981","ha","2685000","A","Official value",""
"QCL","Crops and livestock products","036","Australia","5412","Yield","0115","Barley","1981","1981","kg/ha","1284.9","A","Official value",""
"QCL","Crops and livestock products","036","Australia","5510","Production","0115","Barley","1981","1981","t","3450000","A","Official value",""
"QCL","Crops and livestock products","036","Australia","5312","Area harvested","0115","Barley","1982","1982","ha","2452436","A","Official value",""
"QCL","Crops and livestock products","036","Australia","5412","Yield","0115","Barley","1982","1982","kg/ha","790.5","A","Official value",""
"QCL","Crops and livestock products","036","Australia","5510","Production","0115","Barley","1982","1982","t","1938763","A","Official value",""
"QCL","Crops and livestock products","036","Australia","5312","Area harvested","0115","Barley","1983","1983","ha","3108544","A","Official value",""
"QCL","Crops and livestock products","036","Australia","5412","Yield","0115","Barley","1983","1983","kg/ha","1572.9","A","Official value",""
"QCL","Crops and livestock products","036","Australia","5510","Production","0115","Barley","1983","1983","t","4889501","A","Official value",""
"QCL","Crops and livestock products","036","Australia","5312","Area harvested","0115","Barley","1984","1984","ha","3518105","A","Official value",""
"QCL","Crops and livestock products","036","Australia","5412","Yield","0115","Barley","1984","1984","kg/ha","1578.8","A","Official value",""
"QCL","Crops and livestock products","036","Australia","5510","Production","0115","Barley","1984","1984","t","5554305","A","Official value",""
"QCL","Crops and livestock products","036","Australia","5312","Area harvested","0115","Barley","1985","1985","ha","3238000","A","Official value",""
"QCL","Crops and livestock products","036","Australia","5412","Yield","0115","Barley","1985","1985","kg/ha","1482.7","A","Official value",""
"QCL","Crops and livestock products","036","Australia","5510","Production","0115","Barley","1985","1985","t","4801000","A","Official value",""
"QCL","Crops and livestock products","036","Australia","5312","Area harvested","0115","Barley","1986","1986","ha","2274000","A","Official value",""
"QCL","Crops and livestock products","036","Australia","5412","Yield","0115","Barley","1986","1986","kg/ha","1560.2","A","Official value",""
"QCL","Crops and livestock products","036","Australia","5510","Production","0115","Barley","1986","1986","t","3548000","A","Official value",""
"QCL","Crops and livestock products","036","Australia","5312","Area harvested","0115","Barley","1987","1987","ha","2346000","A","Official value",""
"QCL","Crops and livestock products","036","Australia","5412","Yield","0115","Barley","1987","1987","kg/ha","1456.5","A","Official value",""
"QCL","Crops and livestock products","036","Australia","5510","Production","0115","Barley","1987","1987","t","3417000","A","Official value",""
"QCL","Crops and livestock products","036","Australia","5312","Area harvested","0115","Barley","1988","1988","ha","2190112","A","Official value",""
"QCL","Crops and livestock products","036","Australia","5412","Yield","0115","Barley","1988","1988","kg/ha","1480.1","A","Official value",""
"QCL","Crops and livestock products","036","Australia","5510","Production","0115","Barley","1988","1988","t","3241585","A","Official value",""
"QCL","Crops and livestock products","036","Australia","5312","Area harvested","0115","Barley","1989","1989","ha","2309935","A","Official value",""
"QCL","Crops and livestock products","036","Australia","5412","Yield","0115","Barley","1989","1989","kg/ha","1750.8","A","Official value",""
"QCL","Crops and livestock products","036","Australia","5510","Production","0115","Barley","1989","1989","t","4044167","A","Official value",""
"QCL","Crops and livestock products","036","Australia","5312","Area harvested","0115","Barley","1990","1990","ha","2450000","E","Estimated value",""
"QCL","Crops and livestock products","036","Australia","5412","Yield","0115","Barley","1990","1990","kg/ha","1676.6","E","Estimated value",""
"QCL","Crops and livestock products","036","Australia","5510","Production","0115","Barley","1990","1990","t","4107755","A","Official value",""
"QCL","Crops and livestock products","036","Australia","5312","Area harvested","0115","Barley","1991","1991","ha","2744241","A","Official value",""
"QCL","Crops and livestock products","036","Australia","5412","Yield","0115","Barley","1991","1991","kg/ha","1650.7","A","Official value",""
"QCL","Crops and livestock products","036","Australia","5510","Production","0115","Barley","1991","1991","t","4529797","A","Official value",""
"QCL","Crops and livestock products","036","Australia","5312","Area harvested","0115","Barley","1992","1992","ha","2947000","A","Official value",""
"QCL","Crops and livestock products","036","Australia","5412","Yield","0115","Barley","1992","1992","kg/ha","1831.3","A","Official value",""
"QCL","Crops and livestock products","036","Australia","5510","Production","0115","Barley","1992","1992","t","5396721","A","Official value",""
"QCL","Crops and livestock products","036","Australia","5312","Area harvested","0115","Barley","1993","1993","ha","3424470","A","Official value",""
"QCL","Crops and livestock products","036","Australia","5412","Yield","0115","Barley","1993","1993","kg/ha","1947.2","A","Official value",""
"QCL","Crops and livestock products","036","Australia","5510","Production","0115","Barley","1993","1993","t","6668230","A","Official value",""
"QCL","Crops and livestock products","036","Australia","5312","Area harvested","0115","Barley","1994","1994","ha","2470490","A","Official value",""
"QCL","Crops and livestock products","036","Australia","5412","Yield","0115","Barley","1994","1994","kg/ha","1179.2","A","Official value",""
"QCL","Crops and livestock products","036","Australia","5510","Production","0115","Barley","1994","1994","t","2913190","A","Official value",""
"QCL","Crops and livestock products","036","Australia","5312","Area harvested","0115","Barley","1995","1995","ha","3110590","A","Official value",""
"QCL","Crops and livestock products","036","Australia","5412","Yield","0115","Barley","1995","1995","kg/ha","1871.9","A","Official value",""
"QCL","Crops and livestock products","036","Australia","5510","Production","0115","Barley","1995","1995","t","5822680","A","Official value",""
"QCL","Crops and livestock products","036","Australia","5312","Area harvested","0115","Barley","1996","1996","ha","3367000","A","Official value",""
"QCL","Crops and livestock products","036","Australia","5412","Yield","0115","Barley","1996","1996","kg/ha","1988.7","A","Official value",""
"QCL","Crops and livestock products","036","Australia","5510","Production","0115","Barley","1996","1996","t","6696110","A","Official value",""
"QCL","Crops and livestock products","036","Australia","5312","Area harvested","0115","Barley","1997","1997","ha","3521000","A","Official value",""
"QCL","Crops and livestock products","036","Australia","5412","Yield","0115","Barley","1997","1997","kg/ha","1841","A","Official value",""
"QCL","Crops and livestock products","036","Australia","5510","Production","0115","Barley","1997","1997","t","6482000","A","Official value",""
"QCL","Crops and livestock products","036","Australia","5312","Area harvested","0115","Barley","1998","1998","ha","3167000","A","Official value",""
"QCL","Crops and livestock products","036","Australia","5412","Yield","0115","Barley","1998","1998","kg/ha","1890.4","A","Official value",""
"QCL","Crops and livestock products","036","Australia","5510","Production","0115","Barley","1998","1998","t","5987000","A","Official value",""
"QCL","Crops and livestock products","036","Australia","5312","Area harvested","0115","Barley","1999","1999","ha","2589000","A","Official value",""
"QCL","Crops and livestock products","036","Australia","5412","Yield","0115","Barley","1999","1999","kg/ha","1947.9","A","Official value",""
"QCL","Crops and livestock products","036","Australia","5510","Production","0115","Barley","1999","1999","t","5043000","A","Official value",""
"QCL","Crops and livestock products","036","Australia","5312","Area harvested","0115","Barley","2000","2000","ha","3454000","A","Official value",""
"QCL","Crops and livestock products","036","Australia","5412","Yield","0115","Barley","2000","2000","kg/ha","1952.2","A","Official value",""
"QCL","Crops and livestock products","036","Australia","5510","Production","0115","Barley","2000","2000","t","6743000","A","Official value",""
"QCL","Crops and livestock products","036","Australia","5312","Area harvested","0115","Barley","2001","2001","ha","3707378","A","Official value",""
"QCL","Crops and livestock products","036","Australia","5412","Yield","0115","Barley","2001","2001","kg/ha","2233.3","A","Official value",""
"QCL","Crops and livestock products","036","Australia","5510","Production","0115","Barley","2001","2001","t","8279769","A","Official value",""
"QCL","Crops and livestock products","036","Australia","5312","Area harvested","0115","Barley","2002","2002","ha","3863778","A","Official value",""
"QCL","Crops and livestock products","036","Australia","5412","Yield","0115","Barley","2002","2002","kg/ha","1000.3","A","Official value",""
"QCL","Crops and livestock products","036","Australia","5510","Production","0115","Barley","2002","2002","t","3864833","A","Official value",""
"QCL","Crops and livestock products","036","Australia","5312","Area harvested","0115","Barley","2003","2003","ha","4477024","A","Official value",""
"QCL","Crops and livestock products","036","Australia","5412","Yield","0115","Barley","2003","2003","kg/ha","2318.9","A","Official value",""
"QCL","Crops and livestock products","036","Australia","5510","Production","0115","Barley","2003","2003","t","10381827.8","A","Official value",""
"QCL","Crops and livestock products","036","Australia","5312","Area harvested","0115","Barley","2004","2004","ha","4645658","A","Official value",""
"QCL","Crops and livestock products","036","Australia","5412","Yield","0115","Barley","2004","2004","kg/ha","1666","A","Official value",""
"QCL","Crops and livestock products","036","Australia","5510","Production","0115","Barley","2004","2004","t","7739767","A","Official value",""
"QCL","Crops and livestock products","036","Australia","5312","Area harvested","0115","Barley","2005","2005","ha","4405727","A","Official value",""
"QCL","Crops and livestock products","036","Australia","5412","Yield","0115","Barley","2005","2005","kg/ha","2152.1","A","Official value",""
"QCL","Crops and livestock products","036","Australia","5510","Production","0115","Barley","2005","2005","t","9481741","A","Official value",""
"QCL","Crops and livestock products","036","Australia","5312","Area harvested","0115","Barley","2006","2006","ha","4181979","A","Official value",""
"QCL","Crops and livestock products","036","Australia","5412","Yield","0115","Barley","2006","2006","kg/ha","1017.9","A","Official value",""
"QCL","Crops and livestock products","036","Australia","5510","Production","0115","Barley","2006","2006","t","4257032","A","Official value",""
"QCL","Crops and livestock products","036","Australia","5312","Area harvested","0115","Barley","2007","2007","ha","4901838","A","Official value",""
"QCL","Crops and livestock products","036","Australia","5412","Yield","0115","Barley","2007","2007","kg/ha","1460.7","A","Official value",""
"QCL","Crops and livestock products","036","Australia","5510","Production","0115","Barley","2007","2007","t","7160168","A","Official value",""
"QCL","Crops and livestock products","036","Australia","5312","Area harvested","0115","Barley","2008","2008","ha","5015011","A","Official value",""
"QCL","Crops and livestock products","036","Australia","5412","Yield","0115","Barley","2008","2008","kg/ha","1594.5","A","Official value",""
"QCL","Crops and livestock products","036","Australia","5510","Production","0115","Barley","2008","2008","t","7996506","A","Official value",""
"QCL","Crops and livestock products","036","Australia","5312","Area harvested","0115","Barley","2009","2009","ha","4421596","A","Official value",""
"QCL","Crops and livestock products","036","Australia","5412","Yield","0115","Barley","2009","2009","kg/ha","1778.7","A","Official value",""
"QCL","Crops and livestock products","036","Australia","5510","Production","0115","Barley","2009","2009","t","7864551","A","Official value",""
"QCL","Crops and livestock products","036","Australia","5312","Area harvested","0115","Barley","2010","2010","ha","3680994","A","Official value",""
"QCL","Crops and livestock products","036","Australia","5412","Yield","0115","Barley","2010","2010","kg/ha","2171.9","A","Official value",""
"QCL","Crops and livestock products","036","Australia","5510","Production","0115","Barley","2010","2010","t","7994720","A","Official value",""
"QCL","Crops and livestock products","036","Australia","5312","Area harvested","0115","Barley","2011","2011","ha","3718261","A","Official value",""
"QCL","Crops and livestock products","036","Australia","5412","Yield","0115","Barley","2011","2011","kg/ha","2210.9","A","Official value",""
"QCL","Crops and livestock products","036","Australia","5510","Production","0115","Barley","2011","2011","t","8220863","A","Official value",""
"QCL","Crops and livestock products","036","Australia","5312","Area harvested","0115","Barley","2012","2012","ha","3644368","A","Official value",""
"QCL","Crops and livestock products","036","Australia","5412","Yield","0115","Barley","2012","2012","kg/ha","2050.2","A","Official value",""
"QCL","Crops and livestock products","036","Australia","5510","Production","0115","Barley","2012","2012","t","7471592","A","Official value",""
"QCL","Crops and livestock products","036","Australia","5312","Area harvested","0115","Barley","2013","2013","ha","3814113","A","Official value",""
"QCL","Crops and livestock products","036","Australia","5412","Yield","0115","Barley","2013","2013","kg/ha","2405.4","A","Official value",""
"QCL","Crops and livestock products","036","Australia","5510","Production","0115","Barley","2013","2013","t","9174417","A","Official value",""
"QCL","Crops and livestock products","036","Australia","5312","Area harvested","0115","Barley","2014","2014","ha","4078041","A","Official value",""
"QCL","Crops and livestock products","036","Australia","5412","Yield","0115","Barley","2014","2014","kg/ha","2120.2","A","Official value",""
"QCL","Crops and livestock products","036","Australia","5510","Production","0115","Barley","2014","2014","t","8646321","A","Official value",""
"QCL","Crops and livestock products","036","Australia","5312","Area harvested","0115","Barley","2015","2015","ha","4107648","A","Official value",""
"QCL","Crops and livestock products","036","Australia","5412","Yield","0115","Barley","2015","2015","kg/ha","2189.2","A","Official value",""
"QCL","Crops and livestock products","036","Australia","5510","Production","0115","Barley","2015","2015","t","8992274","A","Official value",""
"QCL","Crops and livestock products","036","Australia","5312","Area harvested","0115","Barley","2016","2016","ha","4834102","A","Official value",""
"QCL","Crops and livestock products","036","Australia","5412","Yield","0115","Barley","2016","2016","kg/ha","2793.9","A","Official value",""
"QCL","Crops and livestock products","036","Australia","5510","Production","0115","Barley","2016","2016","t","13505990","A","Official value",""
"QCL","Crops and livestock products","036","Australia","5312","Area harvested","0115","Barley","2017","2017","ha","4124158","A","Official value",""
"QCL","Crops and livestock products","036","Australia","5412","Yield","0115","Barley","2017","2017","kg/ha","2243.8","A","Official value",""
"QCL","Crops and livestock products","036","Australia","5510","Production","0115","Barley","2017","2017","t","9253852","A","Official value",""
"QCL","Crops and livestock products","036","Australia","5312","Area harvested","0115","Barley","2018","2018","ha","4436588","A","Official value",""
"QCL","Crops and livestock products","036","Australia","5412","Yield","0115","Barley","2018","2018","kg/ha","1987.8","A","Official value",""
"QCL","Crops and livestock products","036","Australia","5510","Production","0115","Barley","2018","2018","t","8818946.12","A","Official value",""
"QCL","Crops and livestock products","036","Australia","5312","Area harvested","0115","Barley","2019","2019","ha","5040903","A","Official value",""
"QCL","Crops and livestock products","036","Australia","5412","Yield","0115","Barley","2019","2019","kg/ha","2009","A","Official value",""
"QCL","Crops and livestock products","036","Australia","5510","Production","0115","Barley","2019","2019","t","10127175.29","A","Official value",""
"QCL","Crops and livestock products","036","Australia","5312","Area harvested","0115","Barley","2020","2020","ha","5491009","A","Official value",""
"QCL","Crops and livestock products","036","Australia","5412","Yield","0115","Barley","2020","2020","kg/ha","2667.7","A","Official value",""
"QCL","Crops and livestock products","036","Australia","5510","Production","0115","Barley","2020","2020","t","14648580.55","A","Official value",""
"QCL","Crops and livestock products","036","Australia","5312","Area harvested","0115","Barley","2021","2021","ha","5094527","A","Official value",""
"QCL","Crops and livestock products","036","Australia","5412","Yield","0115","Barley","2021","2021","kg/ha","2822.1","A","Official value",""
"QCL","Crops and livestock products","036","Australia","5510","Production","0115","Barley","2021","2021","t","14377284.33","A","Official value",""
"QCL","Crops and livestock products","036","Australia","5312","Area harvested","0115","Barley","2022","2022","ha","3807695","A","Official value",""
"QCL","Crops and livestock products","036","Australia","5412","Yield","0115","Barley","2022","2022","kg/ha","3543.2","A","Official value",""
"QCL","Crops and livestock products","036","Australia","5510","Production","0115","Barley","2022","2022","t","13491375","A","Official value",""
"QCL","Crops and livestock products","036","Australia","5312","Area harvested","0115","Barley","2023","2023","ha","4001070","A","Official value",""
"QCL","Crops and livestock products","036","Australia","5412","Yield","0115","Barley","2023","2023","kg/ha","2739.7","A","Official value",""
"QCL","Crops and livestock products","036","Australia","5510","Production","0115","Barley","2023","2023","t","10961886","A","Official value",""
"QCL","Crops and livestock products","036","Australia","5312","Area harvested","0115","Barley","2024","2024","ha","4621000","A","Official value",""
"QCL","Crops and livestock products","036","Australia","5412","Yield","0115","Barley","2024","2024","kg/ha","2870.6","A","Official value",""
"QCL","Crops and livestock products","036","Australia","5510","Production","0115","Barley","2024","2024","t","13265000","A","Official value",""
"QCL","Crops and livestock products","036","Australia","5312","Area harvested","0117","Oats","1961","1961","ha","1253152","A","Official value",""
"QCL","Crops and livestock products","036","Australia","5412","Yield","0117","Oats","1961","1961","kg/ha","798.2","A","Official value",""
"QCL","Crops and livestock products","036","Australia","5510","Production","0117","Oats","1961","1961","t","1000270","A","Official value",""
"QCL","Crops and livestock products","036","Australia","5312","Area harvested","0117","Oats","1962","1962","ha","1332253","A","Official value",""
"QCL","Crops and livestock products","036","Australia","5412","Yield","0117","Oats","1962","1962","kg/ha","937.1","A","Official value",""
"QCL","Crops and livestock products","036","Australia","5510","Production","0117","Oats","1962","1962","t","1248466","A","Official value",""
"QCL","Crops and livestock products","036","Australia","5312","Area harvested","0117","Oats","1963","1963","ha","1372740","A","Official value",""
"QCL","Crops and livestock products","036","Australia","5412","Yield","0117","Oats","1963","1963","kg/ha","901.9","A","Official value",""
"QCL","Crops and livestock products","036","Australia","5510","Production","0117","Oats","1963","1963","t","1238042","A","Official value",""
"QCL","Crops and livestock products","036","Australia","5312","Area harvested","0117","Oats","1964","1964","ha","1415258","A","Official value",""
"QCL","Crops and livestock products","036","Australia","5412","Yield","0117","Oats","1964","1964","kg/ha","898","A","Official value",""
"QCL","Crops and livestock products","036","Australia","5510","Production","0117","Oats","1964","1964","t","1270860","A","Official value",""
"QCL","Crops and livestock products","036","Australia","5312","Area harvested","0117","Oats","1965","1965","ha","1524736","A","Official value",""
"QCL","Crops and livestock products","036","Australia","5412","Yield","0117","Oats","1965","1965","kg/ha","722.8","A","Official value",""
"QCL","Crops and livestock products","036","Australia","5510","Production","0117","Oats","1965","1965","t","1102057","A","Official value",""
"QCL","Crops and livestock products","036","Australia","5312","Area harvested","0117","Oats","1966","1966","ha","1723262","A","Official value",""
"QCL","Crops and livestock products","036","Australia","5412","Yield","0117","Oats","1966","1966","kg/ha","1127.7","A","Official value",""
"QCL","Crops and livestock products","036","Australia","5510","Production","0117","Oats","1966","1966","t","1943328","A","Official value",""
"QCL","Crops and livestock products","036","Australia","5312","Area harvested","0117","Oats","1967","1967","ha","1367773","A","Official value",""
"QCL","Crops and livestock products","036","Australia","5412","Yield","0117","Oats","1967","1967","kg/ha","525.7","A","Official value",""
"QCL","Crops and livestock products","036","Australia","5510","Production","0117","Oats","1967","1967","t","719012","A","Official value",""
"QCL","Crops and livestock products","036","Australia","5312","Area harvested","0117","Oats","1968","1968","ha","1566855","A","Official value",""
"QCL","Crops and livestock products","036","Australia","5412","Yield","0117","Oats","1968","1968","kg/ha","1091.4","A","Official value",""
"QCL","Crops and livestock products","036","Australia","5510","Production","0117","Oats","1968","1968","t","1710072","A","Official value",""
"QCL","Crops and livestock products","036","Australia","5312","Area harvested","0117","Oats","1969","1969","ha","1374347","A","Official value",""
"QCL","Crops and livestock products","036","Australia","5412","Yield","0117","Oats","1969","1969","kg/ha","907","A","Official value",""
"QCL","Crops and livestock products","036","Australia","5510","Production","0117","Oats","1969","1969","t","1246493","A","Official value",""
"QCL","Crops and livestock products","036","Australia","5312","Area harvested","0117","Oats","1970","1970","ha","1553169","A","Official value",""
"QCL","Crops and livestock products","036","Australia","5412","Yield","0117","Oats","1970","1970","kg/ha","1038.5","A","Official value",""
"QCL","Crops and livestock products","036","Australia","5510","Production","0117","Oats","1970","1970","t","1613002","A","Official value",""
"QCL","Crops and livestock products","036","Australia","5312","Area harvested","0117","Oats","1971","1971","ha","1240586","A","Official value",""
"QCL","Crops and livestock products","036","Australia","5412","Yield","0117","Oats","1971","1971","kg/ha","1027.7","A","Official value",""
"QCL","Crops and livestock products","036","Australia","5510","Production","0117","Oats","1971","1971","t","1275000","A","Official value",""
"QCL","Crops and livestock products","036","Australia","5312","Area harvested","0117","Oats","1972","1972","ha","995000","A","Official value",""
"QCL","Crops and livestock products","036","Australia","5412","Yield","0117","Oats","1972","1972","kg/ha","739.7","A","Official value",""
"QCL","Crops and livestock products","036","Australia","5510","Production","0117","Oats","1972","1972","t","736000","A","Official value",""
"QCL","Crops and livestock products","036","Australia","5312","Area harvested","0117","Oats","1973","1973","ha","1182180","A","Official value",""
"QCL","Crops and livestock products","036","Australia","5412","Yield","0117","Oats","1973","1973","kg/ha","936.4","A","Official value",""
"QCL","Crops and livestock products","036","Australia","5510","Production","0117","Oats","1973","1973","t","1107000","A","Official value",""
"QCL","Crops and livestock products","036","Australia","5312","Area harvested","0117","Oats","1974","1974","ha","896533","A","Official value",""
"QCL","Crops and livestock products","036","Australia","5412","Yield","0117","Oats","1974","1974","kg/ha","974.9","A","Official value",""
"QCL","Crops and livestock products","036","Australia","5510","Production","0117","Oats","1974","1974","t","874000","A","Official value",""
"QCL","Crops and livestock products","036","Australia","5312","Area harvested","0117","Oats","1975","1975","ha","988000","A","Official value",""
"QCL","Crops and livestock products","036","Australia","5412","Yield","0117","Oats","1975","1975","kg/ha","1154.9","A","Official value",""
"QCL","Crops and livestock products","036","Australia","5510","Production","0117","Oats","1975","1975","t","1141000","A","Official value",""
"QCL","Crops and livestock products","036","Australia","5312","Area harvested","0117","Oats","1976","1976","ha","995389","A","Official value",""
"QCL","Crops and livestock products","036","Australia","5412","Yield","0117","Oats","1976","1976","kg/ha","1076.8","A","Official value",""
"QCL","Crops and livestock products","036","Australia","5510","Production","0117","Oats","1976","1976","t","1071845","A","Official value",""
"QCL","Crops and livestock products","036","Australia","5312","Area harvested","0117","Oats","1977","1977","ha","1075994","A","Official value",""
"QCL","Crops and livestock products","036","Australia","5412","Yield","0117","Oats","1977","1977","kg/ha","920.5","A","Official value",""
"QCL","Crops and livestock products","036","Australia","5510","Production","0117","Oats","1977","1977","t","990467","A","Official value",""
"QCL","Crops and livestock products","036","Australia","5312","Area harvested","0117","Oats","1978","1978","ha","1359101","A","Official value",""
"QCL","Crops and livestock products","036","Australia","5412","Yield","0117","Oats","1978","1978","kg/ha","1297.4","A","Official value",""
"QCL","Crops and livestock products","036","Australia","5510","Production","0117","Oats","1978","1978","t","1763297","A","Official value",""
"QCL","Crops and livestock products","036","Australia","5312","Area harvested","0117","Oats","1979","1979","ha","1123122","A","Official value",""
"QCL","Crops and livestock products","036","Australia","5412","Yield","0117","Oats","1979","1979","kg/ha","1256.4","A","Official value",""
"QCL","Crops and livestock products","036","Australia","5510","Production","0117","Oats","1979","1979","t","1411075","A","Official value",""
"QCL","Crops and livestock products","036","Australia","5312","Area harvested","0117","Oats","1980","1980","ha","1092557","A","Official value",""
"QCL","Crops and livestock products","036","Australia","5412","Yield","0117","Oats","1980","1980","kg/ha","1032.7","A","Official value",""
"QCL","Crops and livestock products","036","Australia","5510","Production","0117","Oats","1980","1980","t","1128315","A","Official value",""
"QCL","Crops and livestock products","036","Australia","5312","Area harvested","0117","Oats","1981","1981","ha","1388000","A","Official value",""
"QCL","Crops and livestock products","036","Australia","5412","Yield","0117","Oats","1981","1981","kg/ha","1165.1","A","Official value",""
"QCL","Crops and livestock products","036","Australia","5510","Production","0117","Oats","1981","1981","t","1617163","A","Official value",""
"QCL","Crops and livestock products","036","Australia","5312","Area harvested","0117","Oats","1982","1982","ha","1212000","A","Official value",""
"QCL","Crops and livestock products","036","Australia","5412","Yield","0117","Oats","1982","1982","kg/ha","699.7","A","Official value",""
"QCL","Crops and livestock products","036","Australia","5510","Production","0117","Oats","1982","1982","t","848000","A","Official value",""
"QCL","Crops and livestock products","036","Australia","5312","Area harvested","0117","Oats","1983","1983","ha","1771847","A","Official value",""
"QCL","Crops and livestock products","036","Australia","5412","Yield","0117","Oats","1983","1983","kg/ha","1295.7","A","Official value",""
"QCL","Crops and livestock products","036","Australia","5510","Production","0117","Oats","1983","1983","t","2295787","A","Official value",""
"QCL","Crops and livestock products","036","Australia","5312","Area harvested","0117","Oats","1984","1984","ha","1041000","A","Official value",""
"QCL","Crops and livestock products","036","Australia","5412","Yield","0117","Oats","1984","1984","kg/ha","1313.6","A","Official value",""
"QCL","Crops and livestock products","036","Australia","5510","Production","0117","Oats","1984","1984","t","1367428","A","Official value",""
"QCL","Crops and livestock products","036","Australia","5312","Area harvested","0117","Oats","1985","1985","ha","1068436","A","Official value",""
"QCL","Crops and livestock products","036","Australia","5412","Yield","0117","Oats","1985","1985","kg/ha","1244.5","A","Official value",""
"QCL","Crops and livestock products","036","Australia","5510","Production","0117","Oats","1985","1985","t","1329678","A","Official value",""
"QCL","Crops and livestock products","036","Australia","5312","Area harvested","0117","Oats","1986","1986","ha","1169000","A","Official value",""
"QCL","Crops and livestock products","036","Australia","5412","Yield","0117","Oats","1986","1986","kg/ha","1384.9","A","Official value",""
"QCL","Crops and livestock products","036","Australia","5510","Production","0117","Oats","1986","1986","t","1619000","A","Official value",""
"QCL","Crops and livestock products","036","Australia","5312","Area harvested","0117","Oats","1987","1987","ha","1302000","A","Official value",""
"QCL","Crops and livestock products","036","Australia","5412","Yield","0117","Oats","1987","1987","kg/ha","1331","A","Official value",""
"QCL","Crops and livestock products","036","Australia","5510","Production","0117","Oats","1987","1987","t","1733000","A","Official value",""
"QCL","Crops and livestock products","036","Australia","5312","Area harvested","0117","Oats","1988","1988","ha","1309474","A","Official value",""
"QCL","Crops and livestock products","036","Australia","5412","Yield","0117","Oats","1988","1988","kg/ha","1403.7","A","Official value",""
"QCL","Crops and livestock products","036","Australia","5510","Production","0117","Oats","1988","1988","t","1838143","A","Official value",""
"QCL","Crops and livestock products","036","Australia","5312","Area harvested","0117","Oats","1989","1989","ha","1088749","A","Official value",""
"QCL","Crops and livestock products","036","Australia","5412","Yield","0117","Oats","1989","1989","kg/ha","1506.7","A","Official value",""
"QCL","Crops and livestock products","036","Australia","5510","Production","0117","Oats","1989","1989","t","1640404","A","Official value",""
"QCL","Crops and livestock products","036","Australia","5312","Area harvested","0117","Oats","1990","1990","ha","1043608","A","Official value",""
"QCL","Crops and livestock products","036","Australia","5412","Yield","0117","Oats","1990","1990","kg/ha","1465.9","A","Official value",""
"QCL","Crops and livestock products","036","Australia","5510","Production","0117","Oats","1990","1990","t","1529841","A","Official value",""
"QCL","Crops and livestock products","036","Australia","5312","Area harvested","0117","Oats","1991","1991","ha","1160000","A","Official value",""
"QCL","Crops and livestock products","036","Australia","5412","Yield","0117","Oats","1991","1991","kg/ha","1456.7","A","Official value",""
"QCL","Crops and livestock products","036","Australia","5510","Production","0117","Oats","1991","1991","t","1689829","A","Official value",""
"QCL","Crops and livestock products","036","Australia","5312","Area harvested","0117","Oats","1992","1992","ha","1149140","A","Official value",""
"QCL","Crops and livestock products","036","Australia","5412","Yield","0117","Oats","1992","1992","kg/ha","1685.3","A","Official value",""
"QCL","Crops and livestock products","036","Australia","5510","Production","0117","Oats","1992","1992","t","1936590","A","Official value",""
"QCL","Crops and livestock products","036","Australia","5312","Area harvested","0117","Oats","1993","1993","ha","947000","A","Official value",""
"QCL","Crops and livestock products","036","Australia","5412","Yield","0117","Oats","1993","1993","kg/ha","1739.2","A","Official value",""
"QCL","Crops and livestock products","036","Australia","5510","Production","0117","Oats","1993","1993","t","1647000","A","Official value",""
"QCL","Crops and livestock products","036","Australia","5312","Area harvested","0117","Oats","1994","1994","ha","897000","A","Official value",""
"QCL","Crops and livestock products","036","Australia","5412","Yield","0117","Oats","1994","1994","kg/ha","1030.1","A","Official value",""
"QCL","Crops and livestock products","036","Australia","5510","Production","0117","Oats","1994","1994","t","924000","A","Official value",""
"QCL","Crops and livestock products","036","Australia","5312","Area harvested","0117","Oats","1995","1995","ha","1136000","A","Official value",""
"QCL","Crops and livestock products","036","Australia","5412","Yield","0117","Oats","1995","1995","kg/ha","1650.5","A","Official value",""
"QCL","Crops and livestock products","036","Australia","5510","Production","0117","Oats","1995","1995","t","1875000","A","Official value",""
"QCL","Crops and livestock products","036","Australia","5312","Area harvested","0117","Oats","1996","1996","ha","1052000","A","Official value",""
"QCL","Crops and livestock products","036","Australia","5412","Yield","0117","Oats","1996","1996","kg/ha","1571.3","A","Official value",""
"QCL","Crops and livestock products","036","Australia","5510","Production","0117","Oats","1996","1996","t","1653000","A","Official value",""
"QCL","Crops and livestock products","036","Australia","5312","Area harvested","0117","Oats","1997","1997","ha","937000","A","Official value",""
"QCL","Crops and livestock products","036","Australia","5412","Yield","0117","Oats","1997","1997","kg/ha","1743.9","A","Official value",""
"QCL","Crops and livestock products","036","Australia","5510","Production","0117","Oats","1997","1997","t","1634000","A","Official value",""
"QCL","Crops and livestock products","036","Australia","5312","Area harvested","0117","Oats","1998","1998","ha","909000","A","Official value",""
"QCL","Crops and livestock products","036","Australia","5412","Yield","0117","Oats","1998","1998","kg/ha","1978","A","Official value",""
"QCL","Crops and livestock products","036","Australia","5510","Production","0117","Oats","1998","1998","t","1798000","A","Official value",""
"QCL","Crops and livestock products","036","Australia","5312","Area harvested","0117","Oats","1999","1999","ha","584000","A","Official value",""
"QCL","Crops and livestock products","036","Australia","5412","Yield","0117","Oats","1999","1999","kg/ha","1914.4","A","Official value",""
"QCL","Crops and livestock products","036","Australia","5510","Production","0117","Oats","1999","1999","t","1118000","A","Official value",""
"QCL","Crops and livestock products","036","Australia","5312","Area harvested","0117","Oats","2000","2000","ha","650488","A","Official value",""
"QCL","Crops and livestock products","036","Australia","5412","Yield","0117","Oats","2000","2000","kg/ha","1613.9","A","Official value",""
"QCL","Crops and livestock products","036","Australia","5510","Production","0117","Oats","2000","2000","t","1049826","A","Official value",""
"QCL","Crops and livestock products","036","Australia","5312","Area harvested","0117","Oats","2001","2001","ha","784081","A","Official value",""
"QCL","Crops and livestock products","036","Australia","5412","Yield","0117","Oats","2001","2001","kg/ha","1828.4","A","Official value",""
"QCL","Crops and livestock products","036","Australia","5510","Production","0117","Oats","2001","2001","t","1433651","A","Official value",""
"QCL","Crops and livestock products","036","Australia","5312","Area harvested","0117","Oats","2002","2002","ha","911464","A","Official value",""
"QCL","Crops and livestock products","036","Australia","5412","Yield","0117","Oats","2002","2002","kg/ha","1050.1","A","Official value",""
"QCL","Crops and livestock products","036","Australia","5510","Production","0117","Oats","2002","2002","t","957104","A","Official value",""
"QCL","Crops and livestock products","036","Australia","5312","Area harvested","0117","Oats","2003","2003","ha","1089303","A","Official value",""
"QCL","Crops and livestock products","036","Australia","5412","Yield","0117","Oats","2003","2003","kg/ha","1852.7","A","Official value",""
"QCL","Crops and livestock products","036","Australia","5510","Production","0117","Oats","2003","2003","t","2018103","A","Official value",""
"QCL","Crops and livestock products","036","Australia","5312","Area harvested","0117","Oats","2004","2004","ha","893644","A","Official value",""
"QCL","Crops and livestock products","036","Australia","5412","Yield","0117","Oats","2004","2004","kg/ha","1435.2","A","Official value",""
"QCL","Crops and livestock products","036","Australia","5510","Production","0117","Oats","2004","2004","t","1282537","A","Official value",""
"QCL","Crops and livestock products","036","Australia","5312","Area harvested","0117","Oats","2005","2005","ha","930331","A","Official value",""
"QCL","Crops and livestock products","036","Australia","5412","Yield","0117","Oats","2005","2005","kg/ha","1814.5","A","Official value",""
"QCL","Crops and livestock products","036","Australia","5510","Production","0117","Oats","2005","2005","t","1688047","A","Official value",""
"QCL","Crops and livestock products","036","Australia","5312","Area harvested","0117","Oats","2006","2006","ha","1002685","A","Official value",""
"QCL","Crops and livestock products","036","Australia","5412","Yield","0117","Oats","2006","2006","kg/ha","746.3","A","Official value",""
"QCL","Crops and livestock products","036","Australia","5510","Production","0117","Oats","2006","2006","t","748303","A","Official value",""
"QCL","Crops and livestock products","036","Australia","5312","Area harvested","0117","Oats","2007","2007","ha","1237824","A","Official value",""
"QCL","Crops and livestock products","036","Australia","5412","Yield","0117","Oats","2007","2007","kg/ha","1213.7","A","Official value",""
"QCL","Crops and livestock products","036","Australia","5510","Production","0117","Oats","2007","2007","t","1502305","A","Official value",""
"QCL","Crops and livestock products","036","Australia","5312","Area harvested","0117","Oats","2008","2008","ha","870328","A","Official value",""
"QCL","Crops and livestock products","036","Australia","5412","Yield","0117","Oats","2008","2008","kg/ha","1332.9","A","Official value",""
"QCL","Crops and livestock products","036","Australia","5510","Production","0117","Oats","2008","2008","t","1160028","A","Official value",""
"QCL","Crops and livestock products","036","Australia","5312","Area harvested","0117","Oats","2009","2009","ha","850077","A","Official value",""
"QCL","Crops and livestock products","036","Australia","5412","Yield","0117","Oats","2009","2009","kg/ha","1366.5","A","Official value",""
"QCL","Crops and livestock products","036","Australia","5510","Production","0117","Oats","2009","2009","t","1161606","A","Official value",""
"QCL","Crops and livestock products","036","Australia","5312","Area harvested","0117","Oats","2010","2010","ha","826031","A","Official value",""
"QCL","Crops and livestock products","036","Australia","5412","Yield","0117","Oats","2010","2010","kg/ha","1365.2","A","Official value",""
"QCL","Crops and livestock products","036","Australia","5510","Production","0117","Oats","2010","2010","t","1127683","A","Official value",""
"QCL","Crops and livestock products","036","Australia","5312","Area harvested","0117","Oats","2011","2011","ha","731144","A","Official value",""
"QCL","Crops and livestock products","036","Australia","5412","Yield","0117","Oats","2011","2011","kg/ha","1726.1","A","Official value",""
"QCL","Crops and livestock products","036","Australia","5510","Production","0117","Oats","2011","2011","t","1262032","A","Official value",""
"QCL","Crops and livestock products","036","Australia","5312","Area harvested","0117","Oats","2012","2012","ha","728575","A","Official value",""
"QCL","Crops and livestock products","036","Australia","5412","Yield","0117","Oats","2012","2012","kg/ha","1538.8","A","Official value",""
"QCL","Crops and livestock products","036","Australia","5510","Production","0117","Oats","2012","2012","t","1121135","A","Official value",""
"QCL","Crops and livestock products","036","Australia","5312","Area harvested","0117","Oats","2013","2013","ha","714699","A","Official value",""
"QCL","Crops and livestock products","036","Australia","5412","Yield","0117","Oats","2013","2013","kg/ha","1755.5","A","Official value",""
"QCL","Crops and livestock products","036","Australia","5510","Production","0117","Oats","2013","2013","t","1254659","A","Official value",""
"QCL","Crops and livestock products","036","Australia","5312","Area harvested","0117","Oats","2014","2014","ha","854417","A","Official value",""
"QCL","Crops and livestock products","036","Australia","5412","Yield","0117","Oats","2014","2014","kg/ha","1402.1","A","Official value",""
"QCL","Crops and livestock products","036","Australia","5510","Production","0117","Oats","2014","2014","t","1198006","A","Official value",""
"QCL","Crops and livestock products","036","Australia","5312","Area harvested","0117","Oats","2015","2015","ha","821498","A","Official value",""
"QCL","Crops and livestock products","036","Australia","5412","Yield","0117","Oats","2015","2015","kg/ha","1582.1","A","Official value",""
"QCL","Crops and livestock products","036","Australia","5510","Production","0117","Oats","2015","2015","t","1299680","A","Official value",""
"QCL","Crops and livestock products","036","Australia","5312","Area harvested","0117","Oats","2016","2016","ha","1027872","A","Official value",""
"QCL","Crops and livestock products","036","Australia","5412","Yield","0117","Oats","2016","2016","kg/ha","2204.1","A","Official value",""
"QCL","Crops and livestock products","036","Australia","5510","Production","0117","Oats","2016","2016","t","2265503.3","A","Official value",""
"QCL","Crops and livestock products","036","Australia","5312","Area harvested","0117","Oats","2017","2017","ha","874136","A","Official value",""
"QCL","Crops and livestock products","036","Australia","5412","Yield","0117","Oats","2017","2017","kg/ha","1404.6","A","Official value",""
"QCL","Crops and livestock products","036","Australia","5510","Production","0117","Oats","2017","2017","t","1227837","A","Official value",""
"QCL","Crops and livestock products","036","Australia","5312","Area harvested","0117","Oats","2018","2018","ha","938129","A","Official value",""
"QCL","Crops and livestock products","036","Australia","5412","Yield","0117","Oats","2018","2018","kg/ha","1209.4","A","Official value",""
"QCL","Crops and livestock products","036","Australia","5510","Production","0117","Oats","2018","2018","t","1134618.64","A","Official value",""
"QCL","Crops and livestock products","036","Australia","5312","Area harvested","0117","Oats","2019","2019","ha","815954","A","Official value",""
"QCL","Crops and livestock products","036","Australia","5412","Yield","0117","Oats","2019","2019","kg/ha","1400.7","A","Official value",""
"QCL","Crops and livestock products","036","Australia","5510","Production","0117","Oats","2019","2019","t","1142934.47","A","Official value",""
"QCL","Crops and livestock products","036","Australia","5312","Area harvested","0117","Oats","2020","2020","ha","1069891","A","Official value",""
"QCL","Crops and livestock products","036","Australia","5412","Yield","0117","Oats","2020","2020","kg/ha","1774","A","Official value",""
"QCL","Crops and livestock products","036","Australia","5510","Production","0117","Oats","2020","2020","t","1897989.62","A","Official value",""
"QCL","Crops and livestock products","036","Australia","5312","Area harvested","0117","Oats","2021","2021","ha","842394","A","Official value",""
"QCL","Crops and livestock products","036","Australia","5412","Yield","0117","Oats","2021","2021","kg/ha","2059.5","A","Official value",""
"QCL","Crops and livestock products","036","Australia","5510","Production","0117","Oats","2021","2021","t","1734873.71","A","Official value",""
"QCL","Crops and livestock products","036","Australia","5312","Area harvested","0117","Oats","2022","2022","ha","569082","A","Official value",""
"QCL","Crops and livestock products","036","Australia","5412","Yield","0117","Oats","2022","2022","kg/ha","1686.6","A","Official value",""
"QCL","Crops and livestock products","036","Australia","5510","Production","0117","Oats","2022","2022","t","959829","A","Official value",""
"QCL","Crops and livestock products","036","Australia","5312","Area harvested","0117","Oats","2023","2023","ha","541563","A","Official value",""
"QCL","Crops and livestock products","036","Australia","5412","Yield","0117","Oats","2023","2023","kg/ha","1361.1","A","Official value",""
"QCL","Crops and livestock products","036","Australia","5510","Production","0117","Oats","2023","2023","t","737119","A","Official value",""
"QCL","Crops and livestock products","036","Australia","5312","Area harvested","0117","Oats","2024","2024","ha","742000","A","Official value",""
"QCL","Crops and livestock products","036","Australia","5412","Yield","0117","Oats","2024","2024","kg/ha","1772.2","A","Official value",""
"QCL","Crops and livestock products","036","Australia","5510","Production","0117","Oats","2024","2024","t","1315000","A","Official value",""
"QCL","Crops and livestock products","036","Australia","5312","Area harvested","0114","Sorghum","1961","1961","ha","103238","A","Official value",""
"QCL","Crops and livestock products","036","Australia","5412","Yield","0114","Sorghum","1961","1961","kg/ha","1580.7","A","Official value",""
"QCL","Crops and livestock products","036","Australia","5510","Production","0114","Sorghum","1961","1961","t","163187","A","Official value",""
"QCL","Crops and livestock products","036","Australia","5312","Area harvested","0114","Sorghum","1962","1962","ha","146764","A","Official value",""
"QCL","Crops and livestock products","036","Australia","5412","Yield","0114","Sorghum","1962","1962","kg/ha","1735.8","A","Official value",""
"QCL","Crops and livestock products","036","Australia","5510","Production","0114","Sorghum","1962","1962","t","254759","A","Official value",""
"QCL","Crops and livestock products","036","Australia","5312","Area harvested","0114","Sorghum","1963","1963","ha","158365","A","Official value",""
"QCL","Crops and livestock products","036","Australia","5412","Yield","0114","Sorghum","1963","1963","kg/ha","1761.8","A","Official value",""
"QCL","Crops and livestock products","036","Australia","5510","Production","0114","Sorghum","1963","1963","t","279008","A","Official value",""
"QCL","Crops and livestock products","036","Australia","5312","Area harvested","0114","Sorghum","1964","1964","ha","147994","A","Official value",""
"QCL","Crops and livestock products","036","Australia","5412","Yield","0114","Sorghum","1964","1964","kg/ha","1450.7","A","Official value",""
"QCL","Crops and livestock products","036","Australia","5510","Production","0114","Sorghum","1964","1964","t","214699","A","Official value",""
"QCL","Crops and livestock products","036","Australia","5312","Area harvested","0114","Sorghum","1965","1965","ha","139913","A","Official value",""
"QCL","Crops and livestock products","036","Australia","5412","Yield","0114","Sorghum","1965","1965","kg/ha","1393.5","A","Official value",""
"QCL","Crops and livestock products","036","Australia","5510","Production","0114","Sorghum","1965","1965","t","194968","A","Official value",""
"QCL","Crops and livestock products","036","Australia","5312","Area harvested","0114","Sorghum","1966","1966","ha","175403","A","Official value",""
"QCL","Crops and livestock products","036","Australia","5412","Yield","0114","Sorghum","1966","1966","kg/ha","1109.2","A","Official value",""
"QCL","Crops and livestock products","036","Australia","5510","Production","0114","Sorghum","1966","1966","t","194564","A","Official value",""
"QCL","Crops and livestock products","036","Australia","5312","Area harvested","0114","Sorghum","1967","1967","ha","203296","A","Official value",""
"QCL","Crops and livestock products","036","Australia","5412","Yield","0114","Sorghum","1967","1967","kg/ha","1568","A","Official value",""
"QCL","Crops and livestock products","036","Australia","5510","Production","0114","Sorghum","1967","1967","t","318769","A","Official value",""
"QCL","Crops and livestock products","036","Australia","5312","Area harvested","0114","Sorghum","1968","1968","ha","186900","A","Official value",""
"QCL","Crops and livestock products","036","Australia","5412","Yield","0114","Sorghum","1968","1968","kg/ha","1540.9","A","Official value",""
"QCL","Crops and livestock products","036","Australia","5510","Production","0114","Sorghum","1968","1968","t","287994","A","Official value",""
"QCL","Crops and livestock products","036","Australia","5312","Area harvested","0114","Sorghum","1969","1969","ha","209700","A","Official value",""
"QCL","Crops and livestock products","036","Australia","5412","Yield","0114","Sorghum","1969","1969","kg/ha","1404.2","A","Official value",""
"QCL","Crops and livestock products","036","Australia","5510","Production","0114","Sorghum","1969","1969","t","294466","A","Official value",""
"QCL","Crops and livestock products","036","Australia","5312","Area harvested","0114","Sorghum","1970","1970","ha","358746","A","Official value",""
"QCL","Crops and livestock products","036","Australia","5412","Yield","0114","Sorghum","1970","1970","kg/ha","1525.9","A","Official value",""
"QCL","Crops and livestock products","036","Australia","5510","Production","0114","Sorghum","1970","1970","t","547402","A","Official value",""
"QCL","Crops and livestock products","036","Australia","5312","Area harvested","0114","Sorghum","1971","1971","ha","552106","A","Official value",""
"QCL","Crops and livestock products","036","Australia","5412","Yield","0114","Sorghum","1971","1971","kg/ha","2351.3","A","Official value",""
"QCL","Crops and livestock products","036","Australia","5510","Production","0114","Sorghum","1971","1971","t","1298180","A","Official value",""
"QCL","Crops and livestock products","036","Australia","5312","Area harvested","0114","Sorghum","1972","1972","ha","638400","A","Official value",""
"QCL","Crops and livestock products","036","Australia","5412","Yield","0114","Sorghum","1972","1972","kg/ha","1923.6","A","Official value",""
"QCL","Crops and livestock products","036","Australia","5510","Production","0114","Sorghum","1972","1972","t","1228000","A","Official value",""
"QCL","Crops and livestock products","036","Australia","5312","Area harvested","0114","Sorghum","1973","1973","ha","697162","A","Official value",""
"QCL","Crops and livestock products","036","Australia","5412","Yield","0114","Sorghum","1973","1973","kg/ha","1460.2","A","Official value",""
"QCL","Crops and livestock products","036","Australia","5510","Production","0114","Sorghum","1973","1973","t","1018000","A","Official value",""
"QCL","Crops and livestock products","036","Australia","5312","Area harvested","0114","Sorghum","1974","1974","ha","539671","A","Official value",""
"QCL","Crops and livestock products","036","Australia","5412","Yield","0114","Sorghum","1974","1974","kg/ha","1966","A","Official value",""
"QCL","Crops and livestock products","036","Australia","5510","Production","0114","Sorghum","1974","1974","t","1061000","A","Official value",""
"QCL","Crops and livestock products","036","Australia","5312","Area harvested","0114","Sorghum","1975","1975","ha","511089","A","Official value",""
"QCL","Crops and livestock products","036","Australia","5412","Yield","0114","Sorghum","1975","1975","kg/ha","1762.9","A","Official value",""
"QCL","Crops and livestock products","036","Australia","5510","Production","0114","Sorghum","1975","1975","t","901000","A","Official value",""
"QCL","Crops and livestock products","036","Australia","5312","Area harvested","0114","Sorghum","1976","1976","ha","504000","A","Official value",""
"QCL","Crops and livestock products","036","Australia","5412","Yield","0114","Sorghum","1976","1976","kg/ha","2230.2","A","Official value",""
"QCL","Crops and livestock products","036","Australia","5510","Production","0114","Sorghum","1976","1976","t","1124000","A","Official value",""
"QCL","Crops and livestock products","036","Australia","5312","Area harvested","0114","Sorghum","1977","1977","ha","532073","A","Official value",""
"QCL","Crops and livestock products","036","Australia","5412","Yield","0114","Sorghum","1977","1977","kg/ha","1796.8","A","Official value",""
"QCL","Crops and livestock products","036","Australia","5510","Production","0114","Sorghum","1977","1977","t","956046","A","Official value",""
"QCL","Crops and livestock products","036","Australia","5312","Area harvested","0114","Sorghum","1978","1978","ha","394100","A","Official value",""
"QCL","Crops and livestock products","036","Australia","5412","Yield","0114","Sorghum","1978","1978","kg/ha","1812.7","A","Official value",""
"QCL","Crops and livestock products","036","Australia","5510","Production","0114","Sorghum","1978","1978","t","714376","A","Official value",""
"QCL","Crops and livestock products","036","Australia","5312","Area harvested","0114","Sorghum","1979","1979","ha","468749","A","Official value",""
"QCL","Crops and livestock products","036","Australia","5412","Yield","0114","Sorghum","1979","1979","kg/ha","2400.5","A","Official value",""
"QCL","Crops and livestock products","036","Australia","5510","Production","0114","Sorghum","1979","1979","t","1125223","A","Official value",""
"QCL","Crops and livestock products","036","Australia","5312","Area harvested","0114","Sorghum","1980","1980","ha","518605","A","Official value",""
"QCL","Crops and livestock products","036","Australia","5412","Yield","0114","Sorghum","1980","1980","kg/ha","1777.9","A","Official value",""
"QCL","Crops and livestock products","036","Australia","5510","Production","0114","Sorghum","1980","1980","t","922038","A","Official value",""
"QCL","Crops and livestock products","036","Australia","5312","Area harvested","0114","Sorghum","1981","1981","ha","658000","A","Official value",""
"QCL","Crops and livestock products","036","Australia","5412","Yield","0114","Sorghum","1981","1981","kg/ha","1829.8","A","Official value",""
"QCL","Crops and livestock products","036","Australia","5510","Production","0114","Sorghum","1981","1981","t","1204000","A","Official value",""
"QCL","Crops and livestock products","036","Australia","5312","Area harvested","0114","Sorghum","1982","1982","ha","649000","A","Official value",""
"QCL","Crops and livestock products","036","Australia","5412","Yield","0114","Sorghum","1982","1982","kg/ha","2028.8","A","Official value",""
"QCL","Crops and livestock products","036","Australia","5510","Production","0114","Sorghum","1982","1982","t","1316700","A","Official value",""
"QCL","Crops and livestock products","036","Australia","5312","Area harvested","0114","Sorghum","1983","1983","ha","706527","A","Official value",""
"QCL","Crops and livestock products","036","Australia","5412","Yield","0114","Sorghum","1983","1983","kg/ha","1355.9","A","Official value",""
"QCL","Crops and livestock products","036","Australia","5510","Production","0114","Sorghum","1983","1983","t","958010","A","Official value",""
"QCL","Crops and livestock products","036","Australia","5312","Area harvested","0114","Sorghum","1984","1984","ha","730325","A","Official value",""
"QCL","Crops and livestock products","036","Australia","5412","Yield","0114","Sorghum","1984","1984","kg/ha","2581.7","A","Official value",""
"QCL","Crops and livestock products","036","Australia","5510","Production","0114","Sorghum","1984","1984","t","1885478","A","Official value",""
"QCL","Crops and livestock products","036","Australia","5312","Area harvested","0114","Sorghum","1985","1985","ha","723000","A","Official value",""
"QCL","Crops and livestock products","036","Australia","5412","Yield","0114","Sorghum","1985","1985","kg/ha","1893.5","A","Official value",""
"QCL","Crops and livestock products","036","Australia","5510","Production","0114","Sorghum","1985","1985","t","1368988","A","Official value",""
"QCL","Crops and livestock products","036","Australia","5312","Area harvested","0114","Sorghum","1986","1986","ha","734163","A","Official value",""
"QCL","Crops and livestock products","036","Australia","5412","Yield","0114","Sorghum","1986","1986","kg/ha","1928.3","A","Official value",""
"QCL","Crops and livestock products","036","Australia","5510","Production","0114","Sorghum","1986","1986","t","1415681","A","Official value",""
"QCL","Crops and livestock products","036","Australia","5312","Area harvested","0114","Sorghum","1987","1987","ha","818339","A","Official value",""
"QCL","Crops and livestock products","036","Australia","5412","Yield","0114","Sorghum","1987","1987","kg/ha","1734.4","A","Official value",""
"QCL","Crops and livestock products","036","Australia","5510","Production","0114","Sorghum","1987","1987","t","1419305","A","Official value",""
"QCL","Crops and livestock products","036","Australia","5312","Area harvested","0114","Sorghum","1988","1988","ha","744958","A","Official value",""
"QCL","Crops and livestock products","036","Australia","5412","Yield","0114","Sorghum","1988","1988","kg/ha","2191.6","A","Official value",""
"QCL","Crops and livestock products","036","Australia","5510","Production","0114","Sorghum","1988","1988","t","1632673","A","Official value",""
"QCL","Crops and livestock products","036","Australia","5312","Area harvested","0114","Sorghum","1989","1989","ha","624864","A","Official value",""
"QCL","Crops and livestock products","036","Australia","5412","Yield","0114","Sorghum","1989","1989","kg/ha","1990.4","A","Official value",""
"QCL","Crops and livestock products","036","Australia","5510","Production","0114","Sorghum","1989","1989","t","1243751","A","Official value",""
"QCL","Crops and livestock products","036","Australia","5312","Area harvested","0114","Sorghum","1990","1990","ha","380034","A","Official value",""
"QCL","Crops and livestock products","036","Australia","5412","Yield","0114","Sorghum","1990","1990","kg/ha","2488.3","A","Official value",""
"QCL","Crops and livestock products","036","Australia","5510","Production","0114","Sorghum","1990","1990","t","945653","A","Official value",""
"QCL","Crops and livestock products","036","Australia","5312","Area harvested","0114","Sorghum","1991","1991","ha","377801","A","Official value",""
"QCL","Crops and livestock products","036","Australia","5412","Yield","0114","Sorghum","1991","1991","kg/ha","1986.5","A","Official value",""
"QCL","Crops and livestock products","036","Australia","5510","Production","0114","Sorghum","1991","1991","t","750512","A","Official value",""
"QCL","Crops and livestock products","036","Australia","5312","Area harvested","0114","Sorghum","1992","1992","ha","569137","A","Official value",""
"QCL","Crops and livestock products","036","Australia","5412","Yield","0114","Sorghum","1992","1992","kg/ha","2543.1","A","Official value",""
"QCL","Crops and livestock products","036","Australia","5510","Production","0114","Sorghum","1992","1992","t","1447380","A","Official value",""
"QCL","Crops and livestock products","036","Australia","5312","Area harvested","0114","Sorghum","1993","1993","ha","427000","A","Official value",""
"QCL","Crops and livestock products","036","Australia","5412","Yield","0114","Sorghum","1993","1993","kg/ha","1283.4","A","Official value",""
"QCL","Crops and livestock products","036","Australia","5510","Production","0114","Sorghum","1993","1993","t","548016","A","Official value",""
"QCL","Crops and livestock products","036","Australia","5312","Area harvested","0114","Sorghum","1994","1994","ha","499461","A","Official value",""
"QCL","Crops and livestock products","036","Australia","5412","Yield","0114","Sorghum","1994","1994","kg/ha","2169.7","A","Official value",""
"QCL","Crops and livestock products","036","Australia","5510","Production","0114","Sorghum","1994","1994","t","1083700","A","Official value",""
"QCL","Crops and livestock products","036","Australia","5312","Area harvested","0114","Sorghum","1995","1995","ha","686246","A","Official value",""
"QCL","Crops and livestock products","036","Australia","5412","Yield","0114","Sorghum","1995","1995","kg/ha","1855.5","A","Official value",""
"QCL","Crops and livestock products","036","Australia","5510","Production","0114","Sorghum","1995","1995","t","1273300","A","Official value",""
"QCL","Crops and livestock products","036","Australia","5312","Area harvested","0114","Sorghum","1996","1996","ha","769928","A","Official value",""
"QCL","Crops and livestock products","036","Australia","5412","Yield","0114","Sorghum","1996","1996","kg/ha","2067.7","A","Official value",""
"QCL","Crops and livestock products","036","Australia","5510","Production","0114","Sorghum","1996","1996","t","1591970","A","Official value",""
"QCL","Crops and livestock products","036","Australia","5312","Area harvested","0114","Sorghum","1997","1997","ha","544000","A","Official value",""
"QCL","Crops and livestock products","036","Australia","5412","Yield","0114","Sorghum","1997","1997","kg/ha","2619.5","A","Official value",""
"QCL","Crops and livestock products","036","Australia","5510","Production","0114","Sorghum","1997","1997","t","1424990","A","Official value",""
"QCL","Crops and livestock products","036","Australia","5312","Area harvested","0114","Sorghum","1998","1998","ha","507000","A","Official value",""
"QCL","Crops and livestock products","036","Australia","5412","Yield","0114","Sorghum","1998","1998","kg/ha","2132.1","A","Official value",""
"QCL","Crops and livestock products","036","Australia","5510","Production","0114","Sorghum","1998","1998","t","1081000","A","Official value",""
"QCL","Crops and livestock products","036","Australia","5312","Area harvested","0114","Sorghum","1999","1999","ha","587000","A","Official value",""
"QCL","Crops and livestock products","036","Australia","5412","Yield","0114","Sorghum","1999","1999","kg/ha","3221.5","A","Official value",""
"QCL","Crops and livestock products","036","Australia","5510","Production","0114","Sorghum","1999","1999","t","1891000","A","Official value",""
"QCL","Crops and livestock products","036","Australia","5312","Area harvested","0114","Sorghum","2000","2000","ha","622267","A","Official value",""
"QCL","Crops and livestock products","036","Australia","5412","Yield","0114","Sorghum","2000","2000","kg/ha","3400.3","A","Official value",""
"QCL","Crops and livestock products","036","Australia","5510","Production","0114","Sorghum","2000","2000","t","2115912","A","Official value",""
"QCL","Crops and livestock products","036","Australia","5312","Area harvested","0114","Sorghum","2001","2001","ha","757727","A","Official value",""
"QCL","Crops and livestock products","036","Australia","5412","Yield","0114","Sorghum","2001","2001","kg/ha","2553.9","A","Official value",""
"QCL","Crops and livestock products","036","Australia","5510","Production","0114","Sorghum","2001","2001","t","1935140","A","Official value",""
"QCL","Crops and livestock products","036","Australia","5312","Area harvested","0114","Sorghum","2002","2002","ha","822771","A","Official value",""
"QCL","Crops and livestock products","036","Australia","5412","Yield","0114","Sorghum","2002","2002","kg/ha","2456.1","A","Official value",""
"QCL","Crops and livestock products","036","Australia","5510","Production","0114","Sorghum","2002","2002","t","2020844","A","Official value",""
"QCL","Crops and livestock products","036","Australia","5312","Area harvested","0114","Sorghum","2003","2003","ha","666721","A","Official value",""
"QCL","Crops and livestock products","036","Australia","5412","Yield","0114","Sorghum","2003","2003","kg/ha","2196.6","A","Official value",""
"QCL","Crops and livestock products","036","Australia","5510","Production","0114","Sorghum","2003","2003","t","1464510","A","Official value",""
"QCL","Crops and livestock products","036","Australia","5312","Area harvested","0114","Sorghum","2004","2004","ha","734234","A","Official value",""
"QCL","Crops and livestock products","036","Australia","5412","Yield","0114","Sorghum","2004","2004","kg/ha","2736.7","A","Official value",""
"QCL","Crops and livestock products","036","Australia","5510","Production","0114","Sorghum","2004","2004","t","2009373","A","Official value",""
"QCL","Crops and livestock products","036","Australia","5312","Area harvested","0114","Sorghum","2005","2005","ha","755029","A","Official value",""
"QCL","Crops and livestock products","036","Australia","5412","Yield","0114","Sorghum","2005","2005","kg/ha","2662.9","A","Official value",""
"QCL","Crops and livestock products","036","Australia","5510","Production","0114","Sorghum","2005","2005","t","2010574","A","Official value",""
"QCL","Crops and livestock products","036","Australia","5312","Area harvested","0114","Sorghum","2006","2006","ha","766680","A","Official value",""
"QCL","Crops and livestock products","036","Australia","5412","Yield","0114","Sorghum","2006","2006","kg/ha","2520.5","A","Official value",""
"QCL","Crops and livestock products","036","Australia","5510","Production","0114","Sorghum","2006","2006","t","1932447","A","Official value",""
"QCL","Crops and livestock products","036","Australia","5312","Area harvested","0114","Sorghum","2007","2007","ha","613341","A","Official value",""
"QCL","Crops and livestock products","036","Australia","5412","Yield","0114","Sorghum","2007","2007","kg/ha","2091.8","A","Official value",""
"QCL","Crops and livestock products","036","Australia","5510","Production","0114","Sorghum","2007","2007","t","1283009","A","Official value",""
"QCL","Crops and livestock products","036","Australia","5312","Area harvested","0114","Sorghum","2008","2008","ha","941550","A","Official value",""
"QCL","Crops and livestock products","036","Australia","5412","Yield","0114","Sorghum","2008","2008","kg/ha","4025.2","A","Official value",""
"QCL","Crops and livestock products","036","Australia","5510","Production","0114","Sorghum","2008","2008","t","3789931","A","Official value",""
"QCL","Crops and livestock products","036","Australia","5312","Area harvested","0114","Sorghum","2009","2009","ha","766986","A","Official value",""
"QCL","Crops and livestock products","036","Australia","5412","Yield","0114","Sorghum","2009","2009","kg/ha","3509.6","A","Official value",""
"QCL","Crops and livestock products","036","Australia","5510","Production","0114","Sorghum","2009","2009","t","2691789","A","Official value",""
"QCL","Crops and livestock products","036","Australia","5312","Area harvested","0114","Sorghum","2010","2010","ha","497909","A","Official value",""
"QCL","Crops and livestock products","036","Australia","5412","Yield","0114","Sorghum","2010","2010","kg/ha","3027.9","A","Official value",""
"QCL","Crops and livestock products","036","Australia","5510","Production","0114","Sorghum","2010","2010","t","1507635","A","Official value",""
"QCL","Crops and livestock products","036","Australia","5312","Area harvested","0114","Sorghum","2011","2011","ha","633071","A","Official value",""
"QCL","Crops and livestock products","036","Australia","5412","Yield","0114","Sorghum","2011","2011","kg/ha","3055.8","A","Official value",""
"QCL","Crops and livestock products","036","Australia","5510","Production","0114","Sorghum","2011","2011","t","1934510","A","Official value",""
"QCL","Crops and livestock products","036","Australia","5312","Area harvested","0114","Sorghum","2012","2012","ha","659279","A","Official value",""
"QCL","Crops and livestock products","036","Australia","5412","Yield","0114","Sorghum","2012","2012","kg/ha","3396","A","Official value",""
"QCL","Crops and livestock products","036","Australia","5510","Production","0114","Sorghum","2012","2012","t","2238912","A","Official value",""
"QCL","Crops and livestock products","036","Australia","5312","Area harvested","0114","Sorghum","2013","2013","ha","647812","A","Official value",""
"QCL","Crops and livestock products","036","Australia","5412","Yield","0114","Sorghum","2013","2013","kg/ha","3441.9","A","Official value",""
"QCL","Crops and livestock products","036","Australia","5510","Production","0114","Sorghum","2013","2013","t","2229709","A","Official value",""
"QCL","Crops and livestock products","036","Australia","5312","Area harvested","0114","Sorghum","2014","2014","ha","531996","A","Official value",""
"QCL","Crops and livestock products","036","Australia","5412","Yield","0114","Sorghum","2014","2014","kg/ha","2409.9","A","Official value",""
"QCL","Crops and livestock products","036","Australia","5510","Production","0114","Sorghum","2014","2014","t","1282042","A","Official value",""
"QCL","Crops and livestock products","036","Australia","5312","Area harvested","0114","Sorghum","2015","2015","ha","732473","A","Official value",""
"QCL","Crops and livestock products","036","Australia","5412","Yield","0114","Sorghum","2015","2015","kg/ha","3016","A","Official value",""
"QCL","Crops and livestock products","036","Australia","5510","Production","0114","Sorghum","2015","2015","t","2209173","A","Official value",""
"QCL","Crops and livestock products","036","Australia","5312","Area harvested","0114","Sorghum","2016","2016","ha","520527","A","Official value",""
"QCL","Crops and livestock products","036","Australia","5412","Yield","0114","Sorghum","2016","2016","kg/ha","3439.9","A","Official value",""
"QCL","Crops and livestock products","036","Australia","5510","Production","0114","Sorghum","2016","2016","t","1790574","A","Official value",""
"QCL","Crops and livestock products","036","Australia","5312","Area harvested","0114","Sorghum","2017","2017","ha","367920","A","Official value",""
"QCL","Crops and livestock products","036","Australia","5412","Yield","0114","Sorghum","2017","2017","kg/ha","2701.7","A","Official value",""
"QCL","Crops and livestock products","036","Australia","5510","Production","0114","Sorghum","2017","2017","t","994000.94","A","Official value",""
"QCL","Crops and livestock products","036","Australia","5312","Area harvested","0114","Sorghum","2018","2018","ha","462191","A","Official value",""
"QCL","Crops and livestock products","036","Australia","5412","Yield","0114","Sorghum","2018","2018","kg/ha","2720.1","A","Official value",""
"QCL","Crops and livestock products","036","Australia","5510","Production","0114","Sorghum","2018","2018","t","1257219","A","Official value",""
"QCL","Crops and livestock products","036","Australia","5312","Area harvested","0114","Sorghum","2019","2019","ha","550279","A","Official value",""
"QCL","Crops and livestock products","036","Australia","5412","Yield","0114","Sorghum","2019","2019","kg/ha","2108.9","A","Official value",""
"QCL","Crops and livestock products","036","Australia","5510","Production","0114","Sorghum","2019","2019","t","1160479.02","A","Official value",""
"QCL","Crops and livestock products","036","Australia","5312","Area harvested","0114","Sorghum","2020","2020","ha","204113","A","Official value",""
"QCL","Crops and livestock products","036","Australia","5412","Yield","0114","Sorghum","2020","2020","kg/ha","1947.4","A","Official value",""
"QCL","Crops and livestock products","036","Australia","5510","Production","0114","Sorghum","2020","2020","t","397485.05","A","Official value",""
"QCL","Crops and livestock products","036","Australia","5312","Area harvested","0114","Sorghum","2021","2021","ha","572607","A","Official value",""
"QCL","Crops and livestock products","036","Australia","5412","Yield","0114","Sorghum","2021","2021","kg/ha","2862.3","A","Official value",""
"QCL","Crops and livestock products","036","Australia","5510","Production","0114","Sorghum","2021","2021","t","1638962.2","A","Official value",""
"QCL","Crops and livestock products","036","Australia","5312","Area harvested","0114","Sorghum","2022","2022","ha","621503","A","Official value",""
"QCL","Crops and livestock products","036","Australia","5412","Yield","0114","Sorghum","2022","2022","kg/ha","4260.7","A","Official value",""
"QCL","Crops and livestock products","036","Australia","5510","Production","0114","Sorghum","2022","2022","t","2648069.32","A","Official value",""
"QCL","Crops and livestock products","036","Australia","5312","Area harvested","0114","Sorghum","2023","2023","ha","703441","A","Official value",""
"QCL","Crops and livestock products","036","Australia","5412","Yield","0114","Sorghum","2023","2023","kg/ha","3307","A","Official value",""
"QCL","Crops and livestock products","036","Australia","5510","Production","0114","Sorghum","2023","2023","t","2326266","A","Official value",""
"QCL","Crops and livestock products","036","Australia","5312","Area harvested","0114","Sorghum","2024","2024","ha","774646","A","Official value",""
"QCL","Crops and livestock products","036","Australia","5412","Yield","0114","Sorghum","2024","2024","kg/ha","3151.2","A","Official value",""
"QCL","Crops and livestock products","036","Australia","5510","Production","0114","Sorghum","2024","2024","t","2441091","A","Official value",""
"QCL","Crops and livestock products","036","Australia","5312","Area harvested","0111","Wheat","1961","1961","ha","5958110","A","Official value",""
"QCL","Crops and livestock products","036","Australia","5412","Yield","0111","Wheat","1961","1961","kg/ha","1129.1","A","Official value",""
"QCL","Crops and livestock products","036","Australia","5510","Production","0111","Wheat","1961","1961","t","6727192","A","Official value",""
"QCL","Crops and livestock products","036","Australia","5312","Area harvested","0111","Wheat","1962","1962","ha","6664679","A","Official value",""
"QCL","Crops and livestock products","036","Australia","5412","Yield","0111","Wheat","1962","1962","kg/ha","1253.3","A","Official value",""
"QCL","Crops and livestock products","036","Australia","5510","Production","0111","Wheat","1962","1962","t","8352912","A","Official value",""
"QCL","Crops and livestock products","036","Australia","5312","Area harvested","0111","Wheat","1963","1963","ha","6666676","A","Official value",""
"QCL","Crops and livestock products","036","Australia","5412","Yield","0111","Wheat","1963","1963","kg/ha","1338.7","A","Official value",""
"QCL","Crops and livestock products","036","Australia","5510","Production","0111","Wheat","1963","1963","t","8924460","A","Official value",""
"QCL","Crops and livestock products","036","Australia","5312","Area harvested","0111","Wheat","1964","1964","ha","7251495","A","Official value",""
"QCL","Crops and livestock products","036","Australia","5412","Yield","0111","Wheat","1964","1964","kg/ha","1384.1","A","Official value",""
"QCL","Crops and livestock products","036","Australia","5510","Production","0111","Wheat","1964","1964","t","10036954","A","Official value",""
"QCL","Crops and livestock products","036","Australia","5312","Area harvested","0111","Wheat","1965","1965","ha","7087977","A","Official value",""
"QCL","Crops and livestock products","036","Australia","5412","Yield","0111","Wheat","1965","1965","kg/ha","997","A","Official value",""
"QCL","Crops and livestock products","036","Australia","5510","Production","0111","Wheat","1965","1965","t","7067060","A","Official value",""
"QCL","Crops and livestock products","036","Australia","5312","Area harvested","0111","Wheat","1966","1966","ha","8426760","A","Official value",""
"QCL","Crops and livestock products","036","Australia","5412","Yield","0111","Wheat","1966","1966","kg/ha","1507","A","Official value",""
"QCL","Crops and livestock products","036","Australia","5510","Production","0111","Wheat","1966","1966","t","12699257","A","Official value",""
"QCL","Crops and livestock products","036","Australia","5312","Area harvested","0111","Wheat","1967","1967","ha","9081640","A","Official value",""
"QCL","Crops and livestock products","036","Australia","5412","Yield","0111","Wheat","1967","1967","kg/ha","831","A","Official value",""
"QCL","Crops and livestock products","036","Australia","5510","Production","0111","Wheat","1967","1967","t","7546691","A","Official value",""
"QCL","Crops and livestock products","036","Australia","5312","Area harvested","0111","Wheat","1968","1968","ha","10845345","A","Official value",""
"QCL","Crops and livestock products","036","Australia","5412","Yield","0111","Wheat","1968","1968","kg/ha","1365","A","Official value",""
"QCL","Crops and livestock products","036","Australia","5510","Production","0111","Wheat","1968","1968","t","14804143","A","Official value",""
"QCL","Crops and livestock products","036","Australia","5312","Area harvested","0111","Wheat","1969","1969","ha","9485958","A","Official value",""
"QCL","Crops and livestock products","036","Australia","5412","Yield","0111","Wheat","1969","1969","kg/ha","1111.8","A","Official value",""
"QCL","Crops and livestock products","036","Australia","5510","Production","0111","Wheat","1969","1969","t","10546200","A","Official value",""
"QCL","Crops and livestock products","036","Australia","5312","Area harvested","0111","Wheat","1970","1970","ha","6478418","A","Official value",""
"QCL","Crops and livestock products","036","Australia","5412","Yield","0111","Wheat","1970","1970","kg/ha","1217.9","A","Official value",""
"QCL","Crops and livestock products","036","Australia","5510","Production","0111","Wheat","1970","1970","t","7889918","A","Official value",""
"QCL","Crops and livestock products","036","Australia","5312","Area harvested","0111","Wheat","1971","1971","ha","7137852","A","Official value",""
"QCL","Crops and livestock products","036","Australia","5412","Yield","0111","Wheat","1971","1971","kg/ha","1205.7","A","Official value",""
"QCL","Crops and livestock products","036","Australia","5510","Production","0111","Wheat","1971","1971","t","8606000","A","Official value",""
"QCL","Crops and livestock products","036","Australia","5312","Area harvested","0111","Wheat","1972","1972","ha","7604082","A","Official value",""
"QCL","Crops and livestock products","036","Australia","5412","Yield","0111","Wheat","1972","1972","kg/ha","866.6","A","Official value",""
"QCL","Crops and livestock products","036","Australia","5510","Production","0111","Wheat","1972","1972","t","6590000","A","Official value",""
"QCL","Crops and livestock products","036","Australia","5312","Area harvested","0111","Wheat","1973","1973","ha","8948257","A","Official value",""
"QCL","Crops and livestock products","036","Australia","5412","Yield","0111","Wheat","1973","1973","kg/ha","1339.6","A","Official value",""
"QCL","Crops and livestock products","036","Australia","5510","Production","0111","Wheat","1973","1973","t","11987000","A","Official value",""
"QCL","Crops and livestock products","036","Australia","5312","Area harvested","0111","Wheat","1974","1974","ha","8307541","A","Official value",""
"QCL","Crops and livestock products","036","Australia","5412","Yield","0111","Wheat","1974","1974","kg/ha","1367.1","A","Official value",""
"QCL","Crops and livestock products","036","Australia","5510","Production","0111","Wheat","1974","1974","t","11357000","A","Official value",""
"QCL","Crops and livestock products","036","Australia","5312","Area harvested","0111","Wheat","1975","1975","ha","8555202","A","Official value",""
"QCL","Crops and livestock products","036","Australia","5412","Yield","0111","Wheat","1975","1975","kg/ha","1400.6","A","Official value",""
"QCL","Crops and livestock products","036","Australia","5510","Production","0111","Wheat","1975","1975","t","11982000","A","Official value",""
"QCL","Crops and livestock products","036","Australia","5312","Area harvested","0111","Wheat","1976","1976","ha","8956259","A","Official value",""
"QCL","Crops and livestock products","036","Australia","5412","Yield","0111","Wheat","1976","1976","kg/ha","1317.5","A","Official value",""
"QCL","Crops and livestock products","036","Australia","5510","Production","0111","Wheat","1976","1976","t","11800000","A","Official value",""
"QCL","Crops and livestock products","036","Australia","5312","Area harvested","0111","Wheat","1977","1977","ha","9954865","A","Official value",""
"QCL","Crops and livestock products","036","Australia","5412","Yield","0111","Wheat","1977","1977","kg/ha","941.3","A","Official value",""
"QCL","Crops and livestock products","036","Australia","5510","Production","0111","Wheat","1977","1977","t","9370336","A","Official value",""
"QCL","Crops and livestock products","036","Australia","5312","Area harvested","0111","Wheat","1978","1978","ha","10248895","A","Official value",""
"QCL","Crops and livestock products","036","Australia","5412","Yield","0111","Wheat","1978","1978","kg/ha","1765.1","A","Official value",""
"QCL","Crops and livestock products","036","Australia","5510","Production","0111","Wheat","1978","1978","t","18090000","A","Official value",""
"QCL","Crops and livestock products","036","Australia","5312","Area harvested","0111","Wheat","1979","1979","ha","11152714","A","Official value",""
"QCL","Crops and livestock products","036","Australia","5412","Yield","0111","Wheat","1979","1979","kg/ha","1451.5","A","Official value",""
"QCL","Crops and livestock products","036","Australia","5510","Production","0111","Wheat","1979","1979","t","16188000","A","Official value",""
"QCL","Crops and livestock products","036","Australia","5312","Area harvested","0111","Wheat","1980","1980","ha","11283051","A","Official value",""
"QCL","Crops and livestock products","036","Australia","5412","Yield","0111","Wheat","1980","1980","kg/ha","962.2","A","Official value",""
"QCL","Crops and livestock products","036","Australia","5510","Production","0111","Wheat","1980","1980","t","10856000","A","Official value",""
"QCL","Crops and livestock products","036","Australia","5312","Area harvested","0111","Wheat","1981","1981","ha","11885000","A","Official value",""
"QCL","Crops and livestock products","036","Australia","5412","Yield","0111","Wheat","1981","1981","kg/ha","1376.5","A","Official value",""
"QCL","Crops and livestock products","036","Australia","5510","Production","0111","Wheat","1981","1981","t","16360000","A","Official value",""
"QCL","Crops and livestock products","036","Australia","5312","Area harvested","0111","Wheat","1982","1982","ha","11519662","A","Official value",""
"QCL","Crops and livestock products","036","Australia","5412","Yield","0111","Wheat","1982","1982","kg/ha","770.5","A","Official value",""
"QCL","Crops and livestock products","036","Australia","5510","Production","0111","Wheat","1982","1982","t","8875571","A","Official value",""
"QCL","Crops and livestock products","036","Australia","5312","Area harvested","0111","Wheat","1983","1983","ha","12930637","A","Official value",""
"QCL","Crops and livestock products","036","Australia","5412","Yield","0111","Wheat","1983","1983","kg/ha","1702.6","A","Official value",""
"QCL","Crops and livestock products","036","Australia","5510","Production","0111","Wheat","1983","1983","t","22016000","A","Official value",""
"QCL","Crops and livestock products","036","Australia","5312","Area harvested","0111","Wheat","1984","1984","ha","12078000","A","Official value",""
"QCL","Crops and livestock products","036","Australia","5412","Yield","0111","Wheat","1984","1984","kg/ha","1545.5","A","Official value",""
"QCL","Crops and livestock products","036","Australia","5510","Production","0111","Wheat","1984","1984","t","18666032","A","Official value",""
"QCL","Crops and livestock products","036","Australia","5312","Area harvested","0111","Wheat","1985","1985","ha","11682000","A","Official value",""
"QCL","Crops and livestock products","036","Australia","5412","Yield","0111","Wheat","1985","1985","kg/ha","1369.5","A","Official value",""
"QCL","Crops and livestock products","036","Australia","5510","Production","0111","Wheat","1985","1985","t","15999000","A","Official value",""
"QCL","Crops and livestock products","036","Australia","5312","Area harvested","0111","Wheat","1986","1986","ha","11135000","A","Official value",""
"QCL","Crops and livestock products","036","Australia","5412","Yield","0111","Wheat","1986","1986","kg/ha","1447.6","A","Official value",""
"QCL","Crops and livestock products","036","Australia","5510","Production","0111","Wheat","1986","1986","t","16119000","A","Official value",""
"QCL","Crops and livestock products","036","Australia","5312","Area harvested","0111","Wheat","1987","1987","ha","9005000","A","Official value",""
"QCL","Crops and livestock products","036","Australia","5412","Yield","0111","Wheat","1987","1987","kg/ha","1364.5","A","Official value",""
"QCL","Crops and livestock products","036","Australia","5510","Production","0111","Wheat","1987","1987","t","12287000","A","Official value",""
"QCL","Crops and livestock products","036","Australia","5312","Area harvested","0111","Wheat","1988","1988","ha","8826822","A","Official value",""
"QCL","Crops and livestock products","036","Australia","5412","Yield","0111","Wheat","1988","1988","kg/ha","1578.7","A","Official value",""
"QCL","Crops and livestock products","036","Australia","5510","Production","0111","Wheat","1988","1988","t","13935000","A","Official value",""
"QCL","Crops and livestock products","036","Australia","5312","Area harvested","0111","Wheat","1989","1989","ha","9003872","A","Official value",""
"QCL","Crops and livestock products","036","Australia","5412","Yield","0111","Wheat","1989","1989","kg/ha","1578.7","A","Official value",""
"QCL","Crops and livestock products","036","Australia","5510","Production","0111","Wheat","1989","1989","t","14214495","A","Official value",""
"QCL","Crops and livestock products","036","Australia","5312","Area harvested","0111","Wheat","1990","1990","ha","9218091","A","Official value",""
"QCL","Crops and livestock products","036","Australia","5412","Yield","0111","Wheat","1990","1990","kg/ha","1634.4","A","Official value",""
"QCL","Crops and livestock products","036","Australia","5510","Production","0111","Wheat","1990","1990","t","15066100","A","Official value",""
"QCL","Crops and livestock products","036","Australia","5312","Area harvested","0111","Wheat","1991","1991","ha","7183000","A","Official value",""
"QCL","Crops and livestock products","036","Australia","5412","Yield","0111","Wheat","1991","1991","kg/ha","1469.8","A","Official value",""
"QCL","Crops and livestock products","036","Australia","5510","Production","0111","Wheat","1991","1991","t","10557400","A","Official value",""
"QCL","Crops and livestock products","036","Australia","5312","Area harvested","0111","Wheat","1992","1992","ha","8274614","A","Official value",""
"QCL","Crops and livestock products","036","Australia","5412","Yield","0111","Wheat","1992","1992","kg/ha","1781.2","A","Official value",""
"QCL","Crops and livestock products","036","Australia","5510","Production","0111","Wheat","1992","1992","t","14738678","A","Official value",""
"QCL","Crops and livestock products","036","Australia","5312","Area harvested","0111","Wheat","1993","1993","ha","8383000","A","Official value",""
"QCL","Crops and livestock products","036","Australia","5412","Yield","0111","Wheat","1993","1993","kg/ha","1965.8","A","Official value",""
"QCL","Crops and livestock products","036","Australia","5510","Production","0111","Wheat","1993","1993","t","16479000","A","Official value",""
"QCL","Crops and livestock products","036","Australia","5312","Area harvested","0111","Wheat","1994","1994","ha","7890690","A","Official value",""
"QCL","Crops and livestock products","036","Australia","5412","Yield","0111","Wheat","1994","1994","kg/ha","1135.6","A","Official value",""
"QCL","Crops and livestock products","036","Australia","5510","Production","0111","Wheat","1994","1994","t","8961000","A","Official value",""
"QCL","Crops and livestock products","036","Australia","5312","Area harvested","0111","Wheat","1995","1995","ha","9220820","A","Official value",""
"QCL","Crops and livestock products","036","Australia","5412","Yield","0111","Wheat","1995","1995","kg/ha","1789.9","A","Official value",""
"QCL","Crops and livestock products","036","Australia","5510","Production","0111","Wheat","1995","1995","t","16504000","A","Official value",""
"QCL","Crops and livestock products","036","Australia","5312","Area harvested","0111","Wheat","1996","1996","ha","10936000","A","Official value",""
"QCL","Crops and livestock products","036","Australia","5412","Yield","0111","Wheat","1996","1996","kg/ha","2096.2","A","Official value",""
"QCL","Crops and livestock products","036","Australia","5510","Production","0111","Wheat","1996","1996","t","22924200","A","Official value",""
"QCL","Crops and livestock products","036","Australia","5312","Area harvested","0111","Wheat","1997","1997","ha","10441000","A","Official value",""
"QCL","Crops and livestock products","036","Australia","5412","Yield","0111","Wheat","1997","1997","kg/ha","1841.2","A","Official value",""
"QCL","Crops and livestock products","036","Australia","5510","Production","0111","Wheat","1997","1997","t","19224000","A","Official value",""
"QCL","Crops and livestock products","036","Australia","5312","Area harvested","0111","Wheat","1998","1998","ha","11543000","A","Official value",""
"QCL","Crops and livestock products","036","Australia","5412","Yield","0111","Wheat","1998","1998","kg/ha","1859.6","A","Official value",""
"QCL","Crops and livestock products","036","Australia","5510","Production","0111","Wheat","1998","1998","t","21464800","A","Official value",""
"QCL","Crops and livestock products","036","Australia","5312","Area harvested","0111","Wheat","1999","1999","ha","12338000","A","Official value",""
"QCL","Crops and livestock products","036","Australia","5412","Yield","0111","Wheat","1999","1999","kg/ha","2006.6","A","Official value",""
"QCL","Crops and livestock products","036","Australia","5510","Production","0111","Wheat","1999","1999","t","24757000","A","Official value",""
"QCL","Crops and livestock products","036","Australia","5312","Area harvested","0111","Wheat","2000","2000","ha","12141000","A","Official value",""
"QCL","Crops and livestock products","036","Australia","5412","Yield","0111","Wheat","2000","2000","kg/ha","1820.9","A","Official value",""
"QCL","Crops and livestock products","036","Australia","5510","Production","0111","Wheat","2000","2000","t","22108000","A","Official value",""
"QCL","Crops and livestock products","036","Australia","5312","Area harvested","0111","Wheat","2001","2001","ha","11529155","A","Official value",""
"QCL","Crops and livestock products","036","Australia","5412","Yield","0111","Wheat","2001","2001","kg/ha","2107.6","A","Official value",""
"QCL","Crops and livestock products","036","Australia","5510","Production","0111","Wheat","2001","2001","t","24299335","A","Official value",""
"QCL","Crops and livestock products","036","Australia","5312","Area harvested","0111","Wheat","2002","2002","ha","11170280","A","Official value",""
"QCL","Crops and livestock products","036","Australia","5412","Yield","0111","Wheat","2002","2002","kg/ha","907","A","Official value",""
"QCL","Crops and livestock products","036","Australia","5510","Production","0111","Wheat","2002","2002","t","10131924","A","Official value",""
"QCL","Crops and livestock products","036","Australia","5312","Area harvested","0111","Wheat","2003","2003","ha","13067077","A","Official value",""
"QCL","Crops and livestock products","036","Australia","5412","Yield","0111","Wheat","2003","2003","kg/ha","1999.8","A","Official value",""
"QCL","Crops and livestock products","036","Australia","5510","Production","0111","Wheat","2003","2003","t","26131870","A","Official value",""
"QCL","Crops and livestock products","036","Australia","5312","Area harvested","0111","Wheat","2004","2004","ha","13399397","A","Official value",""
"QCL","Crops and livestock products","036","Australia","5412","Yield","0111","Wheat","2004","2004","kg/ha","1634.8","A","Official value",""
"QCL","Crops and livestock products","036","Australia","5510","Production","0111","Wheat","2004","2004","t","21905113","A","Official value",""
"QCL","Crops and livestock products","036","Australia","5312","Area harvested","0111","Wheat","2005","2005","ha","12442719","A","Official value",""
"QCL","Crops and livestock products","036","Australia","5412","Yield","0111","Wheat","2005","2005","kg/ha","2021.3","A","Official value",""
"QCL","Crops and livestock products","036","Australia","5510","Production","0111","Wheat","2005","2005","t","25150343","A","Official value",""
"QCL","Crops and livestock products","036","Australia","5312","Area harvested","0111","Wheat","2006","2006","ha","11797888","A","Official value",""
"QCL","Crops and livestock products","036","Australia","5412","Yield","0111","Wheat","2006","2006","kg/ha","917.3","A","Official value",""
"QCL","Crops and livestock products","036","Australia","5510","Production","0111","Wheat","2006","2006","t","10821628","A","Official value",""
"QCL","Crops and livestock products","036","Australia","5312","Area harvested","0111","Wheat","2007","2007","ha","12578309","A","Official value",""
"QCL","Crops and livestock products","036","Australia","5412","Yield","0111","Wheat","2007","2007","kg/ha","1078.8","A","Official value",""
"QCL","Crops and livestock products","036","Australia","5510","Production","0111","Wheat","2007","2007","t","13569378","A","Official value",""
"QCL","Crops and livestock products","036","Australia","5312","Area harvested","0111","Wheat","2008","2008","ha","13530196","A","Official value",""
"QCL","Crops and livestock products","036","Australia","5412","Yield","0111","Wheat","2008","2008","kg/ha","1583.1","A","Official value",""
"QCL","Crops and livestock products","036","Australia","5510","Production","0111","Wheat","2008","2008","t","21420177","A","Official value",""
"QCL","Crops and livestock products","036","Australia","5312","Area harvested","0111","Wheat","2009","2009","ha","13881030","A","Official value",""
"QCL","Crops and livestock products","036","Australia","5412","Yield","0111","Wheat","2009","2009","kg/ha","1572.9","A","Official value",""
"QCL","Crops and livestock products","036","Australia","5510","Production","0111","Wheat","2009","2009","t","21834010","A","Official value",""
"QCL","Crops and livestock products","036","Australia","5312","Area harvested","0111","Wheat","2010","2010","ha","13501780","A","Official value",""
"QCL","Crops and livestock products","036","Australia","5412","Yield","0111","Wheat","2010","2010","kg/ha","2030.1","A","Official value",""
"QCL","Crops and livestock products","036","Australia","5510","Production","0111","Wheat","2010","2010","t","27410076","A","Official value",""
"QCL","Crops and livestock products","036","Australia","5312","Area harvested","0111","Wheat","2011","2011","ha","13902140","A","Official value",""
"QCL","Crops and livestock products","036","Australia","5412","Yield","0111","Wheat","2011","2011","kg/ha","2151.1","A","Official value",""
"QCL","Crops and livestock products","036","Australia","5510","Production","0111","Wheat","2011","2011","t","29905009","A","Official value",""
"QCL","Crops and livestock products","036","Australia","5312","Area harvested","0111","Wheat","2012","2012","ha","12979382","A","Official value",""
"QCL","Crops and livestock products","036","Australia","5412","Yield","0111","Wheat","2012","2012","kg/ha","1760.9","A","Official value",""
"QCL","Crops and livestock products","036","Australia","5510","Production","0111","Wheat","2012","2012","t","22855576","A","Official value",""
"QCL","Crops and livestock products","036","Australia","5312","Area harvested","0111","Wheat","2013","2013","ha","12613226","A","Official value",""
"QCL","Crops and livestock products","036","Australia","5412","Yield","0111","Wheat","2013","2013","kg/ha","2006.1","A","Official value",""
"QCL","Crops and livestock products","036","Australia","5510","Production","0111","Wheat","2013","2013","t","25303037","A","Official value",""
"QCL","Crops and livestock products","036","Australia","5312","Area harvested","0111","Wheat","2014","2014","ha","12383673","A","Official value",""
"QCL","Crops and livestock products","036","Australia","5412","Yield","0111","Wheat","2014","2014","kg/ha","1917.2","A","Official value",""
"QCL","Crops and livestock products","036","Australia","5510","Production","0111","Wheat","2014","2014","t","23742560","A","Official value",""
"QCL","Crops and livestock products","036","Australia","5312","Area harvested","0111","Wheat","2015","2015","ha","11282202","A","Official value",""
"QCL","Crops and livestock products","036","Australia","5412","Yield","0111","Wheat","2015","2015","kg/ha","1974.3","A","Official value",""
"QCL","Crops and livestock products","036","Australia","5510","Production","0111","Wheat","2015","2015","t","22274514","A","Official value",""
"QCL","Crops and livestock products","036","Australia","5312","Area harvested","0111","Wheat","2016","2016","ha","12191153","A","Official value",""
"QCL","Crops and livestock products","036","Australia","5412","Yield","0111","Wheat","2016","2016","kg/ha","2610","A","Official value",""
"QCL","Crops and livestock products","036","Australia","5510","Production","0111","Wheat","2016","2016","t","31818743.54","A","Official value",""
"QCL","Crops and livestock products","036","Australia","5312","Area harvested","0111","Wheat","2017","2017","ha","10919180","A","Official value",""
"QCL","Crops and livestock products","036","Australia","5412","Yield","0111","Wheat","2017","2017","kg/ha","1917.8","A","Official value",""
"QCL","Crops and livestock products","036","Australia","5510","Production","0111","Wheat","2017","2017","t","20941134","A","Official value",""
"QCL","Crops and livestock products","036","Australia","5312","Area harvested","0111","Wheat","2018","2018","ha","10402271","A","Official value",""
"QCL","Crops and livestock products","036","Australia","5412","Yield","0111","Wheat","2018","2018","kg/ha","1691.7","A","Official value",""
"QCL","Crops and livestock products","036","Australia","5510","Production","0111","Wheat","2018","2018","t","17597560.79","A","Official value",""
"QCL","Crops and livestock products","036","Australia","5312","Area harvested","0111","Wheat","2019","2019","ha","9863184","A","Official value",""
"QCL","Crops and livestock products","036","Australia","5412","Yield","0111","Wheat","2019","2019","kg/ha","1468.1","A","Official value",""
"QCL","Crops and livestock products","036","Australia","5510","Production","0111","Wheat","2019","2019","t","14480217.44","A","Official value",""
"QCL","Crops and livestock products","036","Australia","5312","Area harvested","0111","Wheat","2020","2020","ha","12643216","A","Official value",""
"QCL","Crops and livestock products","036","Australia","5412","Yield","0111","Wheat","2020","2020","kg/ha","2524.9","A","Official value",""
"QCL","Crops and livestock products","036","Australia","5510","Production","0111","Wheat","2020","2020","t","31922554.7","A","Official value",""
"QCL","Crops and livestock products","036","Australia","5312","Area harvested","0111","Wheat","2021","2021","ha","12728252","A","Official value",""
"QCL","Crops and livestock products","036","Australia","5412","Yield","0111","Wheat","2021","2021","kg/ha","2847","A","Official value",""
"QCL","Crops and livestock products","036","Australia","5510","Production","0111","Wheat","2021","2021","t","36237477.23","A","Official value",""
"QCL","Crops and livestock products","036","Australia","5312","Area harvested","0111","Wheat","2022","2022","ha","12925286","A","Official value",""
"QCL","Crops and livestock products","036","Australia","5412","Yield","0111","Wheat","2022","2022","kg/ha","3187.5","A","Official value",""
"QCL","Crops and livestock products","036","Australia","5510","Production","0111","Wheat","2022","2022","t","41199486","A","Official value",""
"QCL","Crops and livestock products","036","Australia","5312","Area harvested","0111","Wheat","2023","2023","ha","10506997","A","Official value",""
"QCL","Crops and livestock products","036","Australia","5412","Yield","0111","Wheat","2023","2023","kg/ha","2667.6","A","Official value",""
"QCL","Crops and livestock products","036","Australia","5510","Production","0111","Wheat","2023","2023","t","28028429","A","Official value",""
"QCL","Crops and livestock products","036","Australia","5312","Area harvested","0111","Wheat","2024","2024","ha","13060000","A","Official value",""
"QCL","Crops and livestock products","036","Australia","5412","Yield","0111","Wheat","2024","2024","kg/ha","2611.8","A","Official value",""
"QCL","Crops and livestock products","036","Australia","5510","Production","0111","Wheat","2024","2024","t","34110000","A","Official value",""
