SA2_CODE21,SA2_NAME21,crop,year,tonnes,km2,tonnes_per_km2
307011172,Chinchilla,Oats,2022-23,8,8048.7229,0.001
307011172,Chinchilla,Oats,2023-24,31,8048.7229,0.0039
307011172,Chinchilla,Oats,2024-25,12,8048.7229,0.0015
105031103,Dubbo Surrounds,Oats,2022-23,180,4128.5682,0.0436
105031103,Dubbo Surrounds,Oats,2023-24,900,4128.5682,0.218
105031103,Dubbo Surrounds,Oats,2024-25,689,4128.5682,0.1669
202021026,Bendigo Surrounds - South,Oats,2022-23,586,796.8536,0.7354
202021026,Bendigo Surrounds - South,Oats,2023-24,614,796.8536,0.7705
202021026,Bendigo Surrounds - South,Oats,2024-25,1065,796.8536,1.3365
509021242,Mukinbudin,Oats,2022-23,41260,50176.9809,0.8223
509021242,Mukinbudin,Oats,2023-24,17211,50176.9809,0.343
509021242,Mukinbudin,Oats,2024-25,33147,50176.9809,0.6606
203031490,Ocean Grove,Oats,2024-25,1,68.7681,0.0145
109031184,Moama,Oats,2024-25,713,167.0068,4.2693
407021156,Penola,Wheat,2022-23,20472,1514.3964,13.5183
407021156,Penola,Wheat,2023-24,26387,1514.3964,17.4241
407021156,Penola,Wheat,2024-25,13815,1514.3964,9.1224
113011259,Narrandera,Sorghum,2022-23,1366,5409.2764,0.2525
113011259,Narrandera,Sorghum,2024-25,260,5409.2764,0.0481
405011110,Barossa - Angaston,Barley,2022-23,2281,633.8622,3.5986
405011110,Barossa - Angaston,Barley,2023-24,1861,633.8622,2.936
405011110,Barossa - Angaston,Barley,2024-25,1250,633.8622,1.972
103021065,Forbes,Sorghum,2022-23,691,4598.0438,0.1503
103021065,Forbes,Sorghum,2023-24,1550,4598.0438,0.3371
103021065,Forbes,Sorghum,2024-25,2240,4598.0438,0.4872
109021179,Wentworth-Balranald Region,Barley,2022-23,69340,49722.5286,1.3945
109021179,Wentworth-Balranald Region,Barley,2023-24,82107,49722.5286,1.6513
109021179,Wentworth-Balranald Region,Barley,2024-25,58585,49722.5286,1.1782
307011177,Roma Surrounds,Barley,2022-23,34774,58626.3627,0.5931
307011177,Roma Surrounds,Barley,2023-24,24027,58626.3627,0.4098
307011177,Roma Surrounds,Barley,2024-25,33599,58626.3627,0.5731
407021151,Kingston - Robe,Barley,2022-23,3983,4431.5114,0.8988
407021151,Kingston - Robe,Barley,2023-24,349,4431.5114,0.0788
407021151,Kingston - Robe,Barley,2024-25,443,4431.5114,0.1
509011226,Albany Surrounds,Barley,2022-23,74219,4009.0591,18.5128
509011226,Albany Surrounds,Barley,2023-24,67559,4009.0591,16.8516
509011226,Albany Surrounds,Barley,2024-25,70578,4009.0591,17.6046
101061542,Yass Surrounds,Wheat,2022-23,6905,5680.5696,1.2155
101061542,Yass Surrounds,Wheat,2023-24,4910,5680.5696,0.8643
101061542,Yass Surrounds,Wheat,2024-25,4486,5680.5696,0.7897
204021063,Benalla,Wheat,2022-23,1007,315.3043,3.1937
204021063,Benalla,Wheat,2023-24,992,315.3043,3.1462
204021063,Benalla,Wheat,2024-25,1541,315.3043,4.8873
216031418,Shepparton Surrounds - East,Wheat,2022-23,74467,1055.5777,70.5462
216031418,Shepparton Surrounds - East,Wheat,2023-24,107493,1055.5777,101.8333
216031418,Shepparton Surrounds - East,Wheat,2024-25,88622,1055.5777,83.9559
217011423,Southern Grampians,Wheat,2022-23,21835,6562.6438,3.3272
217011423,Southern Grampians,Wheat,2023-24,18301,6562.6438,2.7887
217011423,Southern Grampians,Wheat,2024-25,26915,6562.6438,4.1012
307011171,Balonne,Wheat,2022-23,596445,31104.0851,19.1758
307011171,Balonne,Wheat,2023-24,75959,31104.0851,2.4421
307011171,Balonne,Wheat,2024-25,509000,31104.0851,16.3644
201021009,Bacchus Marsh Surrounds,Barley,2022-23,11243,1038.8122,10.8229
201021009,Bacchus Marsh Surrounds,Barley,2023-24,14190,1038.8122,13.6598
201021009,Bacchus Marsh Surrounds,Barley,2024-25,12366,1038.8122,11.904
407011144,Goolwa - Port Elliot,Barley,2022-23,373,180.8689,2.0623
407011144,Goolwa - Port Elliot,Barley,2024-25,49,180.8689,0.2709
407031166,Murray Bridge Surrounds,Barley,2022-23,24428,1924.5348,12.6929
407031166,Murray Bridge Surrounds,Barley,2023-24,18219,1924.5348,9.4667
407031166,Murray Bridge Surrounds,Barley,2024-25,5054,1924.5348,2.6261
106041129,Scone Surrounds,Sorghum,2022-23,1290,7948.9584,0.1623
106041129,Scone Surrounds,Sorghum,2023-24,2887,7948.9584,0.3632
106041129,Scone Surrounds,Sorghum,2024-25,672,7948.9584,0.0845
402011026,Gawler - South,Wheat,2022-23,4759,76.7139,62.0357
402011026,Gawler - South,Wheat,2023-24,4683,76.7139,61.045
402011026,Gawler - South,Wheat,2024-25,5341,76.7139,69.6223
407031170,Waikerie,Wheat,2022-23,83047,5557.8467,14.9423
407031170,Waikerie,Wheat,2023-24,41974,5557.8467,7.5522
407031170,Waikerie,Wheat,2024-25,30308,5557.8467,5.4532
105031104,Gilgandra,Oats,2022-23,881,5393.4381,0.1633
105031104,Gilgandra,Oats,2023-24,1828,5393.4381,0.3389
105031104,Gilgandra,Oats,2024-25,1292,5393.4381,0.2396
407011147,Strathalbyn Surrounds,Wheat,2022-23,23568,1517.7954,15.5278
407011147,Strathalbyn Surrounds,Wheat,2023-24,22549,1517.7954,14.8564
407011147,Strathalbyn Surrounds,Wheat,2024-25,12170,1517.7954,8.0182
405021117,Gilbert Valley,Barley,2022-23,57577,1675.3597,34.3669
405021117,Gilbert Valley,Barley,2023-24,39413,1675.3597,23.5251
405021117,Gilbert Valley,Barley,2024-25,22130,1675.3597,13.2091
407011146,Strathalbyn,Barley,2022-23,756,155.7859,4.8528
407011146,Strathalbyn,Barley,2023-24,516,155.7859,3.3122
407011146,Strathalbyn,Barley,2024-25,925,155.7859,5.9376
109021177,Hay,Sorghum,2022-23,1647,13922.8975,0.1183
109021177,Hay,Sorghum,2023-24,504,13922.8975,0.0362
109021177,Hay,Sorghum,2024-25,152,13922.8975,0.0109
307021183,Wambo,Sorghum,2022-23,308137,5700.3324,54.056
307021183,Wambo,Sorghum,2023-24,273692,5700.3324,48.0133
307021183,Wambo,Sorghum,2024-25,356568,5700.3324,62.5521
509031248,Murray,Barley,2022-23,6504,2746.4237,2.3682
509031248,Murray,Barley,2023-24,4118,2746.4237,1.4994
509031248,Murray,Barley,2024-25,6068,2746.4237,2.2094
511011275,Esperance Surrounds,Barley,2022-23,655868,55180.793,11.8858
511011275,Esperance Surrounds,Barley,2023-24,479536,55180.793,8.6903
511011275,Esperance Surrounds,Barley,2024-25,736389,55180.793,13.345
406011130,Eyre Peninsula,Barley,2022-23,128394,7228.3655,17.7625
406011130,Eyre Peninsula,Barley,2023-24,95113,7228.3655,13.1583
406011130,Eyre Peninsula,Barley,2024-25,88540,7228.3655,12.249
105011092,Bourke - Brewarrina,Wheat,2022-23,4170,56841.5222,0.0734
105011092,Bourke - Brewarrina,Wheat,2023-24,2633,56841.5222,0.0463
105011092,Bourke - Brewarrina,Wheat,2024-25,3146,56841.5222,0.0553
105011094,Coonamble,Wheat,2022-23,395497,12142.3532,32.5717
105011094,Coonamble,Wheat,2023-24,129242,12142.3532,10.6439
105011094,Coonamble,Wheat,2024-25,563025,12142.3532,46.3687
110021192,Inverell Surrounds - East,Wheat,2022-23,30066,9270.8567,3.2431
110021192,Inverell Surrounds - East,Wheat,2023-24,17194,9270.8567,1.8546
110021192,Inverell Surrounds - East,Wheat,2024-25,43611,9270.8567,4.7041
110041202,Tamworth - East,Wheat,2022-23,580,102.1806,5.6762
110041202,Tamworth - East,Wheat,2023-24,604,102.1806,5.9111
110041202,Tamworth - East,Wheat,2024-25,471,102.1806,4.6095
113031271,Wagga Wagga Surrounds,Wheat,2022-23,498983,9334.6874,53.4547
113031271,Wagga Wagga Surrounds,Wheat,2023-24,544548,9334.6874,58.336
113031271,Wagga Wagga Surrounds,Wheat,2024-25,486250,9334.6874,52.0907
215031400,Buloke,Barley,2022-23,420200,8068.6848,52.0779
215031400,Buloke,Barley,2023-24,498808,8068.6848,61.8202
215031400,Buloke,Barley,2024-25,387798,8068.6848,48.0621
103031074,Mudgee Surrounds - West,Barley,2022-23,2926,8043.8633,0.3638
103031074,Mudgee Surrounds - West,Barley,2023-24,2493,8043.8633,0.3099
103031074,Mudgee Surrounds - West,Barley,2024-25,10996,8043.8633,1.367
511041286,Geraldton - East,Barley,2022-23,1529,80.9732,18.8828
511041286,Geraldton - East,Barley,2023-24,425,80.9732,5.2487
511041286,Geraldton - East,Barley,2024-25,296,80.9732,3.6555
310021277,Boonah,Sorghum,2023-24,1302,2099.4596,0.6202
310021277,Boonah,Sorghum,2024-25,528,2099.4596,0.2515
217031475,Corangamite - South,Barley,2024-25,4576,1805.2081,2.5349
509011234,Plantagenet,Barley,2022-23,88750,4383.8752,20.2446
509011234,Plantagenet,Barley,2023-24,54658,4383.8752,12.468
509011234,Plantagenet,Barley,2024-25,83737,4383.8752,19.1011
203021487,Grovedale - Mount Duneed,Wheat,2023-24,553,37.588,14.7121
203021487,Grovedale - Mount Duneed,Wheat,2024-25,44,37.588,1.1706
504021049,Chidlow,Oats,2024-25,895,167.7411,5.3356
105011095,Nyngan - Warren,Wheat,2022-23,337223,21216.0023,15.8947
105011095,Nyngan - Warren,Wheat,2023-24,108793,21216.0023,5.1279
105011095,Nyngan - Warren,Wheat,2024-25,411475,21216.0023,19.3946
406011133,Port Lincoln,Wheat,2022-23,3480,136.2831,25.5351
406011133,Port Lincoln,Wheat,2023-24,3327,136.2831,24.4124
406011133,Port Lincoln,Wheat,2024-25,2099,136.2831,15.4018
405041126,Wallaroo,Oats,2022-23,9,146.5314,0.0614
405041126,Wallaroo,Oats,2023-24,3,146.5314,0.0205
405041127,Yorke Peninsula - North,Sorghum,2022-23,1199,3654.3884,0.3281
405041127,Yorke Peninsula - North,Sorghum,2023-24,538,3654.3884,0.1472
212011547,Bunyip - Garfield,Sorghum,2023-24,4862,365.9627,13.2855
215021396,Merbein,Wheat,2023-24,1263,101.7138,12.4172
406011129,Ceduna,Barley,2022-23,5289,413.3374,12.7958
103041076,Blayney,Wheat,2022-23,4910,1642.6748,2.989
103041076,Blayney,Wheat,2023-24,4368,1642.6748,2.6591
103041076,Blayney,Wheat,2024-25,5318,1642.6748,3.2374
212011547,Bunyip - Garfield,Wheat,2022-23,3270,365.9627,8.9353
212011547,Bunyip - Garfield,Wheat,2023-24,5361,365.9627,14.649
212011547,Bunyip - Garfield,Wheat,2024-25,5123,365.9627,13.9987
405011113,Mallala,Wheat,2022-23,105605,847.8696,124.5534
405011113,Mallala,Wheat,2023-24,75380,847.8696,88.9052
405011113,Mallala,Wheat,2024-25,50304,847.8696,59.3299
509021245,York - Beverley,Wheat,2022-23,289992,4502.1111,64.4124
509021245,York - Beverley,Wheat,2023-24,190887,4502.1111,42.3994
509021245,York - Beverley,Wheat,2024-25,233396,4502.1111,51.8415
405041124,Kadina,Oats,2022-23,127,394.1203,0.3222
405041124,Kadina,Oats,2023-24,125,394.1203,0.3172
405041124,Kadina,Oats,2024-25,19,394.1203,0.0482
215011386,Ararat,Wheat,2024-25,427,161.179,2.6492
204021064,Benalla Surrounds,Oats,2022-23,362,2105.3239,0.1719
204021064,Benalla Surrounds,Oats,2023-24,150,2105.3239,0.0712
204021064,Benalla Surrounds,Oats,2024-25,63,2105.3239,0.0299
307021182,Pittsworth,Wheat,2022-23,104511,1054.9292,99.0692
307021182,Pittsworth,Wheat,2023-24,44789,1054.9292,42.4569
307021182,Pittsworth,Wheat,2024-25,94094,1054.9292,89.1946
307031186,Southern Downs - West,Oats,2022-23,3,2684.545,0.0011
307031186,Southern Downs - West,Oats,2023-24,19,2684.545,0.0071
307031186,Southern Downs - West,Oats,2024-25,4,2684.545,0.0015
509021239,Gingin - Dandaragan,Oats,2022-23,4132,9919.9306,0.4165
509021239,Gingin - Dandaragan,Oats,2023-24,2109,9919.9306,0.2126
509021239,Gingin - Dandaragan,Oats,2024-25,2165,9919.9306,0.2182
109031183,Deniliquin Surrounds,Wheat,2022-23,333511,18337.9454,18.1869
109031183,Deniliquin Surrounds,Wheat,2023-24,405601,18337.9454,22.1181
109031183,Deniliquin Surrounds,Wheat,2024-25,382480,18337.9454,20.8573
204021067,Wangaratta Surrounds,Wheat,2022-23,15599,3587.526,4.3481
204021067,Wangaratta Surrounds,Wheat,2023-24,13579,3587.526,3.7851
204021067,Wangaratta Surrounds,Wheat,2024-25,14711,3587.526,4.1006
308041528,Banana,Wheat,2022-23,123724,28531.2933,4.3364
308041528,Banana,Wheat,2023-24,35397,28531.2933,1.2406
308041528,Banana,Wheat,2024-25,60324,28531.2933,2.1143
319021505,Kingaroy,Wheat,2022-23,1129,70.1948,16.0838
319021505,Kingaroy,Wheat,2024-25,577,70.1948,8.22
405031123,Port Pirie Surrounds,Wheat,2022-23,144546,1583.2661,91.2961
405031123,Port Pirie Surrounds,Wheat,2023-24,105070,1583.2661,66.3628
405031123,Port Pirie Surrounds,Wheat,2024-25,43404,1583.2661,27.4142
202031032,Bendigo Surrounds - North,Barley,2022-23,29722,1440.2175,20.6372
202031032,Bendigo Surrounds - North,Barley,2023-24,33574,1440.2175,23.3118
202031032,Bendigo Surrounds - North,Barley,2024-25,35339,1440.2175,24.5373
213051579,Manor Lakes - Quandong,Barley,2024-25,463,72.0339,6.4275
501031020,Pemberton,Barley,2024-25,868,9641.0807,0.09
109031185,Tocumwal - Finley - Jerilderie,Oats,2022-23,2408,5011.159,0.4805
109031185,Tocumwal - Finley - Jerilderie,Oats,2023-24,1143,5011.159,0.2281
109031185,Tocumwal - Finley - Jerilderie,Oats,2024-25,3293,5011.159,0.6571
407031163,Loxton Surrounds,Wheat,2022-23,99386,4790.3357,20.7472
407031163,Loxton Surrounds,Wheat,2023-24,70724,4790.3357,14.7639
407031163,Loxton Surrounds,Wheat,2024-25,40186,4790.3357,8.389
103021069,West Wyalong,Oats,2022-23,11001,8317.473,1.3226
103021069,West Wyalong,Oats,2023-24,4924,8317.473,0.592
103021069,West Wyalong,Oats,2024-25,11897,8317.473,1.4304
110021191,Inverell,Oats,2022-23,1014,207.6617,4.8829
110021191,Inverell,Oats,2023-24,413,207.6617,1.9888
110021191,Inverell,Oats,2024-25,620,207.6617,2.9856
511041289,Irwin,Oats,2022-23,253,2369.3298,0.1068
511041289,Irwin,Oats,2024-25,88,2369.3298,0.0371
319021508,Monto - Eidsvold,Wheat,2022-23,5877,11156.4957,0.5268
319021508,Monto - Eidsvold,Wheat,2023-24,1861,11156.4957,0.1668
319021508,Monto - Eidsvold,Wheat,2024-25,5251,11156.4957,0.4707
407011145,Kangaroo Island,Wheat,2022-23,4993,4400.7382,1.1346
407011145,Kangaroo Island,Wheat,2023-24,2497,4400.7382,0.5674
407011145,Kangaroo Island,Wheat,2024-25,1965,4400.7382,0.4465
109031181,Corowa Surrounds,Barley,2022-23,153296,4495.1557,34.1025
109031181,Corowa Surrounds,Barley,2023-24,158541,4495.1557,35.2693
109031181,Corowa Surrounds,Barley,2024-25,158125,4495.1557,35.1768
215031405,Swan Hill Surrounds,Barley,2022-23,205434,5759.5788,35.6682
215031405,Swan Hill Surrounds,Barley,2023-24,256776,5759.5788,44.5824
215031405,Swan Hill Surrounds,Barley,2024-25,184700,5759.5788,32.0683
407021157,Tatiara,Barley,2022-23,56871,6527.2342,8.7129
407021157,Tatiara,Barley,2023-24,31665,6527.2342,4.8512
407021157,Tatiara,Barley,2024-25,22464,6527.2342,3.4416
105011096,Walgett - Lightning Ridge,Sorghum,2022-23,17424,27011.1328,0.6451
105011096,Walgett - Lightning Ridge,Sorghum,2023-24,48247,27011.1328,1.7862
105011096,Walgett - Lightning Ridge,Sorghum,2024-25,26338,27011.1328,0.9751
307021181,Millmerran,Barley,2022-23,15768,4517.0062,3.4908
307021181,Millmerran,Barley,2023-24,17914,4517.0062,3.9659
307021181,Millmerran,Barley,2024-25,25811,4517.0062,5.7142
406011132,Le Hunte - Elliston,Barley,2022-23,222440,11387.2463,19.5341
406011132,Le Hunte - Elliston,Barley,2023-24,142133,11387.2463,12.4818
406011132,Le Hunte - Elliston,Barley,2024-25,98578,11387.2463,8.6569
203011035,Golden Plains - South,Barley,2022-23,18982,1484.5293,12.7865
203011035,Golden Plains - South,Barley,2023-24,8341,1484.5293,5.6186
203011035,Golden Plains - South,Barley,2024-25,5996,1484.5293,4.039
217011421,Hamilton (Vic.),Barley,2022-23,679,198.3369,3.4235
217011421,Hamilton (Vic.),Barley,2024-25,697,198.3369,3.5142
201031014,Beaufort,Barley,2022-23,2724,1863.0431,1.4621
201031014,Beaufort,Barley,2023-24,2036,1863.0431,1.0928
201031014,Beaufort,Barley,2024-25,5599,1863.0431,3.0053
215011393,West Wimmera,Barley,2022-23,10039,5686.3869,1.7654
215011393,West Wimmera,Barley,2023-24,10548,5686.3869,1.855
215011393,West Wimmera,Barley,2024-25,9466,5686.3869,1.6647
509031247,Kulin,Barley,2022-23,1395081,28626.1667,48.7345
509031247,Kulin,Barley,2023-24,1110598,28626.1667,38.7966
509031247,Kulin,Barley,2024-25,1611146,28626.1667,56.2823
406011131,Kimba - Cleve - Franklin Harbour,Oats,2022-23,380,15184.3968,0.025
406011131,Kimba - Cleve - Franklin Harbour,Oats,2023-24,123,15184.3968,0.0081
406011131,Kimba - Cleve - Franklin Harbour,Oats,2024-25,21,15184.3968,0.0014
310021277,Boonah,Wheat,2024-25,1287,2099.4596,0.613
509031249,Narrogin,Oats,2022-23,17049,509.3037,33.4751
509031249,Narrogin,Oats,2023-24,20553,509.3037,40.3551
509031249,Narrogin,Oats,2024-25,37007,509.3037,72.662
202021028,Castlemaine Surrounds,Oats,2022-23,732,1514.9804,0.4832
202021028,Castlemaine Surrounds,Oats,2023-24,388,1514.9804,0.2561
202021028,Castlemaine Surrounds,Oats,2024-25,848,1514.9804,0.5597
307011173,Goondiwindi,Oats,2022-23,33,830.4585,0.0397
307011173,Goondiwindi,Oats,2023-24,11,830.4585,0.0132
307011173,Goondiwindi,Oats,2024-25,2,830.4585,0.0024
509031250,Wagin,Oats,2022-23,169778,9400.051,18.0614
509031250,Wagin,Oats,2023-24,151402,9400.051,16.1065
509031250,Wagin,Oats,2024-25,225645,9400.051,24.0047
103021063,Cowra,Wheat,2022-23,23952,242.201,98.8931
103021063,Cowra,Wheat,2023-24,24415,242.201,100.8047
103021063,Cowra,Wheat,2024-25,30078,242.201,124.1861
113011257,Griffith Surrounds,Wheat,2022-23,897143,23020.2045,38.972
113011257,Griffith Surrounds,Wheat,2023-24,741958,23020.2045,32.2307
113011257,Griffith Surrounds,Wheat,2024-25,884973,23020.2045,38.4433
201011008,Wendouree - Miners Rest,Wheat,2022-23,2121,67.5736,31.388
201011008,Wendouree - Miners Rest,Wheat,2024-25,1122,67.5736,16.6041
215011390,Nhill Region,Wheat,2022-23,499857,11042.793,45.2655
215011390,Nhill Region,Wheat,2023-24,488606,11042.793,44.2466
215011390,Nhill Region,Wheat,2024-25,380336,11042.793,34.442
216011408,Lockington - Gunbower,Wheat,2022-23,46004,1646.4376,27.9415
216011408,Lockington - Gunbower,Wheat,2023-24,42844,1646.4376,26.0222
216011408,Lockington - Gunbower,Wheat,2024-25,35928,1646.4376,21.8217
216021414,Yarrawonga,Sorghum,2023-24,42,94.6968,0.4435
113031264,Gundagai,Oats,2022-23,10,2362.5241,0.0042
217041478,Moyne - West,Barley,2022-23,711,2037.7626,0.3489
103021065,Forbes,Oats,2022-23,448,4598.0438,0.0974
103021065,Forbes,Oats,2023-24,1119,4598.0438,0.2434
103021065,Forbes,Oats,2024-25,2185,4598.0438,0.4752
106041129,Scone Surrounds,Oats,2022-23,28,7948.9584,0.0035
106041129,Scone Surrounds,Oats,2023-24,2,7948.9584,0.0003
106041129,Scone Surrounds,Oats,2024-25,211,7948.9584,0.0265
405041127,Yorke Peninsula - North,Oats,2022-23,146,3654.3884,0.04
405041127,Yorke Peninsula - North,Oats,2023-24,42,3654.3884,0.0115
405041127,Yorke Peninsula - North,Oats,2024-25,7,3654.3884,0.0019
407031164,Mannum,Oats,2022-23,140,3287.9008,0.0426
407031164,Mannum,Oats,2023-24,257,3287.9008,0.0782
407031164,Mannum,Oats,2024-25,183,3287.9008,0.0557
405031121,Peterborough - Mount Remarkable,Oats,2022-23,27,9643.884,0.0028
405031121,Peterborough - Mount Remarkable,Oats,2023-24,105,9643.884,0.0109
405031121,Peterborough - Mount Remarkable,Oats,2024-25,16,9643.884,0.0017
602031061,Northern Midlands,Oats,2022-23,667,4763.6291,0.14
602031061,Northern Midlands,Oats,2023-24,1118,4763.6291,0.2347
602031061,Northern Midlands,Oats,2024-25,925,4763.6291,0.1942
215011392,Stawell,Oats,2022-23,1979,2743.4313,0.7214
215011392,Stawell,Oats,2023-24,3613,2743.4313,1.317
215011392,Stawell,Oats,2024-25,4140,2743.4313,1.5091
106041129,Scone Surrounds,Wheat,2022-23,23544,7948.9584,2.9619
106041129,Scone Surrounds,Wheat,2023-24,10497,7948.9584,1.3206
106041129,Scone Surrounds,Wheat,2024-25,20722,7948.9584,2.6069
407031164,Mannum,Wheat,2022-23,65554,3287.9008,19.9379
407031164,Mannum,Wheat,2023-24,40110,3287.9008,12.1993
407031164,Mannum,Wheat,2024-25,24470,3287.9008,7.4424
307031186,Southern Downs - West,Sorghum,2022-23,13306,2684.545,4.9565
307031186,Southern Downs - West,Sorghum,2023-24,23706,2684.545,8.8305
307031186,Southern Downs - West,Sorghum,2024-25,27434,2684.545,10.2192
405031121,Peterborough - Mount Remarkable,Wheat,2022-23,184098,9643.884,19.0896
405031121,Peterborough - Mount Remarkable,Wheat,2023-24,120858,9643.884,12.5321
405031121,Peterborough - Mount Remarkable,Wheat,2024-25,26811,9643.884,2.7801
602031061,Northern Midlands,Wheat,2022-23,23085,4763.6291,4.8461
602031061,Northern Midlands,Wheat,2023-24,22029,4763.6291,4.6244
602031061,Northern Midlands,Wheat,2024-25,18620,4763.6291,3.9088
509031247,Kulin,Oats,2022-23,171027,28626.1667,5.9745
509031247,Kulin,Oats,2023-24,137591,28626.1667,4.8065
509031247,Kulin,Oats,2024-25,199042,28626.1667,6.9531
201031014,Beaufort,Oats,2022-23,674,1863.0431,0.3618
201031014,Beaufort,Oats,2023-24,2825,1863.0431,1.5163
201031014,Beaufort,Oats,2024-25,2264,1863.0431,1.2152
215011393,West Wimmera,Oats,2022-23,2162,5686.3869,0.3802
215011393,West Wimmera,Oats,2023-24,3010,5686.3869,0.5293
215011393,West Wimmera,Oats,2024-25,5385,5686.3869,0.947
103021066,Grenfell,Oats,2022-23,1047,3294.0766,0.3178
103021066,Grenfell,Oats,2023-24,625,3294.0766,0.1897
103021066,Grenfell,Oats,2024-25,343,3294.0766,0.1041
317011458,Toowoomba - West,Wheat,2022-23,10241,161.2951,63.4923
317011458,Toowoomba - West,Wheat,2023-24,6959,161.2951,43.1445
317011458,Toowoomba - West,Wheat,2024-25,3082,161.2951,19.1078
101061544,Young Surrounds,Barley,2022-23,5834,5849.8086,0.9973
101061544,Young Surrounds,Barley,2023-24,11370,5849.8086,1.9437
101061544,Young Surrounds,Barley,2024-25,19785,5849.8086,3.3822
105031105,Narromine,Barley,2022-23,15411,5956.2535,2.5874
105031105,Narromine,Barley,2023-24,24823,5956.2535,4.1676
105031105,Narromine,Barley,2024-25,38203,5956.2535,6.4139
215021398,Mildura Surrounds,Barley,2022-23,259781,21568.7961,12.0443
215021398,Mildura Surrounds,Barley,2023-24,267981,21568.7961,12.4245
215021398,Mildura Surrounds,Barley,2024-25,189329,21568.7961,8.7779
307011171,Balonne,Sorghum,2022-23,17116,31104.0851,0.5503
307011171,Balonne,Sorghum,2023-24,22546,31104.0851,0.7249
307011171,Balonne,Sorghum,2024-25,1959,31104.0851,0.063
204031070,Chiltern - Indigo Valley,Wheat,2022-23,5365,513.0897,10.4563
204031070,Chiltern - Indigo Valley,Wheat,2023-24,4412,513.0897,8.5989
204031070,Chiltern - Indigo Valley,Wheat,2024-25,6191,513.0897,12.0661
509021237,Cunderdin,Wheat,2022-23,789334,6896.4975,114.4543
509021237,Cunderdin,Wheat,2023-24,581396,6896.4975,84.3031
509021237,Cunderdin,Wheat,2024-25,715625,6896.4975,103.7664
202031033,Loddon,Barley,2022-23,150786,6193.3066,24.3466
202031033,Loddon,Barley,2023-24,198499,6193.3066,32.0506
202031033,Loddon,Barley,2024-25,200039,6193.3066,32.2992
215021399,Red Cliffs,Barley,2024-25,576,246.7231,2.3346
103021064,Cowra Surrounds,Barley,2022-23,2044,3037.1556,0.673
103021064,Cowra Surrounds,Barley,2023-24,2011,3037.1556,0.6621
103021064,Cowra Surrounds,Barley,2024-25,2840,3037.1556,0.9351
509021236,Chittering,Barley,2022-23,3960,1219.9032,3.2462
509021236,Chittering,Barley,2023-24,5263,1219.9032,4.3143
509021236,Chittering,Barley,2024-25,10486,1219.9032,8.5958
215011387,Ararat Surrounds,Wheat,2022-23,246688,4023.1983,61.3164
215011387,Ararat Surrounds,Wheat,2023-24,278822,4023.1983,69.3036
215011387,Ararat Surrounds,Wheat,2024-25,184924,4023.1983,45.9644
105011094,Coonamble,Sorghum,2022-23,8029,12142.3532,0.6612
105011094,Coonamble,Sorghum,2023-24,6445,12142.3532,0.5308
105011094,Coonamble,Sorghum,2024-25,16555,12142.3532,1.3634
509031246,Brookton,Oats,2022-23,87602,7480.8608,11.7101
509031246,Brookton,Oats,2023-24,75978,7480.8608,10.1563
509031246,Brookton,Oats,2024-25,111560,7480.8608,14.9127
405041128,Yorke Peninsula - South,Oats,2022-23,96,2273.834,0.0422
405041128,Yorke Peninsula - South,Oats,2023-24,93,2273.834,0.0409
405041128,Yorke Peninsula - South,Oats,2024-25,1,2273.834,0.0004
511041291,Morawa,Oats,2022-23,2665,23464.3302,0.1136
511041291,Morawa,Oats,2023-24,58,23464.3302,0.0025
511041291,Morawa,Oats,2024-25,1780,23464.3302,0.0759
216021411,Cobram,Oats,2024-25,5,131.7229,0.038
407011144,Goolwa - Port Elliot,Oats,2024-25,18,180.8689,0.0995
308011190,Central Highlands - East,Wheat,2022-23,71264,18635.1607,3.8242
308011190,Central Highlands - East,Wheat,2023-24,11686,18635.1607,0.6271
308011190,Central Highlands - East,Wheat,2024-25,28384,18635.1607,1.5231
312011338,Broadsound - Nebo,Wheat,2022-23,41266,27991.3922,1.4742
312011338,Broadsound - Nebo,Wheat,2023-24,14771,27991.3922,0.5277
312011338,Broadsound - Nebo,Wheat,2024-25,3477,27991.3922,0.1242
407031161,Karoonda - Lameroo,Barley,2022-23,250391,10548.6359,23.7368
407031161,Karoonda - Lameroo,Barley,2023-24,189549,10548.6359,17.9691
407031161,Karoonda - Lameroo,Barley,2024-25,55232,10548.6359,5.2359
509011230,Katanning,Barley,2022-23,122968,2647.0202,46.4553
509011230,Katanning,Barley,2023-24,124038,2647.0202,46.8595
509011230,Katanning,Barley,2024-25,163176,2647.0202,61.6452
319021509,Nanango,Barley,2022-23,506,1648.736,0.3069
319021509,Nanango,Barley,2023-24,520,1648.736,0.3154
319021509,Nanango,Barley,2024-25,721,1648.736,0.4373
105031104,Gilgandra,Sorghum,2022-23,1424,5393.4381,0.264
105031104,Gilgandra,Sorghum,2023-24,928,5393.4381,0.1721
105031104,Gilgandra,Sorghum,2024-25,5994,5393.4381,1.1114
110021192,Inverell Surrounds - East,Sorghum,2022-23,12830,9270.8567,1.3839
110021192,Inverell Surrounds - East,Sorghum,2023-24,26279,9270.8567,2.8346
110021192,Inverell Surrounds - East,Sorghum,2024-25,18933,9270.8567,2.0422
307011172,Chinchilla,Barley,2022-23,27154,8048.7229,3.3737
307011172,Chinchilla,Barley,2023-24,15328,8048.7229,1.9044
307011172,Chinchilla,Barley,2024-25,38584,8048.7229,4.7938
109021177,Hay,Wheat,2022-23,44142,13922.8975,3.1705
109021177,Hay,Wheat,2023-24,38472,13922.8975,2.7632
109021177,Hay,Wheat,2024-25,81076,13922.8975,5.8232
215011388,Horsham,Wheat,2022-23,8335,83.0691,100.3382
215011388,Horsham,Wheat,2023-24,8224,83.0691,99.0019
215011388,Horsham,Wheat,2024-25,9023,83.0691,108.6204
307021183,Wambo,Wheat,2022-23,243950,5700.3324,42.7957
307021183,Wambo,Wheat,2023-24,104909,5700.3324,18.404
307021183,Wambo,Wheat,2024-25,192207,5700.3324,33.7186
407011149,Yankalilla,Wheat,2022-23,161,980.1341,0.1643
407011149,Yankalilla,Wheat,2023-24,64,980.1341,0.0653
407011149,Yankalilla,Wheat,2024-25,56,980.1341,0.0571
105031103,Dubbo Surrounds,Sorghum,2023-24,235,4128.5682,0.0569
405031123,Port Pirie Surrounds,Sorghum,2023-24,323,1583.2661,0.204
405011112,Lyndoch,Barley,2022-23,667,175.7742,3.7946
307031186,Southern Downs - West,Wheat,2022-23,9373,2684.545,3.4915
307031186,Southern Downs - West,Wheat,2023-24,5249,2684.545,1.9553
307031186,Southern Downs - West,Wheat,2024-25,7021,2684.545,2.6153
407021154,Naracoorte,Wheat,2022-23,1879,115.23,16.3065
407021154,Naracoorte,Wheat,2023-24,1921,115.23,16.671
407021154,Naracoorte,Wheat,2024-25,3762,115.23,32.6477
509021239,Gingin - Dandaragan,Wheat,2022-23,120938,9919.9306,12.1914
509021239,Gingin - Dandaragan,Wheat,2023-24,95390,9919.9306,9.616
509021239,Gingin - Dandaragan,Wheat,2024-25,93846,9919.9306,9.4603
307011172,Chinchilla,Sorghum,2022-23,59269,8048.7229,7.3638
307011172,Chinchilla,Sorghum,2023-24,65296,8048.7229,8.1126
307011172,Chinchilla,Sorghum,2024-25,64794,8048.7229,8.0502
405011113,Mallala,Oats,2022-23,118,847.8696,0.1392
405011113,Mallala,Oats,2023-24,16,847.8696,0.0189
405011113,Mallala,Oats,2024-25,49,847.8696,0.0578
509021245,York - Beverley,Oats,2022-23,21458,4502.1111,4.7662
509021245,York - Beverley,Oats,2023-24,13224,4502.1111,2.9373
509021245,York - Beverley,Oats,2024-25,33426,4502.1111,7.4245
307021182,Pittsworth,Oats,2022-23,43,1054.9292,0.0408
307021182,Pittsworth,Oats,2023-24,411,1054.9292,0.3896
307021182,Pittsworth,Oats,2024-25,360,1054.9292,0.3413
509021240,Merredin,Oats,2022-23,47180,9827.5053,4.8008
509021240,Merredin,Oats,2023-24,32562,9827.5053,3.3134
509021240,Merredin,Oats,2024-25,80212,9827.5053,8.162
201021011,Daylesford,Wheat,2022-23,979,920.7579,1.0633
201021011,Daylesford,Wheat,2023-24,950,920.7579,1.0318
201021011,Daylesford,Wheat,2024-25,1971,920.7579,2.1406
217011420,Glenelg (Vic.),Wheat,2022-23,741,6121.4257,0.1211
217011420,Glenelg (Vic.),Wheat,2024-25,503,6121.4257,0.0822
509011234,Plantagenet,Oats,2022-23,3439,4383.8752,0.7845
509011234,Plantagenet,Oats,2023-24,1270,4383.8752,0.2897
509011234,Plantagenet,Oats,2024-25,6352,4383.8752,1.4489
103031074,Mudgee Surrounds - West,Oats,2022-23,332,8043.8633,0.0413
103031074,Mudgee Surrounds - West,Oats,2023-24,383,8043.8633,0.0476
103031074,Mudgee Surrounds - West,Oats,2024-25,529,8043.8633,0.0658
215031400,Buloke,Oats,2022-23,13469,8068.6848,1.6693
215031400,Buloke,Oats,2023-24,5951,8068.6848,0.7375
215031400,Buloke,Oats,2024-25,4514,8068.6848,0.5594
105011096,Walgett - Lightning Ridge,Wheat,2022-23,988975,27011.1328,36.6136
105011096,Walgett - Lightning Ridge,Wheat,2023-24,212803,27011.1328,7.8783
105011096,Walgett - Lightning Ridge,Wheat,2024-25,1141145,27011.1328,42.2472
406011134,West Coast (SA),Wheat,2022-23,628377,31877.8466,19.712
406011134,West Coast (SA),Wheat,2023-24,274403,31877.8466,8.608
406011134,West Coast (SA),Wheat,2024-25,156799,31877.8466,4.9187
312011341,Moranbah,Wheat,2024-25,3324,3046.6387,1.091
511041286,Geraldton - East,Oats,2024-25,32,80.9732,0.3952
109031184,Moama,Barley,2022-23,4981,167.0068,29.8251
109031184,Moama,Barley,2023-24,5959,167.0068,35.6812
109031184,Moama,Barley,2024-25,6857,167.0068,41.0582
105031103,Dubbo Surrounds,Barley,2022-23,4072,4128.5682,0.9863
105031103,Dubbo Surrounds,Barley,2023-24,1997,4128.5682,0.4837
105031103,Dubbo Surrounds,Barley,2024-25,9604,4128.5682,2.3262
204021064,Benalla Surrounds,Barley,2022-23,847,2105.3239,0.4023
204021064,Benalla Surrounds,Barley,2023-24,666,2105.3239,0.3163
204021064,Benalla Surrounds,Barley,2024-25,457,2105.3239,0.2171
307031186,Southern Downs - West,Barley,2022-23,4621,2684.545,1.7213
307031186,Southern Downs - West,Barley,2023-24,8887,2684.545,3.3104
307031186,Southern Downs - West,Barley,2024-25,14053,2684.545,5.2348
509031246,Brookton,Barley,2022-23,322673,7480.8608,43.1331
509031246,Brookton,Barley,2023-24,293561,7480.8608,39.2416
509031246,Brookton,Barley,2024-25,424693,7480.8608,56.7706
405041128,Yorke Peninsula - South,Barley,2022-23,93612,2273.834,41.1692
405041128,Yorke Peninsula - South,Barley,2023-24,68220,2273.834,30.0022
405041128,Yorke Peninsula - South,Barley,2024-25,38063,2273.834,16.7396
407021150,Grant,Barley,2022-23,110,1690.9302,0.0651
407021150,Grant,Barley,2023-24,335,1690.9302,0.1981
407021150,Grant,Barley,2024-25,78,1690.9302,0.0461
511041291,Morawa,Barley,2022-23,188841,23464.3302,8.048
511041291,Morawa,Barley,2023-24,67556,23464.3302,2.8791
511041291,Morawa,Barley,2024-25,169842,23464.3302,7.2383
105031106,Wellington,Wheat,2022-23,46310,3603.4369,12.8516
105031106,Wellington,Wheat,2023-24,39039,3603.4369,10.8338
105031106,Wellington,Wheat,2024-25,66702,3603.4369,18.5107
407031162,Loxton,Wheat,2022-23,46611,146.0888,319.0594
407031162,Loxton,Wheat,2023-24,35221,146.0888,241.0931
407031162,Loxton,Wheat,2024-25,34118,146.0888,233.5429
109031182,Deniliquin,Wheat,2022-23,11071,143.2081,77.3071
109031182,Deniliquin,Wheat,2023-24,6927,143.2081,48.3702
109031182,Deniliquin,Wheat,2024-25,8369,143.2081,58.4394
215011391,St Arnaud,Wheat,2022-23,96659,3008.5749,32.1278
215011391,St Arnaud,Wheat,2023-24,102331,3008.5749,34.0131
215011391,St Arnaud,Wheat,2024-25,63199,3008.5749,21.0063
509021241,Moora,Wheat,2022-23,1610862,13538.3952,118.9847
509021241,Moora,Wheat,2023-24,731005,13538.3952,53.995
509021241,Moora,Wheat,2024-25,1357035,13538.3952,100.236
202031033,Loddon,Oats,2022-23,13446,6193.3066,2.1711
202031033,Loddon,Oats,2023-24,8614,6193.3066,1.3909
202031033,Loddon,Oats,2024-25,12611,6193.3066,2.0362
407031166,Murray Bridge Surrounds,Oats,2022-23,309,1924.5348,0.1606
407031166,Murray Bridge Surrounds,Oats,2023-24,359,1924.5348,0.1865
407031166,Murray Bridge Surrounds,Oats,2024-25,130,1924.5348,0.0675
307021182,Pittsworth,Sorghum,2022-23,120363,1054.9292,114.0958
307021182,Pittsworth,Sorghum,2023-24,138634,1054.9292,131.4155
307021182,Pittsworth,Sorghum,2024-25,128804,1054.9292,122.0973
216011409,Rochester,Wheat,2022-23,34251,351.6446,97.4023
216011409,Rochester,Wheat,2023-24,46536,351.6446,132.3382
216011409,Rochester,Wheat,2024-25,41949,351.6446,119.2937
307011178,Tara,Wheat,2022-23,335416,13208.4392,25.3941
307011178,Tara,Wheat,2023-24,141839,13208.4392,10.7385
307011178,Tara,Wheat,2024-25,196353,13208.4392,14.8657
307031184,Clifton - Greenmount,Wheat,2022-23,37164,1263.947,29.4031
307031184,Clifton - Greenmount,Wheat,2023-24,25426,1263.947,20.1163
307031184,Clifton - Greenmount,Wheat,2024-25,29666,1263.947,23.4709
319021506,Kingaroy Surrounds - North,Barley,2022-23,7266,4332.3354,1.6772
319021506,Kingaroy Surrounds - North,Barley,2023-24,3294,4332.3354,0.7603
319021506,Kingaroy Surrounds - North,Barley,2024-25,5637,4332.3354,1.3011
405041124,Kadina,Barley,2022-23,35991,394.1203,91.3198
405041124,Kadina,Barley,2023-24,65090,394.1203,165.1526
405041124,Kadina,Barley,2024-25,42146,394.1203,106.9369
103021066,Grenfell,Barley,2022-23,12756,3294.0766,3.8724
103021066,Grenfell,Barley,2023-24,21697,3294.0766,6.5867
103021066,Grenfell,Barley,2024-25,32520,3294.0766,9.8723
203031490,Ocean Grove,Barley,2024-25,1024,68.7681,14.8906
105031100,Dubbo - East,Barley,2023-24,1286,87.6912,14.6651
105031104,Gilgandra,Wheat,2022-23,246314,5393.4381,45.6692
105031104,Gilgandra,Wheat,2023-24,154411,5393.4381,28.6294
105031104,Gilgandra,Wheat,2024-25,295316,5393.4381,54.7547
109031185,Tocumwal - Finley - Jerilderie,Wheat,2022-23,386952,5011.159,77.2181
109031185,Tocumwal - Finley - Jerilderie,Wheat,2023-24,472132,5011.159,94.2161
109031185,Tocumwal - Finley - Jerilderie,Wheat,2024-25,398775,5011.159,79.5774
202021026,Bendigo Surrounds - South,Wheat,2022-23,9185,796.8536,11.5266
202021026,Bendigo Surrounds - South,Wheat,2023-24,11393,796.8536,14.2975
202021026,Bendigo Surrounds - South,Wheat,2024-25,9835,796.8536,12.3423
405041124,Kadina,Wheat,2022-23,150310,394.1203,381.381
405041124,Kadina,Wheat,2023-24,102492,394.1203,260.0526
405041124,Kadina,Wheat,2024-25,118660,394.1203,301.0756
407031168,Renmark Surrounds,Wheat,2022-23,20823,901.7859,23.0908
407031168,Renmark Surrounds,Wheat,2023-24,15047,901.7859,16.6858
407031168,Renmark Surrounds,Wheat,2024-25,10188,901.7859,11.2976
509031249,Narrogin,Barley,2022-23,14169,509.3037,27.8203
509031249,Narrogin,Barley,2023-24,21885,509.3037,42.9704
509031249,Narrogin,Barley,2024-25,28536,509.3037,56.0294
509021240,Merredin,Barley,2022-23,270827,9827.5053,27.5581
509021240,Merredin,Barley,2023-24,151539,9827.5053,15.4199
509021240,Merredin,Barley,2024-25,253791,9827.5053,25.8246
509021239,Gingin - Dandaragan,Barley,2022-23,18175,9919.9306,1.8322
509021239,Gingin - Dandaragan,Barley,2023-24,15605,9919.9306,1.5731
509021239,Gingin - Dandaragan,Barley,2024-25,26616,9919.9306,2.6831
603011067,Southern Midlands,Barley,2022-23,6050,2600.2609,2.3267
603011067,Southern Midlands,Barley,2023-24,6000,2600.2609,2.3075
603011067,Southern Midlands,Barley,2024-25,4914,2600.2609,1.8898
215011394,Yarriambiack,Barley,2022-23,407175,7139.5816,57.0307
215011394,Yarriambiack,Barley,2023-24,444274,7139.5816,62.2269
215011394,Yarriambiack,Barley,2024-25,369128,7139.5816,51.7016
307031185,Southern Downs - East,Barley,2022-23,7702,1634.5787,4.7119
307031185,Southern Downs - East,Barley,2023-24,12297,1634.5787,7.523
307031185,Southern Downs - East,Barley,2024-25,14492,1634.5787,8.8659
308011191,Central Highlands - West,Barley,2022-23,17844,41551.251,0.4294
308011191,Central Highlands - West,Barley,2023-24,5452,41551.251,0.1312
308011191,Central Highlands - West,Barley,2024-25,4525,41551.251,0.1089
407021154,Naracoorte,Barley,2022-23,557,115.23,4.8338
407021154,Naracoorte,Barley,2024-25,709,115.23,6.1529
215011390,Nhill Region,Oats,2022-23,8786,11042.793,0.7956
215011390,Nhill Region,Oats,2023-24,6240,11042.793,0.5651
215011390,Nhill Region,Oats,2024-25,5057,11042.793,0.4579
202031033,Loddon,Sorghum,2022-23,1153,6193.3066,0.1862
202031033,Loddon,Sorghum,2024-25,587,6193.3066,0.0948
105011092,Bourke - Brewarrina,Oats,2022-23,44,56841.5222,0.0008
105011092,Bourke - Brewarrina,Oats,2024-25,13,56841.5222,0.0002
105011094,Coonamble,Oats,2022-23,581,12142.3532,0.0478
105011094,Coonamble,Oats,2023-24,548,12142.3532,0.0451
105011094,Coonamble,Oats,2024-25,1260,12142.3532,0.1038
110041202,Tamworth - East,Oats,2022-23,3,102.1806,0.0294
110041202,Tamworth - East,Oats,2023-24,1,102.1806,0.0098
110041202,Tamworth - East,Oats,2024-25,6,102.1806,0.0587
307011172,Chinchilla,Wheat,2022-23,64219,8048.7229,7.9788
307011172,Chinchilla,Wheat,2023-24,29868,8048.7229,3.7109
307011172,Chinchilla,Wheat,2024-25,39724,8048.7229,4.9354
307021180,Jondaryan,Oats,2022-23,285,2130.3447,0.1338
307021180,Jondaryan,Oats,2023-24,147,2130.3447,0.069
307021180,Jondaryan,Oats,2024-25,93,2130.3447,0.0437
406011132,Le Hunte - Elliston,Oats,2022-23,41,11387.2463,0.0036
406011132,Le Hunte - Elliston,Oats,2023-24,8,11387.2463,0.0007
406011132,Le Hunte - Elliston,Oats,2024-25,10,11387.2463,0.0009
407021157,Tatiara,Oats,2022-23,9215,6527.2342,1.4118
407021157,Tatiara,Oats,2023-24,6442,6527.2342,0.9869
407021157,Tatiara,Oats,2024-25,5516,6527.2342,0.8451
105011093,Cobar,Oats,2022-23,43,45551.398,0.0009
105011093,Cobar,Oats,2023-24,1049,45551.398,0.023
105011093,Cobar,Oats,2024-25,2728,45551.398,0.0599
105011095,Nyngan - Warren,Oats,2022-23,1381,21216.0023,0.0651
105011095,Nyngan - Warren,Oats,2023-24,2088,21216.0023,0.0984
105011095,Nyngan - Warren,Oats,2024-25,2682,21216.0023,0.1264
509011229,Gnowangerup,Oats,2022-23,43998,15012.8153,2.9307
509011229,Gnowangerup,Oats,2023-24,29541,15012.8153,1.9677
509011229,Gnowangerup,Oats,2024-25,39839,15012.8153,2.6537
110021192,Inverell Surrounds - East,Oats,2022-23,123,9270.8567,0.0133
110021192,Inverell Surrounds - East,Oats,2023-24,36,9270.8567,0.0039
110021192,Inverell Surrounds - East,Oats,2024-25,165,9270.8567,0.0178
113031271,Wagga Wagga Surrounds,Oats,2022-23,14281,9334.6874,1.5299
113031271,Wagga Wagga Surrounds,Oats,2023-24,13226,9334.6874,1.4169
113031271,Wagga Wagga Surrounds,Oats,2024-25,14708,9334.6874,1.5756
103041079,Orange Surrounds,Barley,2022-23,1225,4480.0956,0.2734
103041079,Orange Surrounds,Barley,2023-24,666,4480.0956,0.1487
103041079,Orange Surrounds,Barley,2024-25,1433,4480.0956,0.3199
110041205,Tamworth Surrounds,Barley,2022-23,7335,8980.4841,0.8168
110041205,Tamworth Surrounds,Barley,2023-24,4771,8980.4841,0.5313
110041205,Tamworth Surrounds,Barley,2024-25,19482,8980.4841,2.1694
215011389,Horsham Surrounds,Barley,2022-23,96576,4251.4674,22.7159
215011389,Horsham Surrounds,Barley,2023-24,127071,4251.4674,29.8887
215011389,Horsham Surrounds,Barley,2024-25,79369,4251.4674,18.6686
215011387,Ararat Surrounds,Sorghum,2022-23,4466,4023.1983,1.1101
215011387,Ararat Surrounds,Sorghum,2024-25,6818,4023.1983,1.6947
405041125,Moonta,Wheat,2022-23,33681,271.9202,123.8635
405041125,Moonta,Wheat,2023-24,23809,271.9202,87.5588
405041125,Moonta,Wheat,2024-25,19222,271.9202,70.6899
407021155,Naracoorte Surrounds,Wheat,2022-23,43696,4404.485,9.9208
407021155,Naracoorte Surrounds,Wheat,2023-24,58598,4404.485,13.3042
407021155,Naracoorte Surrounds,Wheat,2024-25,39318,4404.485,8.9268
407031169,The Coorong,Wheat,2022-23,156770,8644.9956,18.1342
407031169,The Coorong,Wheat,2023-24,138908,8644.9956,16.068
407031169,The Coorong,Wheat,2024-25,43167,8644.9956,4.9933
407021152,Millicent,Barley,2024-25,796,177.4315,4.4862
213041573,Eynesbury - Exford,Wheat,2024-25,1503,69.4885,21.6295
307011174,Inglewood - Waggamba,Sorghum,2022-23,41891,17523.0601,2.3906
307011174,Inglewood - Waggamba,Sorghum,2023-24,66426,17523.0601,3.7908
307011174,Inglewood - Waggamba,Sorghum,2024-25,67393,17523.0601,3.846
319021507,Kingaroy Surrounds - South,Wheat,2022-23,10325,2370.7257,4.3552
319021507,Kingaroy Surrounds - South,Wheat,2023-24,1149,2370.7257,0.4847
319021507,Kingaroy Surrounds - South,Wheat,2024-25,1801,2370.7257,0.7597
104021083,Bellingen,Wheat,2023-24,1059,1001.0481,1.0579
104021083,Bellingen,Wheat,2024-25,606,1001.0481,0.6054
101061544,Young Surrounds,Oats,2022-23,1010,5849.8086,0.1727
101061544,Young Surrounds,Oats,2023-24,60,5849.8086,0.0103
101061544,Young Surrounds,Oats,2024-25,377,5849.8086,0.0644
105031105,Narromine,Oats,2022-23,236,5956.2535,0.0396
105031105,Narromine,Oats,2023-24,2029,5956.2535,0.3407
105031105,Narromine,Oats,2024-25,1165,5956.2535,0.1956
215021398,Mildura Surrounds,Oats,2022-23,3898,21568.7961,0.1807
215021398,Mildura Surrounds,Oats,2023-24,1706,21568.7961,0.0791
215021398,Mildura Surrounds,Oats,2024-25,3201,21568.7961,0.1484
113031263,Cootamundra,Wheat,2022-23,82041,1656.1222,49.538
113031263,Cootamundra,Wheat,2023-24,96967,1656.1222,58.5506
113031263,Cootamundra,Wheat,2024-25,90994,1656.1222,54.944
509021243,Northam,Wheat,2022-23,128294,1431.2215,89.6395
509021243,Northam,Wheat,2023-24,99354,1431.2215,69.419
509021243,Northam,Wheat,2024-25,108942,1431.2215,76.1182
405041126,Wallaroo,Wheat,2022-23,11999,146.5314,81.8869
405041126,Wallaroo,Wheat,2023-24,8809,146.5314,60.1168
405041126,Wallaroo,Wheat,2024-25,6995,146.5314,47.7372
307031188,Stanthorpe Surrounds,Sorghum,2024-25,72,2657.148,0.0271
113011258,Leeton,Sorghum,2024-25,221,373.8747,0.5911
215011391,St Arnaud,Sorghum,2024-25,1204,3008.5749,0.4002
216021414,Yarrawonga,Barley,2022-23,1928,94.6968,20.3597
216021414,Yarrawonga,Barley,2023-24,1004,94.6968,10.6023
319021503,Gayndah - Mundubbera,Barley,2022-23,188,8513.3532,0.0221
319021503,Gayndah - Mundubbera,Barley,2023-24,65,8513.3532,0.0076
203021486,Corio - Lovely Banks,Barley,2022-23,516,74.351,6.9401
203021486,Corio - Lovely Banks,Barley,2023-24,1273,74.351,17.1215
110031197,Narrabri,Sorghum,2023-24,558,180.363,3.0938
317011449,Gowrie (Qld),Wheat,2022-23,2645,81.0101,32.6502
405021116,Clare,Barley,2022-23,764,74.203,10.2961
110041200,Gunnedah Surrounds,Wheat,2022-23,216572,5765.8611,37.5611
110041200,Gunnedah Surrounds,Wheat,2023-24,175359,5765.8611,30.4133
110041200,Gunnedah Surrounds,Wheat,2024-25,254650,5765.8611,44.1651
201021010,Creswick - Clunes,Wheat,2022-23,30878,856.7892,36.0392
201021010,Creswick - Clunes,Wheat,2023-24,28510,856.7892,33.2754
201021010,Creswick - Clunes,Wheat,2024-25,28801,856.7892,33.615
103021065,Forbes,Barley,2022-23,25147,4598.0438,5.4691
103021065,Forbes,Barley,2023-24,38531,4598.0438,8.3799
103021065,Forbes,Barley,2024-25,51123,4598.0438,11.1184
215011392,Stawell,Barley,2022-23,12607,2743.4313,4.5953
215011392,Stawell,Barley,2023-24,14044,2743.4313,5.1191
215011392,Stawell,Barley,2024-25,9998,2743.4313,3.6443
307021179,Crows Nest - Rosalie,Barley,2022-23,9728,3250.6881,2.9926
307021179,Crows Nest - Rosalie,Barley,2023-24,6970,3250.6881,2.1442
307021179,Crows Nest - Rosalie,Barley,2024-25,9245,3250.6881,2.844
407031163,Loxton Surrounds,Barley,2022-23,34273,4790.3357,7.1546
407031163,Loxton Surrounds,Barley,2023-24,25153,4790.3357,5.2508
407031163,Loxton Surrounds,Barley,2024-25,16215,4790.3357,3.3849
509021242,Mukinbudin,Barley,2022-23,233038,50176.9809,4.6443
509021242,Mukinbudin,Barley,2023-24,87081,50176.9809,1.7355
509021242,Mukinbudin,Barley,2024-25,140883,50176.9809,2.8077
501021007,Capel,Barley,2024-25,7510,507.0606,14.8109
204011054,Alexandra,Barley,2024-25,1610,2118.9554,0.7598
307011178,Tara,Oats,2022-23,49,13208.4392,0.0037
307011178,Tara,Oats,2023-24,95,13208.4392,0.0072
307011178,Tara,Oats,2024-25,80,13208.4392,0.0061
509021241,Moora,Oats,2022-23,10698,13538.3952,0.7902
509021241,Moora,Oats,2023-24,2333,13538.3952,0.1723
509021241,Moora,Oats,2024-25,11231,13538.3952,0.8296
216011409,Rochester,Oats,2022-23,174,351.6446,0.4948
216011409,Rochester,Oats,2023-24,90,351.6446,0.2559
216011409,Rochester,Oats,2024-25,41,351.6446,0.1166
307031184,Clifton - Greenmount,Oats,2022-23,11,1263.947,0.0087
307031184,Clifton - Greenmount,Oats,2023-24,36,1263.947,0.0285
307031184,Clifton - Greenmount,Oats,2024-25,5,1263.947,0.004
307011173,Goondiwindi,Sorghum,2022-23,23009,830.4585,27.7064
307011173,Goondiwindi,Sorghum,2023-24,12591,830.4585,15.1615
307011173,Goondiwindi,Sorghum,2024-25,24833,830.4585,29.9028
110031196,Moree Surrounds,Oats,2022-23,168,19807.3163,0.0085
110031196,Moree Surrounds,Oats,2023-24,67,19807.3163,0.0034
110031196,Moree Surrounds,Oats,2024-25,135,19807.3163,0.0068
216021412,Moira,Oats,2022-23,333,1498.8283,0.2222
216021412,Moira,Oats,2023-24,1178,1498.8283,0.7859
216021412,Moira,Oats,2024-25,676,1498.8283,0.451
110021193,Inverell Surrounds - West,Sorghum,2022-23,61432,8283.6399,7.4161
110021193,Inverell Surrounds - West,Sorghum,2023-24,51016,8283.6399,6.1586
110021193,Inverell Surrounds - West,Sorghum,2024-25,70509,8283.6399,8.5118
201021012,Gordon (Vic.),Oats,2024-25,505,850.3137,0.5939
317011458,Toowoomba - West,Sorghum,2022-23,10501,161.2951,65.1043
317011458,Toowoomba - West,Sorghum,2023-24,12787,161.2951,79.2771
317011458,Toowoomba - West,Sorghum,2024-25,4296,161.2951,26.6344
105031102,Dubbo - West,Wheat,2022-23,1502,69.436,21.6314
105031102,Dubbo - West,Wheat,2023-24,1430,69.436,20.5945
105031102,Dubbo - West,Wheat,2024-25,817,69.436,11.7662
604011076,Burnie - Ulverstone Surrounds,Wheat,2022-23,4084,1364.2465,2.9936
604011076,Burnie - Ulverstone Surrounds,Wheat,2023-24,4501,1364.2465,3.2993
604011076,Burnie - Ulverstone Surrounds,Wheat,2024-25,4638,1364.2465,3.3997
312011339,Clermont,Barley,2022-23,659,27669.8883,0.0238
312011339,Clermont,Barley,2023-24,2146,27669.8883,0.0776
312011339,Clermont,Barley,2024-25,293,27669.8883,0.0106
407031165,Murray Bridge,Barley,2022-23,633,97.5456,6.4893
407031165,Murray Bridge,Barley,2023-24,1759,97.5456,18.0326
407031165,Murray Bridge,Barley,2024-25,1537,97.5456,15.7567
204021065,Rutherglen,Barley,2022-23,4328,479.8352,9.0198
204021065,Rutherglen,Barley,2023-24,2645,479.8352,5.5123
204021065,Rutherglen,Barley,2024-25,1780,479.8352,3.7096
203031051,Portarlington,Barley,2024-25,10364,71.8555,144.2339
501021010,Dardanup,Barley,2024-25,2403,517.0762,4.6473
103021064,Cowra Surrounds,Oats,2022-23,202,3037.1556,0.0665
103021064,Cowra Surrounds,Oats,2023-24,139,3037.1556,0.0458
103021064,Cowra Surrounds,Oats,2024-25,615,3037.1556,0.2025
509021236,Chittering,Oats,2022-23,938,1219.9032,0.7689
509021236,Chittering,Oats,2023-24,394,1219.9032,0.323
509021236,Chittering,Oats,2024-25,718,1219.9032,0.5886
103021062,Condobolin,Sorghum,2022-23,1455,15858.8502,0.0917
103021062,Condobolin,Sorghum,2023-24,1128,15858.8502,0.0711
103021062,Condobolin,Sorghum,2024-25,6023,15858.8502,0.3798
103021068,Parkes Surrounds,Wheat,2022-23,140504,5418.1649,25.932
103021068,Parkes Surrounds,Wheat,2023-24,141521,5418.1649,26.1197
103021068,Parkes Surrounds,Wheat,2024-25,205472,5418.1649,37.9228
216011406,Echuca,Wheat,2022-23,14768,183.9532,80.2813
216011406,Echuca,Wheat,2023-24,13895,183.9532,75.5355
216011406,Echuca,Wheat,2024-25,23194,183.9532,126.0864
317011445,Cambooya - Wyreema,Wheat,2022-23,18594,227.5385,81.718
317011445,Cambooya - Wyreema,Wheat,2023-24,19175,227.5385,84.2715
317011445,Cambooya - Wyreema,Wheat,2024-25,11437,227.5385,50.264
110041199,Gunnedah,Oats,2023-24,1,90.1551,0.0111
110041199,Gunnedah,Oats,2024-25,2,90.1551,0.0222
213051589,Wyndham Vale - North,Wheat,2024-25,770,51.2497,15.0245
113031265,Junee,Wheat,2022-23,146136,1970.8746,74.1478
113031265,Junee,Wheat,2023-24,136457,1970.8746,69.2368
113031265,Junee,Wheat,2024-25,139041,1970.8746,70.5479
217031473,Colac Surrounds,Wheat,2022-23,17956,1934.2762,9.2831
217031473,Colac Surrounds,Wheat,2023-24,18383,1934.2762,9.5038
217031473,Colac Surrounds,Wheat,2024-25,10992,1934.2762,5.6827
109011175,Albury Surrounds,Wheat,2022-23,191107,5401.7533,35.3787
109011175,Albury Surrounds,Wheat,2023-24,201867,5401.7533,37.3706
109011175,Albury Surrounds,Wheat,2024-25,148548,5401.7533,27.5
114021289,Southern Highlands,Wheat,2022-23,4136,1409.7013,2.934
114021289,Southern Highlands,Wheat,2024-25,3409,1409.7013,2.4182
202021029,Heathcote,Wheat,2022-23,3406,756.8174,4.5004
202021029,Heathcote,Wheat,2023-24,1886,756.8174,2.492
202021029,Heathcote,Wheat,2024-25,2749,756.8174,3.6323
217031474,Corangamite - North,Wheat,2022-23,104361,2538.3285,41.1141
217031474,Corangamite - North,Wheat,2023-24,140016,2538.3285,55.1607
217031474,Corangamite - North,Wheat,2024-25,104419,2538.3285,41.1369
401021008,Mount Barker Surrounds,Wheat,2022-23,2884,395.6659,7.289
401021008,Mount Barker Surrounds,Wheat,2024-25,199,395.6659,0.5029
509011231,Kojonup,Wheat,2022-23,303178,8554.5095,35.4407
509011231,Kojonup,Wheat,2023-24,230198,8554.5095,26.9095
509011231,Kojonup,Wheat,2024-25,313238,8554.5095,36.6167
315031410,Far Central West,Sorghum,2024-25,2366,271272.549,0.0087
215031403,Robinvale,Barley,2022-23,907,181.5961,4.9946
215031403,Robinvale,Barley,2023-24,1076,181.5961,5.9252
405021117,Gilbert Valley,Sorghum,2023-24,494,1675.3597,0.2949
203031048,Clifton Springs,Wheat,2023-24,692,65.1496,10.6217
402011027,Lewiston - Two Wells,Barley,2022-23,2682,84.6217,31.694
402011027,Lewiston - Two Wells,Barley,2023-24,1517,84.6217,17.9268
312011341,Moranbah,Sorghum,2023-24,549,3046.6387,0.1802
204031070,Chiltern - Indigo Valley,Barley,2022-23,564,513.0897,1.0992
406011129,Ceduna,Oats,2022-23,504,413.3374,1.2193
109021177,Hay,Oats,2022-23,397,13922.8975,0.0285
109021177,Hay,Oats,2023-24,15,13922.8975,0.0011
109021177,Hay,Oats,2024-25,248,13922.8975,0.0178
509021238,Dowerin,Oats,2022-23,13886,11490.3834,1.2085
509021238,Dowerin,Oats,2023-24,5135,11490.3834,0.4469
509021238,Dowerin,Oats,2024-25,13315,11490.3834,1.1588
307021179,Crows Nest - Rosalie,Sorghum,2022-23,13807,3250.6881,4.2474
307021179,Crows Nest - Rosalie,Sorghum,2023-24,11244,3250.6881,3.459
307021179,Crows Nest - Rosalie,Sorghum,2024-25,15206,3250.6881,4.6778
201031014,Beaufort,Wheat,2022-23,55593,1863.0431,29.8399
201031014,Beaufort,Wheat,2023-24,86147,1863.0431,46.2399
201031014,Beaufort,Wheat,2024-25,44115,1863.0431,23.679
215011393,West Wimmera,Wheat,2022-23,117346,5686.3869,20.6363
215011393,West Wimmera,Wheat,2023-24,146101,5686.3869,25.6931
215011393,West Wimmera,Wheat,2024-25,121276,5686.3869,21.3274
405041127,Yorke Peninsula - North,Wheat,2022-23,598513,3654.3884,163.7793
405041127,Yorke Peninsula - North,Wheat,2023-24,493757,3654.3884,135.1134
405041127,Yorke Peninsula - North,Wheat,2024-25,307942,3654.3884,84.2664
202021028,Castlemaine Surrounds,Barley,2022-23,2317,1514.9804,1.5294
202021028,Castlemaine Surrounds,Barley,2023-24,3426,1514.9804,2.2614
202021028,Castlemaine Surrounds,Barley,2024-25,3926,1514.9804,2.5915
307011173,Goondiwindi,Barley,2022-23,17418,830.4585,20.974
307011173,Goondiwindi,Barley,2023-24,18613,830.4585,22.4129
307011173,Goondiwindi,Barley,2024-25,37926,830.4585,45.6687
509031250,Wagin,Barley,2022-23,304296,9400.051,32.3717
509031250,Wagin,Barley,2023-24,280597,9400.051,29.8506
509031250,Wagin,Barley,2024-25,389919,9400.051,41.4805
319021508,Monto - Eidsvold,Barley,2022-23,3024,11156.4957,0.2711
319021508,Monto - Eidsvold,Barley,2023-24,417,11156.4957,0.0374
319021508,Monto - Eidsvold,Barley,2024-25,1644,11156.4957,0.1474
407031170,Waikerie,Barley,2022-23,38981,5557.8467,7.0137
407031170,Waikerie,Barley,2023-24,12571,5557.8467,2.2618
407031170,Waikerie,Barley,2024-25,7152,5557.8467,1.2868
113031267,Wagga Wagga - East,Wheat,2024-25,921,54.0429,17.042
201031013,Avoca,Barley,2022-23,11110,1714.2397,6.481
201031013,Avoca,Barley,2023-24,6294,1714.2397,3.6716
201031013,Avoca,Barley,2024-25,11709,1714.2397,6.8304
109021179,Wentworth-Balranald Region,Oats,2022-23,673,49722.5286,0.0135
109021179,Wentworth-Balranald Region,Oats,2023-24,1845,49722.5286,0.0371
109021179,Wentworth-Balranald Region,Oats,2024-25,3538,49722.5286,0.0712
204011058,Nagambie,Oats,2022-23,8,1294.3498,0.0062
204011058,Nagambie,Oats,2023-24,214,1294.3498,0.1653
204011058,Nagambie,Oats,2024-25,84,1294.3498,0.0649
110031198,Narrabri Surrounds,Oats,2022-23,42,11965.644,0.0035
110031198,Narrabri Surrounds,Oats,2023-24,13,11965.644,0.0011
110031198,Narrabri Surrounds,Oats,2024-25,104,11965.644,0.0087
216011410,Rushworth,Oats,2022-23,597,1633.8861,0.3654
216011410,Rushworth,Oats,2023-24,586,1633.8861,0.3587
216011410,Rushworth,Oats,2024-25,352,1633.8861,0.2154
216021413,Numurkah,Oats,2022-23,252,2320.6721,0.1086
216021413,Numurkah,Oats,2023-24,430,2320.6721,0.1853
216021413,Numurkah,Oats,2024-25,770,2320.6721,0.3318
308011190,Central Highlands - East,Oats,2022-23,9,18635.1607,0.0005
308011190,Central Highlands - East,Oats,2023-24,14,18635.1607,0.0008
308011190,Central Highlands - East,Oats,2024-25,7,18635.1607,0.0004
312011338,Broadsound - Nebo,Oats,2022-23,18,27991.3922,0.0006
312011338,Broadsound - Nebo,Oats,2024-25,2,27991.3922,0.0001
407021151,Kingston - Robe,Oats,2024-25,126,4431.5114,0.0284
307031185,Southern Downs - East,Sorghum,2022-23,8118,1634.5787,4.9664
307031185,Southern Downs - East,Sorghum,2023-24,10106,1634.5787,6.1826
307031185,Southern Downs - East,Sorghum,2024-25,20563,1634.5787,12.58
307011177,Roma Surrounds,Oats,2022-23,65,58626.3627,0.0011
307011177,Roma Surrounds,Oats,2023-24,166,58626.3627,0.0028
307011177,Roma Surrounds,Oats,2024-25,167,58626.3627,0.0028
110041201,Quirindi,Sorghum,2022-23,200729,5077.8424,39.5304
110041201,Quirindi,Sorghum,2023-24,195735,5077.8424,38.5469
110041201,Quirindi,Sorghum,2024-25,218656,5077.8424,43.0608
310021280,Lockyer Valley - East,Sorghum,2022-23,2913,741.5888,3.9281
310021280,Lockyer Valley - East,Sorghum,2023-24,2405,741.5888,3.243
310021280,Lockyer Valley - East,Sorghum,2024-25,1876,741.5888,2.5297
309071254,Jacobs Well - Alberton,Sorghum,2022-23,452,153.7124,2.9406
309071254,Jacobs Well - Alberton,Sorghum,2024-25,1400,153.7124,9.1079
105031099,Coonabarabran,Oats,2022-23,1144,10474.1331,0.1092
105031099,Coonabarabran,Oats,2023-24,1885,10474.1331,0.18
105031099,Coonabarabran,Oats,2024-25,2158,10474.1331,0.206
405021119,Wakefield - Barunga West,Oats,2022-23,415,5231.2432,0.0793
405021119,Wakefield - Barunga West,Oats,2023-24,161,5231.2432,0.0308
405021119,Wakefield - Barunga West,Oats,2024-25,369,5231.2432,0.0705
203011036,Winchelsea,Oats,2023-24,3,903.2574,0.0033
203011036,Winchelsea,Oats,2024-25,68,903.2574,0.0753
217041477,Moyne - East,Oats,2023-24,1534,3275.7989,0.4683
217041477,Moyne - East,Oats,2024-25,1451,3275.7989,0.4429
109031183,Deniliquin Surrounds,Sorghum,2022-23,1256,18337.9454,0.0685
109031183,Deniliquin Surrounds,Sorghum,2023-24,9225,18337.9454,0.5031
109031183,Deniliquin Surrounds,Sorghum,2024-25,496,18337.9454,0.027
308041528,Banana,Sorghum,2022-23,30466,28531.2933,1.0678
308041528,Banana,Sorghum,2023-24,40794,28531.2933,1.4298
308041528,Banana,Sorghum,2024-25,37945,28531.2933,1.3299
603011065,Central Highlands,Wheat,2022-23,1857,7185.4625,0.2584
603011065,Central Highlands,Wheat,2023-24,2099,7185.4625,0.2921
603011065,Central Highlands,Wheat,2024-25,1794,7185.4625,0.2497
203021043,Lara,Barley,2022-23,10452,588.6012,17.7574
203021043,Lara,Barley,2023-24,30226,588.6012,51.3523
203021043,Lara,Barley,2024-25,22406,588.6012,38.0665
402011025,Gawler - North,Barley,2022-23,11602,145.5294,79.7227
402011025,Gawler - North,Barley,2023-24,6869,145.5294,47.2001
402011025,Gawler - North,Barley,2024-25,5039,145.5294,34.6253
110021193,Inverell Surrounds - West,Barley,2022-23,77280,8283.6399,9.3292
110021193,Inverell Surrounds - West,Barley,2023-24,52630,8283.6399,6.3535
110021193,Inverell Surrounds - West,Barley,2024-25,125944,8283.6399,15.2039
204011055,Euroa,Barley,2022-23,1719,2057.9046,0.8353
204011055,Euroa,Barley,2023-24,710,2057.9046,0.345
204011055,Euroa,Barley,2024-25,597,2057.9046,0.2901
509021244,Toodyay,Barley,2022-23,13577,1691.6485,8.0259
509021244,Toodyay,Barley,2023-24,24213,1691.6485,14.3133
509021244,Toodyay,Barley,2024-25,12648,1691.6485,7.4767
501031017,Bridgetown - Boyup Brook,Wheat,2022-23,68873,4163.8195,16.5408
501031017,Bridgetown - Boyup Brook,Wheat,2023-24,31472,4163.8195,7.5584
501031017,Bridgetown - Boyup Brook,Wheat,2024-25,24239,4163.8195,5.8213
307011174,Inglewood - Waggamba,Barley,2022-23,173431,17523.0601,9.8973
307011174,Inglewood - Waggamba,Barley,2023-24,62923,17523.0601,3.5909
307011174,Inglewood - Waggamba,Barley,2024-25,226485,17523.0601,12.925
101031013,Bombala,Barley,2024-25,4871,3990.144,1.2208
509031247,Kulin,Wheat,2022-23,1286658,28626.1667,44.9469
509031247,Kulin,Wheat,2023-24,796011,28626.1667,27.8071
509031247,Kulin,Wheat,2024-25,922940,28626.1667,32.2411
204011058,Nagambie,Wheat,2022-23,18003,1294.3498,13.9089
204011058,Nagambie,Wheat,2023-24,25663,1294.3498,19.8269
204011058,Nagambie,Wheat,2024-25,28443,1294.3498,21.9747
307031189,Warwick,Wheat,2022-23,1516,158.7231,9.5512
307031189,Warwick,Wheat,2023-24,857,158.7231,5.3993
307031189,Warwick,Wheat,2024-25,1348,158.7231,8.4928
110031198,Narrabri Surrounds,Wheat,2022-23,577328,11965.644,48.2488
110031198,Narrabri Surrounds,Wheat,2023-24,229607,11965.644,19.1889
110031198,Narrabri Surrounds,Wheat,2024-25,720530,11965.644,60.2166
203011036,Winchelsea,Wheat,2022-23,21378,903.2574,23.6677
203011036,Winchelsea,Wheat,2023-24,21076,903.2574,23.3333
203011036,Winchelsea,Wheat,2024-25,22011,903.2574,24.3685
216011410,Rushworth,Wheat,2022-23,79373,1633.8861,48.5793
216011410,Rushworth,Wheat,2023-24,102334,1633.8861,62.6323
216011410,Rushworth,Wheat,2024-25,113734,1633.8861,69.6095
216021413,Numurkah,Wheat,2022-23,90110,2320.6721,38.8293
216021413,Numurkah,Wheat,2023-24,115925,2320.6721,49.9532
216021413,Numurkah,Wheat,2024-25,94718,2320.6721,40.8149
509021238,Dowerin,Wheat,2022-23,1215295,11490.3834,105.7663
509021238,Dowerin,Wheat,2023-24,669497,11490.3834,58.2659
509021238,Dowerin,Wheat,2024-25,960640,11490.3834,83.6038
106011110,Dungog,Sorghum,2024-25,275,2249.9983,0.1222
319021505,Kingaroy,Sorghum,2024-25,866,70.1948,12.3371
110021194,Tenterfield,Sorghum,2024-25,1847,7324.3072,0.2522
110031195,Moree,Barley,2023-24,1366,69.3971,19.6838
215011394,Yarriambiack,Sorghum,2022-23,1690,7139.5816,0.2367
103021069,West Wyalong,Wheat,2022-23,385757,8317.473,46.3791
103021069,West Wyalong,Wheat,2023-24,396013,8317.473,47.6122
103021069,West Wyalong,Wheat,2024-25,511180,8317.473,61.4586
110021191,Inverell,Wheat,2022-23,2754,207.6617,13.262
110021191,Inverell,Wheat,2023-24,2731,207.6617,13.1512
110021191,Inverell,Wheat,2024-25,5482,207.6617,26.3987
307021183,Wambo,Oats,2022-23,21,5700.3324,0.0037
307021183,Wambo,Oats,2023-24,91,5700.3324,0.016
307021183,Wambo,Oats,2024-25,28,5700.3324,0.0049
407011149,Yankalilla,Oats,2022-23,38,980.1341,0.0388
407011149,Yankalilla,Oats,2024-25,28,980.1341,0.0286
113031264,Gundagai,Wheat,2022-23,8614,2362.5241,3.6461
113031264,Gundagai,Wheat,2023-24,12146,2362.5241,5.1411
113031264,Gundagai,Wheat,2024-25,9938,2362.5241,4.2065
110041200,Gunnedah Surrounds,Oats,2022-23,204,5765.8611,0.0354
110041200,Gunnedah Surrounds,Oats,2023-24,42,5765.8611,0.0073
110041200,Gunnedah Surrounds,Oats,2024-25,253,5765.8611,0.0439
201021010,Creswick - Clunes,Oats,2022-23,881,856.7892,1.0283
201021010,Creswick - Clunes,Oats,2023-24,555,856.7892,0.6478
201021010,Creswick - Clunes,Oats,2024-25,1352,856.7892,1.578
110031195,Moree,Sorghum,2022-23,3554,69.3971,51.2125
110031195,Moree,Sorghum,2023-24,1319,69.3971,19.0066
110031195,Moree,Sorghum,2024-25,948,69.3971,13.6605
103021063,Cowra,Oats,2022-23,249,242.201,1.0281
103021063,Cowra,Oats,2023-24,143,242.201,0.5904
103021063,Cowra,Oats,2024-25,380,242.201,1.5689
201031015,Golden Plains - North,Barley,2022-23,2888,922.0812,3.132
201031015,Golden Plains - North,Barley,2023-24,1723,922.0812,1.8686
201031015,Golden Plains - North,Barley,2024-25,1589,922.0812,1.7233
407021158,Wattle Range,Barley,2022-23,2236,2281.8815,0.9799
407021158,Wattle Range,Barley,2023-24,671,2281.8815,0.2941
407021158,Wattle Range,Barley,2024-25,1699,2281.8815,0.7446
406011131,Kimba - Cleve - Franklin Harbour,Barley,2022-23,257723,15184.3968,16.9729
406011131,Kimba - Cleve - Franklin Harbour,Barley,2023-24,157709,15184.3968,10.3863
406011131,Kimba - Cleve - Franklin Harbour,Barley,2024-25,123474,15184.3968,8.1316
407011147,Strathalbyn Surrounds,Barley,2022-23,13858,1517.7954,9.1303
407011147,Strathalbyn Surrounds,Barley,2023-24,14029,1517.7954,9.243
407011147,Strathalbyn Surrounds,Barley,2024-25,8280,1517.7954,5.4553
113031266,Temora,Barley,2022-23,65835,3434.2619,19.1701
113031266,Temora,Barley,2023-24,96211,3434.2619,28.015
113031266,Temora,Barley,2024-25,84858,3434.2619,24.7092
113011259,Narrandera,Barley,2022-23,90704,5409.2764,16.7682
113011259,Narrandera,Barley,2023-24,83564,5409.2764,15.4483
113011259,Narrandera,Barley,2024-25,108387,5409.2764,20.0372
308011191,Central Highlands - West,Sorghum,2022-23,132542,41551.251,3.1898
308011191,Central Highlands - West,Sorghum,2023-24,142934,41551.251,3.4399
308011191,Central Highlands - West,Sorghum,2024-25,88163,41551.251,2.1218
319021508,Monto - Eidsvold,Sorghum,2022-23,2796,11156.4957,0.2506
319021508,Monto - Eidsvold,Sorghum,2023-24,2950,11156.4957,0.2644
319021508,Monto - Eidsvold,Sorghum,2024-25,865,11156.4957,0.0775
113031265,Junee,Oats,2022-23,1516,1970.8746,0.7692
113031265,Junee,Oats,2023-24,3529,1970.8746,1.7906
113031265,Junee,Oats,2024-25,3801,1970.8746,1.9286
109011175,Albury Surrounds,Oats,2022-23,2123,5401.7533,0.393
109011175,Albury Surrounds,Oats,2023-24,1731,5401.7533,0.3205
109011175,Albury Surrounds,Oats,2024-25,2372,5401.7533,0.4391
216011408,Lockington - Gunbower,Oats,2022-23,450,1646.4376,0.2733
216011408,Lockington - Gunbower,Oats,2023-24,718,1646.4376,0.4361
216011408,Lockington - Gunbower,Oats,2024-25,615,1646.4376,0.3735
509011226,Albany Surrounds,Oats,2022-23,2977,4009.0591,0.7426
509011226,Albany Surrounds,Oats,2024-25,1209,4009.0591,0.3016
509011231,Kojonup,Oats,2022-23,35821,8554.5095,4.1874
509011231,Kojonup,Oats,2023-24,12732,8554.5095,1.4883
509011231,Kojonup,Oats,2024-25,35617,8554.5095,4.1635
113011257,Griffith Surrounds,Oats,2022-23,10399,23020.2045,0.4517
113011257,Griffith Surrounds,Oats,2023-24,13107,23020.2045,0.5694
113011257,Griffith Surrounds,Oats,2024-25,20845,23020.2045,0.9055
319021503,Gayndah - Mundubbera,Sorghum,2022-23,978,8513.3532,0.1149
319021503,Gayndah - Mundubbera,Sorghum,2023-24,505,8513.3532,0.0593
319021503,Gayndah - Mundubbera,Sorghum,2024-25,404,8513.3532,0.0475
217031473,Colac Surrounds,Oats,2023-24,682,1934.2762,0.3526
217031473,Colac Surrounds,Oats,2024-25,1708,1934.2762,0.883
217031474,Corangamite - North,Oats,2022-23,2041,2538.3285,0.8041
217031474,Corangamite - North,Oats,2023-24,3066,2538.3285,1.2079
217031474,Corangamite - North,Oats,2024-25,5907,2538.3285,2.3271
405011111,Light,Oats,2022-23,1016,1111.6724,0.9139
405011111,Light,Oats,2023-24,649,1111.6724,0.5838
405011111,Light,Oats,2024-25,210,1111.6724,0.1889
215031401,Gannawarra,Wheat,2022-23,121981,3568.3246,34.1844
215031401,Gannawarra,Wheat,2023-24,140640,3568.3246,39.4135
215031401,Gannawarra,Wheat,2024-25,121525,3568.3246,34.0566
405031122,Port Pirie,Wheat,2022-23,10528,75.2928,139.8274
405031122,Port Pirie,Wheat,2024-25,2664,75.2928,35.3819
105031102,Dubbo - West,Oats,2023-24,279,69.436,4.0181
105031102,Dubbo - West,Oats,2024-25,262,69.436,3.7733
110041201,Quirindi,Barley,2022-23,20491,5077.8424,4.0354
110041201,Quirindi,Barley,2023-24,13257,5077.8424,2.6108
110041201,Quirindi,Barley,2024-25,26104,5077.8424,5.1408
307011175,Miles - Wandoan,Barley,2022-23,25396,11841.615,2.1446
307011175,Miles - Wandoan,Barley,2023-24,9499,11841.615,0.8022
307011175,Miles - Wandoan,Barley,2024-25,32833,11841.615,2.7727
405031120,Jamestown,Barley,2022-23,230389,3107.037,74.1507
405031120,Jamestown,Barley,2023-24,139451,3107.037,44.8823
405031120,Jamestown,Barley,2024-25,18336,3107.037,5.9014
109031180,Corowa,Barley,2022-23,1269,77.1283,16.4531
109031180,Corowa,Barley,2023-24,861,77.1283,11.1632
109031180,Corowa,Barley,2024-25,890,77.1283,11.5392
201031017,Maryborough Surrounds,Barley,2022-23,12007,1627.5521,7.3773
201031017,Maryborough Surrounds,Barley,2023-24,37278,1627.5521,22.9043
201031017,Maryborough Surrounds,Barley,2024-25,21056,1627.5521,12.9372
215031404,Swan Hill,Barley,2022-23,7701,126.5903,60.834
215031404,Swan Hill,Barley,2023-24,12536,126.5903,99.0281
215031404,Swan Hill,Barley,2024-25,13118,126.5903,103.6256
216031419,Shepparton Surrounds - West,Barley,2022-23,1772,1028.6793,1.7226
216031419,Shepparton Surrounds - West,Barley,2023-24,2546,1028.6793,2.475
216031419,Shepparton Surrounds - West,Barley,2024-25,1568,1028.6793,1.5243
203011034,Bannockburn,Barley,2022-23,2839,192.052,14.7825
203011034,Bannockburn,Barley,2024-25,1065,192.052,5.5454
511011274,Esperance,Barley,2022-23,2620,479.8669,5.4598
511011274,Esperance,Barley,2024-25,5744,479.8669,11.97
501011003,Busselton Surrounds,Barley,2024-25,2987,1227.064,2.4343
407031159,Barmera,Barley,2024-25,36,856.1907,0.042
201021012,Gordon (Vic.),Wheat,2022-23,2930,850.3137,3.4458
201021012,Gordon (Vic.),Wheat,2023-24,3615,850.3137,4.2514
201021012,Gordon (Vic.),Wheat,2024-25,5105,850.3137,6.0037
216031593,Kialla,Wheat,2022-23,2019,77.4435,26.0706
216031593,Kialla,Wheat,2023-24,4064,77.4435,52.477
216031593,Kialla,Wheat,2024-25,3976,77.4435,51.3407
406011129,Ceduna,Wheat,2022-23,85011,413.3374,205.6698
406011129,Ceduna,Wheat,2023-24,51726,413.3374,125.1423
406011129,Ceduna,Wheat,2024-25,40836,413.3374,98.7958
213051468,Werribee - West,Wheat,2024-25,1301,127.6631,10.1909
110031196,Moree Surrounds,Wheat,2022-23,1438687,19807.3163,72.6341
110031196,Moree Surrounds,Wheat,2023-24,711762,19807.3163,35.9343
110031196,Moree Surrounds,Wheat,2024-25,2062019,19807.3163,104.1039
216021412,Moira,Wheat,2022-23,234216,1498.8283,156.2661
216021412,Moira,Wheat,2023-24,262224,1498.8283,174.9527
216021412,Moira,Wheat,2024-25,267152,1498.8283,178.2406
511041289,Irwin,Wheat,2022-23,99628,2369.3298,42.049
511041289,Irwin,Wheat,2023-24,61831,2369.3298,26.0964
511041289,Irwin,Wheat,2024-25,88357,2369.3298,37.292
101061543,Young,Barley,2022-23,965,505.753,1.908
510011265,Kununurra,Sorghum,2022-23,261,117707.2878,0.0022
510011265,Kununurra,Sorghum,2023-24,2561,117707.2878,0.0218
510011265,Kununurra,Sorghum,2024-25,2722,117707.2878,0.0231
202031032,Bendigo Surrounds - North,Wheat,2022-23,85091,1440.2175,59.082
202031032,Bendigo Surrounds - North,Wheat,2023-24,94297,1440.2175,65.4741
202031032,Bendigo Surrounds - North,Wheat,2024-25,90445,1440.2175,62.7995
319021506,Kingaroy Surrounds - North,Wheat,2022-23,13220,4332.3354,3.0515
319021506,Kingaroy Surrounds - North,Wheat,2023-24,5476,4332.3354,1.264
319021506,Kingaroy Surrounds - North,Wheat,2024-25,9167,4332.3354,2.1159
407031159,Barmera,Wheat,2022-23,2368,856.1907,2.7657
407031159,Barmera,Wheat,2023-24,1654,856.1907,1.9318
407031159,Barmera,Wheat,2024-25,942,856.1907,1.1002
511041292,Northampton - Mullewa - Greenough,Barley,2022-23,50095,26161.8873,1.9148
511041292,Northampton - Mullewa - Greenough,Barley,2023-24,25231,26161.8873,0.9644
511041292,Northampton - Mullewa - Greenough,Barley,2024-25,45714,26161.8873,1.7474
405031123,Port Pirie Surrounds,Barley,2022-23,102949,1583.2661,65.0232
405031123,Port Pirie Surrounds,Barley,2023-24,84040,1583.2661,53.0801
405031123,Port Pirie Surrounds,Barley,2024-25,12929,1583.2661,8.166
216011409,Rochester,Barley,2022-23,3751,351.6446,10.667
216011409,Rochester,Barley,2023-24,2587,351.6446,7.3569
216011409,Rochester,Barley,2024-25,4908,351.6446,13.9573
307011178,Tara,Barley,2022-23,41463,13208.4392,3.1391
307011178,Tara,Barley,2023-24,22218,13208.4392,1.6821
307011178,Tara,Barley,2024-25,55502,13208.4392,4.202
307031184,Clifton - Greenmount,Barley,2022-23,7643,1263.947,6.0469
307031184,Clifton - Greenmount,Barley,2023-24,14058,1263.947,11.1223
307031184,Clifton - Greenmount,Barley,2024-25,19832,1263.947,15.6905
216011408,Lockington - Gunbower,Barley,2022-23,17922,1646.4376,10.8853
216011408,Lockington - Gunbower,Barley,2023-24,33343,1646.4376,20.2516
216011408,Lockington - Gunbower,Barley,2024-25,23877,1646.4376,14.5022
113011257,Griffith Surrounds,Barley,2022-23,165510,23020.2045,7.1898
113011257,Griffith Surrounds,Barley,2023-24,164230,23020.2045,7.1342
113011257,Griffith Surrounds,Barley,2024-25,215676,23020.2045,9.369
307011175,Miles - Wandoan,Sorghum,2022-23,69216,11841.615,5.8451
307011175,Miles - Wandoan,Sorghum,2023-24,34868,11841.615,2.9445
307011175,Miles - Wandoan,Sorghum,2024-25,42868,11841.615,3.6201
213041358,Melton West,Wheat,2024-25,722,24.2021,29.8321
109031181,Corowa Surrounds,Wheat,2022-23,495001,4495.1557,110.1188
109031181,Corowa Surrounds,Wheat,2023-24,538944,4495.1557,119.8944
109031181,Corowa Surrounds,Wheat,2024-25,475043,4495.1557,105.6789
215031405,Swan Hill Surrounds,Wheat,2022-23,393819,5759.5788,68.3764
215031405,Swan Hill Surrounds,Wheat,2023-24,365738,5759.5788,63.5008
215031405,Swan Hill Surrounds,Wheat,2024-25,218567,5759.5788,37.9484
307021181,Millmerran,Wheat,2022-23,55382,4517.0062,12.2608
307021181,Millmerran,Wheat,2023-24,39681,4517.0062,8.7848
307021181,Millmerran,Wheat,2024-25,77482,4517.0062,17.1534
310021281,Lowood,Wheat,2022-23,7214,617.6973,11.6789
310021281,Lowood,Wheat,2023-24,3569,617.6973,5.7779
310021281,Lowood,Wheat,2024-25,4015,617.6973,6.4999
509011230,Katanning,Wheat,2022-23,164598,2647.0202,62.1824
509011230,Katanning,Wheat,2023-24,109339,2647.0202,41.3064
509011230,Katanning,Wheat,2024-25,117400,2647.0202,44.3518
407021155,Naracoorte Surrounds,Oats,2022-23,1674,4404.485,0.3801
407021155,Naracoorte Surrounds,Oats,2023-24,2310,4404.485,0.5245
407021155,Naracoorte Surrounds,Oats,2024-25,3022,4404.485,0.6861
407031169,The Coorong,Oats,2022-23,1795,8644.9956,0.2076
407031169,The Coorong,Oats,2023-24,1784,8644.9956,0.2064
407031169,The Coorong,Oats,2024-25,109,8644.9956,0.0126
405041125,Moonta,Oats,2024-25,1,271.9202,0.0037
101061543,Young,Wheat,2022-23,21557,505.753,42.6236
101061543,Young,Wheat,2023-24,15431,505.753,30.5109
101061543,Young,Wheat,2024-25,25666,505.753,50.7481
319021507,Kingaroy Surrounds - South,Oats,2022-23,3,2370.7257,0.0013
319021507,Kingaroy Surrounds - South,Oats,2024-25,4,2370.7257,0.0017
113031263,Cootamundra,Oats,2022-23,215,1656.1222,0.1298
113031263,Cootamundra,Oats,2023-24,204,1656.1222,0.1232
113031263,Cootamundra,Oats,2024-25,346,1656.1222,0.2089
509021243,Northam,Oats,2022-23,2752,1431.2215,1.9228
509021243,Northam,Oats,2023-24,1283,1431.2215,0.8964
509021243,Northam,Oats,2024-25,2164,1431.2215,1.512
103021062,Condobolin,Oats,2022-23,9758,15858.8502,0.6153
103021062,Condobolin,Oats,2023-24,12960,15858.8502,0.8172
103021062,Condobolin,Oats,2024-25,19740,15858.8502,1.2447
105031105,Narromine,Wheat,2022-23,305394,5956.2535,51.2728
105031105,Narromine,Wheat,2023-24,219688,5956.2535,36.8836
105031105,Narromine,Wheat,2024-25,456791,5956.2535,76.691
215021398,Mildura Surrounds,Wheat,2022-23,412346,21568.7961,19.1177
215021398,Mildura Surrounds,Wheat,2023-24,381037,21568.7961,17.6661
215021398,Mildura Surrounds,Wheat,2024-25,217095,21568.7961,10.0652
105031099,Coonabarabran,Sorghum,2022-23,12223,10474.1331,1.167
105031099,Coonabarabran,Sorghum,2023-24,20261,10474.1331,1.9344
105031099,Coonabarabran,Sorghum,2024-25,42529,10474.1331,4.0604
109031183,Deniliquin Surrounds,Barley,2022-23,186863,18337.9454,10.19
109031183,Deniliquin Surrounds,Barley,2023-24,177509,18337.9454,9.6799
109031183,Deniliquin Surrounds,Barley,2024-25,160558,18337.9454,8.7555
204021067,Wangaratta Surrounds,Barley,2022-23,970,3587.526,0.2704
204021067,Wangaratta Surrounds,Barley,2023-24,1979,3587.526,0.5516
204021067,Wangaratta Surrounds,Barley,2024-25,755,3587.526,0.2105
308041528,Banana,Barley,2022-23,4903,28531.2933,0.1718
308041528,Banana,Barley,2023-24,2273,28531.2933,0.0797
308041528,Banana,Barley,2024-25,3938,28531.2933,0.138
407011145,Kangaroo Island,Barley,2022-23,7103,4400.7382,1.614
407011145,Kangaroo Island,Barley,2023-24,1103,4400.7382,0.2506
407011145,Kangaroo Island,Barley,2024-25,877,4400.7382,0.1993
110031196,Moree Surrounds,Sorghum,2022-23,255336,19807.3163,12.891
110031196,Moree Surrounds,Sorghum,2023-24,293812,19807.3163,14.8335
110031196,Moree Surrounds,Sorghum,2024-25,263582,19807.3163,13.3073
217041478,Moyne - West,Wheat,2022-23,3425,2037.7626,1.6808
217041478,Moyne - West,Wheat,2023-24,2316,2037.7626,1.1365
217041478,Moyne - West,Wheat,2024-25,1979,2037.7626,0.9712
307021180,Jondaryan,Wheat,2022-23,100721,2130.3447,47.2792
307021180,Jondaryan,Wheat,2023-24,56487,2130.3447,26.5154
307021180,Jondaryan,Wheat,2024-25,79264,2130.3447,37.2071
406011132,Le Hunte - Elliston,Wheat,2022-23,686972,11387.2463,60.3282
406011132,Le Hunte - Elliston,Wheat,2023-24,344707,11387.2463,30.2713
406011132,Le Hunte - Elliston,Wheat,2024-25,265888,11387.2463,23.3496
509011229,Gnowangerup,Wheat,2022-23,723162,15012.8153,48.1696
509011229,Gnowangerup,Wheat,2023-24,556421,15012.8153,37.0631
509011229,Gnowangerup,Wheat,2024-25,609175,15012.8153,40.577
101061544,Young Surrounds,Wheat,2022-23,173941,5849.8086,29.7345
101061544,Young Surrounds,Wheat,2023-24,210449,5849.8086,35.9754
101061544,Young Surrounds,Wheat,2024-25,213868,5849.8086,36.5598
407021157,Tatiara,Wheat,2022-23,169935,6527.2342,26.0348
407021157,Tatiara,Wheat,2023-24,146150,6527.2342,22.3908
407021157,Tatiara,Wheat,2024-25,93494,6527.2342,14.3237
110021193,Inverell Surrounds - West,Oats,2022-23,819,8283.6399,0.0989
110021193,Inverell Surrounds - West,Oats,2023-24,225,8283.6399,0.0272
110021193,Inverell Surrounds - West,Oats,2024-25,1435,8283.6399,0.1732
201031017,Maryborough Surrounds,Oats,2022-23,5398,1627.5521,3.3166
201031017,Maryborough Surrounds,Oats,2023-24,4645,1627.5521,2.854
201031017,Maryborough Surrounds,Oats,2024-25,13258,1627.5521,8.146
204011055,Euroa,Oats,2022-23,92,2057.9046,0.0447
204011055,Euroa,Oats,2023-24,276,2057.9046,0.1341
204011055,Euroa,Oats,2024-25,226,2057.9046,0.1098
216031419,Shepparton Surrounds - West,Oats,2022-23,304,1028.6793,0.2955
216031419,Shepparton Surrounds - West,Oats,2023-24,328,1028.6793,0.3189
216031419,Shepparton Surrounds - West,Oats,2024-25,128,1028.6793,0.1244
105011093,Cobar,Wheat,2022-23,31721,45551.398,0.6964
105011093,Cobar,Wheat,2023-24,9728,45551.398,0.2136
105011093,Cobar,Wheat,2024-25,49125,45551.398,1.0785
103021064,Cowra Surrounds,Sorghum,2023-24,330,3037.1556,0.1087
307021181,Millmerran,Sorghum,2022-23,71323,4517.0062,15.7899
307021181,Millmerran,Sorghum,2023-24,63588,4517.0062,14.0775
307021181,Millmerran,Sorghum,2024-25,119106,4517.0062,26.3683
103031074,Mudgee Surrounds - West,Wheat,2022-23,26482,8043.8633,3.2922
103031074,Mudgee Surrounds - West,Wheat,2023-24,13520,8043.8633,1.6808
103031074,Mudgee Surrounds - West,Wheat,2024-25,20585,8043.8633,2.5591
215031400,Buloke,Wheat,2022-23,556375,8068.6848,68.9549
215031400,Buloke,Wheat,2023-24,596422,8068.6848,73.9181
215031400,Buloke,Wheat,2024-25,427660,8068.6848,53.0024
216031415,Mooroopna,Wheat,2022-23,505,39.9733,12.6334
216031415,Mooroopna,Wheat,2023-24,1182,39.9733,29.5697
216031415,Mooroopna,Wheat,2024-25,445,39.9733,11.1324
407031166,Murray Bridge Surrounds,Wheat,2022-23,23435,1924.5348,12.177
407031166,Murray Bridge Surrounds,Wheat,2023-24,14890,1924.5348,7.7369
407031166,Murray Bridge Surrounds,Wheat,2024-25,5592,1924.5348,2.9056
511041286,Geraldton - East,Wheat,2022-23,4584,80.9732,56.6113
511041286,Geraldton - East,Wheat,2023-24,4491,80.9732,55.4628
511041286,Geraldton - East,Wheat,2024-25,8215,80.9732,101.4533
319021509,Nanango,Sorghum,2022-23,1197,1648.736,0.726
319021509,Nanango,Sorghum,2023-24,2006,1648.736,1.2167
319021509,Nanango,Sorghum,2024-25,3261,1648.736,1.9779
406011130,Eyre Peninsula,Wheat,2022-23,582687,7228.3655,80.6112
406011130,Eyre Peninsula,Wheat,2023-24,443715,7228.3655,61.3852
406011130,Eyre Peninsula,Wheat,2024-25,310250,7228.3655,42.9212
312011339,Clermont,Sorghum,2022-23,177846,27669.8883,6.4274
312011339,Clermont,Sorghum,2023-24,169276,27669.8883,6.1177
312011339,Clermont,Sorghum,2024-25,145975,27669.8883,5.2756
318011460,Ayr,Sorghum,2022-23,2632,69.8291,37.692
318011460,Ayr,Sorghum,2023-24,6873,69.8291,98.426
318011460,Ayr,Sorghum,2024-25,2293,69.8291,32.8373
308011190,Central Highlands - East,Barley,2022-23,812,18635.1607,0.0436
308011190,Central Highlands - East,Barley,2023-24,221,18635.1607,0.0119
308011190,Central Highlands - East,Barley,2024-25,297,18635.1607,0.0159
215011387,Ararat Surrounds,Oats,2022-23,1594,4023.1983,0.3962
215011387,Ararat Surrounds,Oats,2023-24,7920,4023.1983,1.9686
215011387,Ararat Surrounds,Oats,2024-25,4617,4023.1983,1.1476
110031197,Narrabri,Barley,2022-23,2445,180.363,13.556
110031197,Narrabri,Barley,2024-25,562,180.363,3.1159
216011407,Kyabram,Barley,2022-23,2821,738.862,3.818
216011407,Kyabram,Barley,2023-24,3791,738.862,5.1309
216011407,Kyabram,Barley,2024-25,4101,738.862,5.5504
105011092,Bourke - Brewarrina,Barley,2022-23,18,56841.5222,0.0003
105011092,Bourke - Brewarrina,Barley,2023-24,386,56841.5222,0.0068
105011092,Bourke - Brewarrina,Barley,2024-25,4782,56841.5222,0.0841
215021396,Merbein,Barley,2022-23,376,101.7138,3.6966
215021396,Merbein,Barley,2024-25,248,101.7138,2.4382
217011423,Southern Grampians,Barley,2022-23,5312,6562.6438,0.8094
217011423,Southern Grampians,Barley,2023-24,3655,6562.6438,0.5569
217011423,Southern Grampians,Barley,2024-25,4800,6562.6438,0.7314
307011171,Balonne,Barley,2022-23,55248,31104.0851,1.7762
307011171,Balonne,Barley,2023-24,9235,31104.0851,0.2969
307011171,Balonne,Barley,2024-25,100139,31104.0851,3.2195
312011338,Broadsound - Nebo,Barley,2022-23,2808,27991.3922,0.1003
312011338,Broadsound - Nebo,Barley,2023-24,2290,27991.3922,0.0818
312011338,Broadsound - Nebo,Barley,2024-25,2063,27991.3922,0.0737
213041574,Fraser Rise - Plumpton,Barley,2024-25,832,58.7312,14.1662
310021281,Lowood,Sorghum,2022-23,1194,617.6973,1.933
310021281,Lowood,Sorghum,2023-24,988,617.6973,1.5995
310021281,Lowood,Sorghum,2024-25,1314,617.6973,2.1273
215031405,Swan Hill Surrounds,Sorghum,2023-24,5934,5759.5788,1.0303
215031405,Swan Hill Surrounds,Sorghum,2024-25,396,5759.5788,0.0688
215031401,Gannawarra,Oats,2022-23,6241,3568.3246,1.749
215031401,Gannawarra,Oats,2023-24,1981,3568.3246,0.5552
215031401,Gannawarra,Oats,2024-25,1810,3568.3246,0.5072
203021043,Lara,Wheat,2022-23,26566,588.6012,45.1341
203021043,Lara,Wheat,2023-24,9161,588.6012,15.564
203021043,Lara,Wheat,2024-25,15774,588.6012,26.7991
110041205,Tamworth Surrounds,Sorghum,2022-23,1921,8980.4841,0.2139
110041205,Tamworth Surrounds,Sorghum,2023-24,3174,8980.4841,0.3534
110041205,Tamworth Surrounds,Sorghum,2024-25,3212,8980.4841,0.3577
213051368,Werribee - South,Wheat,2024-25,2069,114.0332,18.1438
203021045,Newcomb - Moolap,Wheat,2022-23,168,43.2941,3.8804
203021045,Newcomb - Moolap,Wheat,2024-25,52,43.2941,1.2011
215031402,Kerang,Oats,2022-23,781,146.6076,5.3271
215031402,Kerang,Oats,2024-25,28,146.6076,0.191
105031106,Wellington,Oats,2022-23,277,3603.4369,0.0769
105031106,Wellington,Oats,2023-24,668,3603.4369,0.1854
105031106,Wellington,Oats,2024-25,1387,3603.4369,0.3849
215011391,St Arnaud,Oats,2022-23,13034,3008.5749,4.3323
215011391,St Arnaud,Oats,2023-24,19835,3008.5749,6.5928
215011391,St Arnaud,Oats,2024-25,13369,3008.5749,4.4436
407031161,Karoonda - Lameroo,Wheat,2022-23,238608,10548.6359,22.6198
407031161,Karoonda - Lameroo,Wheat,2023-24,202447,10548.6359,19.1918
407031161,Karoonda - Lameroo,Wheat,2024-25,82908,10548.6359,7.8596
604031096,Waratah,Wheat,2022-23,5309,3489.4721,1.5214
604031096,Waratah,Wheat,2023-24,5514,3489.4721,1.5802
604031096,Waratah,Wheat,2024-25,6550,3489.4721,1.8771
103021067,Parkes (NSW),Oats,2023-24,37,234.7555,0.1576
103021067,Parkes (NSW),Oats,2024-25,28,234.7555,0.1193
317011458,Toowoomba - West,Barley,2022-23,6054,161.2951,37.5337
317011458,Toowoomba - West,Barley,2023-24,4821,161.2951,29.8893
317011458,Toowoomba - West,Barley,2024-25,1922,161.2951,11.916
509011234,Plantagenet,Wheat,2022-23,67351,4383.8752,15.3633
509011234,Plantagenet,Wheat,2023-24,46285,4383.8752,10.558
509011234,Plantagenet,Wheat,2024-25,65963,4383.8752,15.0467
104011081,Grafton Surrounds,Wheat,2024-25,1227,8445.891,0.1453
110021192,Inverell Surrounds - East,Barley,2022-23,18060,9270.8567,1.948
110021192,Inverell Surrounds - East,Barley,2023-24,18859,9270.8567,2.0342
110021192,Inverell Surrounds - East,Barley,2024-25,40728,9270.8567,4.3931
216031418,Shepparton Surrounds - East,Barley,2022-23,1961,1055.5777,1.8578
216031418,Shepparton Surrounds - East,Barley,2023-24,3155,1055.5777,2.9889
216031418,Shepparton Surrounds - East,Barley,2024-25,1046,1055.5777,0.9909
402011026,Gawler - South,Barley,2022-23,2290,76.7139,29.8512
402011026,Gawler - South,Barley,2023-24,1215,76.7139,15.8381
402011026,Gawler - South,Barley,2024-25,562,76.7139,7.3259
509021237,Cunderdin,Barley,2022-23,294064,6896.4975,42.6396
509021237,Cunderdin,Barley,2023-24,199451,6896.4975,28.9206
509021237,Cunderdin,Barley,2024-25,316073,6896.4975,45.8309
501031017,Bridgetown - Boyup Brook,Barley,2022-23,60697,4163.8195,14.5772
501031017,Bridgetown - Boyup Brook,Barley,2023-24,41862,4163.8195,10.0537
501031017,Bridgetown - Boyup Brook,Barley,2024-25,47256,4163.8195,11.3492
216031594,Shepparton - South East,Wheat,2022-23,2025,65.8306,30.7608
216031594,Shepparton - South East,Wheat,2023-24,1564,65.8306,23.7579
216031594,Shepparton - South East,Wheat,2024-25,4892,65.8306,74.3119
509021244,Toodyay,Oats,2022-23,1276,1691.6485,0.7543
509021244,Toodyay,Oats,2023-24,778,1691.6485,0.4599
509021244,Toodyay,Oats,2024-25,888,1691.6485,0.5249
307011177,Roma Surrounds,Wheat,2022-23,291852,58626.3627,4.9782
307011177,Roma Surrounds,Wheat,2023-24,90953,58626.3627,1.5514
307011177,Roma Surrounds,Wheat,2024-25,133966,58626.3627,2.2851
405011111,Light,Wheat,2022-23,119484,1111.6724,107.4813
405011111,Light,Wheat,2023-24,106257,1111.6724,95.583
405011111,Light,Wheat,2024-25,59986,1111.6724,53.9601
509011226,Albany Surrounds,Wheat,2022-23,52369,4009.0591,13.0627
509011226,Albany Surrounds,Wheat,2023-24,39404,4009.0591,9.8287
509011226,Albany Surrounds,Wheat,2024-25,35291,4009.0591,8.8028
109031181,Corowa Surrounds,Sorghum,2024-25,106,4495.1557,0.0236
101061544,Young Surrounds,Sorghum,2023-24,853,5849.8086,0.1458
103021067,Parkes (NSW),Sorghum,2023-24,723,234.7555,3.0798
405021119,Wakefield - Barunga West,Sorghum,2022-23,1400,5231.2432,0.2676
405021119,Wakefield - Barunga West,Sorghum,2023-24,459,5231.2432,0.0877
110041202,Tamworth - East,Barley,2022-23,187,102.1806,1.8301
509031246,Brookton,Wheat,2022-23,344003,7480.8608,45.9844
509031246,Brookton,Wheat,2023-24,250897,7480.8608,33.5385
509031246,Brookton,Wheat,2024-25,322673,7480.8608,43.1331
319021506,Kingaroy Surrounds - North,Sorghum,2022-23,4041,4332.3354,0.9328
319021506,Kingaroy Surrounds - North,Sorghum,2023-24,9813,4332.3354,2.2651
319021506,Kingaroy Surrounds - North,Sorghum,2024-25,6322,4332.3354,1.4593
103021066,Grenfell,Wheat,2022-23,138349,3294.0766,41.9993
103021066,Grenfell,Wheat,2023-24,219548,3294.0766,66.6493
103021066,Grenfell,Wheat,2024-25,236564,3294.0766,71.815
405041128,Yorke Peninsula - South,Wheat,2022-23,162272,2273.834,71.3649
405041128,Yorke Peninsula - South,Wheat,2023-24,135645,2273.834,59.6548
405041128,Yorke Peninsula - South,Wheat,2024-25,92217,2273.834,40.5557
511041291,Morawa,Wheat,2022-23,2123623,23464.3302,90.5043
511041291,Morawa,Wheat,2023-24,988935,23464.3302,42.1463
511041291,Morawa,Wheat,2024-25,2060820,23464.3302,87.8278
501031017,Bridgetown - Boyup Brook,Oats,2022-23,18939,4163.8195,4.5485
501031017,Bridgetown - Boyup Brook,Oats,2023-24,7945,4163.8195,1.9081
501031017,Bridgetown - Boyup Brook,Oats,2024-25,12868,4163.8195,3.0904
511011275,Esperance Surrounds,Wheat,2022-23,1347336,55180.793,24.4168
511011275,Esperance Surrounds,Wheat,2023-24,1016342,55180.793,18.4184
511011275,Esperance Surrounds,Wheat,2024-25,1097270,55180.793,19.885
407031162,Loxton,Barley,2022-23,1092,146.0888,7.4749
407031162,Loxton,Barley,2023-24,2075,146.0888,14.2037
407031162,Loxton,Barley,2024-25,7663,146.0888,52.4544
203011035,Golden Plains - South,Wheat,2022-23,67757,1484.5293,45.6421
203011035,Golden Plains - South,Wheat,2023-24,70135,1484.5293,47.2439
203011035,Golden Plains - South,Wheat,2024-25,36986,1484.5293,24.9143
217011421,Hamilton (Vic.),Wheat,2022-23,4331,198.3369,21.8366
217011421,Hamilton (Vic.),Wheat,2023-24,2640,198.3369,13.3107
217011421,Hamilton (Vic.),Wheat,2024-25,1559,198.3369,7.8604
402011027,Lewiston - Two Wells,Wheat,2022-23,6575,84.6217,77.6987
402011027,Lewiston - Two Wells,Wheat,2023-24,3671,84.6217,43.3813
402011027,Lewiston - Two Wells,Wheat,2024-25,2009,84.6217,23.741
113011258,Leeton,Barley,2022-23,7640,373.8747,20.4347
113011258,Leeton,Barley,2023-24,3073,373.8747,8.2193
113011258,Leeton,Barley,2024-25,6525,373.8747,17.4524
406021140,Quorn - Lake Gilles,Barley,2022-23,2143,26107.329,0.0821
406021140,Quorn - Lake Gilles,Barley,2023-24,1078,26107.329,0.0413
406021140,Quorn - Lake Gilles,Barley,2024-25,92,26107.329,0.0035
203031051,Portarlington,Wheat,2023-24,1115,71.8555,15.5173
203031051,Portarlington,Wheat,2024-25,42,71.8555,0.5845
213041359,Rockbank - Mount Cottrell,Barley,2024-25,1085,125.7609,8.6275
215011389,Horsham Surrounds,Oats,2022-23,4277,4251.4674,1.006
215011389,Horsham Surrounds,Oats,2023-24,4210,4251.4674,0.9902
215011389,Horsham Surrounds,Oats,2024-25,5016,4251.4674,1.1798
405021118,Goyder,Oats,2022-23,314,6748.1529,0.0465
405021118,Goyder,Oats,2023-24,173,6748.1529,0.0256
405021118,Goyder,Oats,2024-25,111,6748.1529,0.0164
110041205,Tamworth Surrounds,Oats,2022-23,96,8980.4841,0.0107
110041205,Tamworth Surrounds,Oats,2023-24,31,8980.4841,0.0035
110041205,Tamworth Surrounds,Oats,2024-25,222,8980.4841,0.0247
105031100,Dubbo - East,Oats,2024-25,77,87.6912,0.8781
312011339,Clermont,Wheat,2022-23,184883,27669.8883,6.6817
312011339,Clermont,Wheat,2023-24,52152,27669.8883,1.8848
312011339,Clermont,Wheat,2024-25,26486,27669.8883,0.9572
405021119,Wakefield - Barunga West,Wheat,2022-23,636416,5231.2432,121.6567
405021119,Wakefield - Barunga West,Wheat,2023-24,484388,5231.2432,92.5952
405021119,Wakefield - Barunga West,Wheat,2024-25,296105,5231.2432,56.6032
407021150,Grant,Wheat,2022-23,778,1690.9302,0.4601
407021150,Grant,Wheat,2023-24,182,1690.9302,0.1076
407021150,Grant,Wheat,2024-25,57,1690.9302,0.0337
105031100,Dubbo - East,Wheat,2022-23,2367,87.6912,26.9924
105031100,Dubbo - East,Wheat,2023-24,1112,87.6912,12.6809
105031100,Dubbo - East,Wheat,2024-25,1127,87.6912,12.8519
215011389,Horsham Surrounds,Wheat,2022-23,189042,4251.4674,44.4651
215011389,Horsham Surrounds,Wheat,2023-24,226706,4251.4674,53.3242
215011389,Horsham Surrounds,Wheat,2024-25,184370,4251.4674,43.3662
405021118,Goyder,Wheat,2022-23,136391,6748.1529,20.2116
405021118,Goyder,Wheat,2023-24,94006,6748.1529,13.9306
405021118,Goyder,Wheat,2024-25,31426,6748.1529,4.657
216011407,Kyabram,Oats,2022-23,54,738.862,0.0731
216011407,Kyabram,Oats,2023-24,115,738.862,0.1556
216011407,Kyabram,Oats,2024-25,52,738.862,0.0704
110031197,Narrabri,Oats,2022-23,1,180.363,0.0055
110031197,Narrabri,Oats,2024-25,68,180.363,0.377
109021179,Wentworth-Balranald Region,Wheat,2022-23,271352,49722.5286,5.4573
109021179,Wentworth-Balranald Region,Wheat,2023-24,248136,49722.5286,4.9904
109021179,Wentworth-Balranald Region,Wheat,2024-25,163597,49722.5286,3.2902
407021151,Kingston - Robe,Wheat,2022-23,961,4431.5114,0.2169
407021151,Kingston - Robe,Wheat,2023-24,5693,4431.5114,1.2847
407021151,Kingston - Robe,Wheat,2024-25,5749,4431.5114,1.2973
105011096,Walgett - Lightning Ridge,Barley,2022-23,46617,27011.1328,1.7258
105011096,Walgett - Lightning Ridge,Barley,2023-24,11414,27011.1328,0.4226
105011096,Walgett - Lightning Ridge,Barley,2024-25,37305,27011.1328,1.3811
406011134,West Coast (SA),Barley,2022-23,110286,31877.8466,3.4596
406011134,West Coast (SA),Barley,2023-24,48703,31877.8466,1.5278
406011134,West Coast (SA),Barley,2024-25,21865,31877.8466,0.6859
103021062,Condobolin,Barley,2022-23,75522,15858.8502,4.7621
103021062,Condobolin,Barley,2023-24,68379,15858.8502,4.3117
103021062,Condobolin,Barley,2024-25,201176,15858.8502,12.6854
105031106,Wellington,Barley,2022-23,1674,3603.4369,0.4646
105031106,Wellington,Barley,2023-24,1536,3603.4369,0.4263
105031106,Wellington,Barley,2024-25,6345,3603.4369,1.7608
215011391,St Arnaud,Barley,2022-23,69710,3008.5749,23.1704
215011391,St Arnaud,Barley,2023-24,89120,3008.5749,29.622
215011391,St Arnaud,Barley,2024-25,74876,3008.5749,24.8875
105031099,Coonabarabran,Wheat,2022-23,67238,10474.1331,6.4194
105031099,Coonabarabran,Wheat,2023-24,33926,10474.1331,3.239
105031099,Coonabarabran,Wheat,2024-25,99969,10474.1331,9.5444
217041477,Moyne - East,Wheat,2022-23,43463,3275.7989,13.2679
217041477,Moyne - East,Wheat,2023-24,33849,3275.7989,10.3331
217041477,Moyne - East,Wheat,2024-25,33792,3275.7989,10.3157
602031060,Longford,Wheat,2022-23,2400,222.5429,10.7844
602031060,Longford,Wheat,2023-24,2622,222.5429,11.782
602031060,Longford,Wheat,2024-25,2025,222.5429,9.0994
216011406,Echuca,Barley,2022-23,3781,183.9532,20.5541
216011406,Echuca,Barley,2023-24,2273,183.9532,12.3564
216011406,Echuca,Barley,2024-25,2210,183.9532,12.0139
307021182,Pittsworth,Barley,2022-23,5879,1054.9292,5.5729
307021182,Pittsworth,Barley,2023-24,15844,1054.9292,15.019
307021182,Pittsworth,Barley,2024-25,21829,1054.9292,20.6924
317011445,Cambooya - Wyreema,Barley,2022-23,6417,227.5385,28.2018
317011445,Cambooya - Wyreema,Barley,2023-24,4831,227.5385,21.2316
317011445,Cambooya - Wyreema,Barley,2024-25,5132,227.5385,22.5544
509021245,York - Beverley,Barley,2022-23,151650,4502.1111,33.6842
509021245,York - Beverley,Barley,2023-24,162882,4502.1111,36.179
509021245,York - Beverley,Barley,2024-25,251874,4502.1111,55.9458
103041076,Blayney,Barley,2022-23,42,1642.6748,0.0256
602031061,Northern Midlands,Barley,2022-23,17304,4763.6291,3.6325
602031061,Northern Midlands,Barley,2023-24,15863,4763.6291,3.33
602031061,Northern Midlands,Barley,2024-25,16595,4763.6291,3.4837
215021399,Red Cliffs,Wheat,2022-23,2962,246.7231,12.0054
215021399,Red Cliffs,Wheat,2023-24,812,246.7231,3.2911
215021399,Red Cliffs,Wheat,2024-25,2326,246.7231,9.4276
318011461,Burdekin,Sorghum,2022-23,9391,4878.6303,1.9249
318011461,Burdekin,Sorghum,2023-24,1629,4878.6303,0.3339
318011461,Burdekin,Sorghum,2024-25,1864,4878.6303,0.3821
103031074,Mudgee Surrounds - West,Sorghum,2023-24,1188,8043.8633,0.1477
103031074,Mudgee Surrounds - West,Sorghum,2024-25,3085,8043.8633,0.3835
204021064,Benalla Surrounds,Wheat,2022-23,78983,2105.3239,37.5158
204021064,Benalla Surrounds,Wheat,2023-24,97222,2105.3239,46.1791
204021064,Benalla Surrounds,Wheat,2024-25,93472,2105.3239,44.3979
407011146,Strathalbyn,Wheat,2022-23,3632,155.7859,23.314
407011146,Strathalbyn,Wheat,2023-24,4553,155.7859,29.226
407011146,Strathalbyn,Wheat,2024-25,5126,155.7859,32.9041
319021509,Nanango,Wheat,2022-23,2105,1648.736,1.2767
319021509,Nanango,Wheat,2023-24,889,1648.736,0.5392
319021509,Nanango,Wheat,2024-25,760,1648.736,0.461
405021117,Gilbert Valley,Wheat,2022-23,172491,1675.3597,102.9576
405021117,Gilbert Valley,Wheat,2023-24,139890,1675.3597,83.4985
405021117,Gilbert Valley,Wheat,2024-25,79590,1675.3597,47.5062
317011445,Cambooya - Wyreema,Oats,2022-23,55,227.5385,0.2417
317011445,Cambooya - Wyreema,Oats,2024-25,7,227.5385,0.0308
216011406,Echuca,Oats,2022-23,977,183.9532,5.3111
216011406,Echuca,Oats,2023-24,192,183.9532,1.0437
216011406,Echuca,Oats,2024-25,1414,183.9532,7.6867
105031105,Narromine,Sorghum,2022-23,7564,5956.2535,1.2699
105031105,Narromine,Sorghum,2023-24,2597,5956.2535,0.436
105031105,Narromine,Sorghum,2024-25,3186,5956.2535,0.5349
109031182,Deniliquin,Barley,2022-23,2480,143.2081,17.3175
109031182,Deniliquin,Barley,2023-24,1685,143.2081,11.7661
109031182,Deniliquin,Barley,2024-25,2543,143.2081,17.7574
511041287,Geraldton - North,Barley,2022-23,194,143.0266,1.3564
511041287,Geraldton - North,Barley,2024-25,1113,143.0266,7.7818
106041129,Scone Surrounds,Barley,2022-23,1235,7948.9584,0.1554
106041129,Scone Surrounds,Barley,2023-24,2297,7948.9584,0.289
106041129,Scone Surrounds,Barley,2024-25,4354,7948.9584,0.5477
407031164,Mannum,Barley,2022-23,54731,3287.9008,16.6462
407031164,Mannum,Barley,2023-24,33287,3287.9008,10.1241
407031164,Mannum,Barley,2024-25,14328,3287.9008,4.3578
407021156,Penola,Barley,2022-23,1978,1514.3964,1.3061
407021156,Penola,Barley,2023-24,1047,1514.3964,0.6914
407021156,Penola,Barley,2024-25,1802,1514.3964,1.1899
105011094,Coonamble,Barley,2022-23,43207,12142.3532,3.5584
105011094,Coonamble,Barley,2023-24,36639,12142.3532,3.0175
105011094,Coonamble,Barley,2024-25,88151,12142.3532,7.2598
509021241,Moora,Barley,2022-23,365039,13538.3952,26.9632
509021241,Moora,Barley,2023-24,166235,13538.3952,12.2788
509021241,Moora,Barley,2024-25,375349,13538.3952,27.7248
217011420,Glenelg (Vic.),Barley,2024-25,643,6121.4257,0.105
215031402,Kerang,Wheat,2022-23,2759,146.6076,18.8189
215031402,Kerang,Wheat,2023-24,1394,146.6076,9.5084
215031402,Kerang,Wheat,2024-25,4741,146.6076,32.338
511041287,Geraldton - North,Wheat,2022-23,9015,143.0266,63.0302
511041287,Geraldton - North,Wheat,2023-24,7076,143.0266,49.4733
511041287,Geraldton - North,Wheat,2024-25,5095,143.0266,35.6227
103041079,Orange Surrounds,Oats,2022-23,35,4480.0956,0.0078
103041079,Orange Surrounds,Oats,2023-24,35,4480.0956,0.0078
103041079,Orange Surrounds,Oats,2024-25,144,4480.0956,0.0321
103021068,Parkes Surrounds,Oats,2022-23,405,5418.1649,0.0747
103021068,Parkes Surrounds,Oats,2023-24,825,5418.1649,0.1523
103021068,Parkes Surrounds,Oats,2024-25,592,5418.1649,0.1093
317011445,Cambooya - Wyreema,Sorghum,2022-23,36018,227.5385,158.2941
317011445,Cambooya - Wyreema,Sorghum,2023-24,41711,227.5385,183.314
317011445,Cambooya - Wyreema,Sorghum,2024-25,13068,227.5385,57.432
103021067,Parkes (NSW),Wheat,2022-23,28313,234.7555,120.6063
103021067,Parkes (NSW),Wheat,2023-24,34513,234.7555,147.0168
103021067,Parkes (NSW),Wheat,2024-25,39366,234.7555,167.6894
405021116,Clare,Oats,2023-24,1,74.203,0.0135
405021116,Clare,Oats,2024-25,23,74.203,0.31
203031048,Clifton Springs,Oats,2024-25,2,65.1496,0.0307
103021064,Cowra Surrounds,Wheat,2022-23,54014,3037.1556,17.7844
103021064,Cowra Surrounds,Wheat,2023-24,66695,3037.1556,21.9597
103021064,Cowra Surrounds,Wheat,2024-25,81251,3037.1556,26.7523
405011112,Lyndoch,Wheat,2022-23,1686,175.7742,9.5919
405011112,Lyndoch,Wheat,2023-24,1908,175.7742,10.8548
405011112,Lyndoch,Wheat,2024-25,610,175.7742,3.4704
509021236,Chittering,Wheat,2022-23,31016,1219.9032,25.425
509021236,Chittering,Wheat,2023-24,18479,1219.9032,15.1479
509021236,Chittering,Wheat,2024-25,38357,1219.9032,31.4427
405031123,Port Pirie Surrounds,Oats,2022-23,55,1583.2661,0.0347
405031123,Port Pirie Surrounds,Oats,2023-24,182,1583.2661,0.115
405031123,Port Pirie Surrounds,Oats,2024-25,9,1583.2661,0.0057
103021068,Parkes Surrounds,Sorghum,2022-23,6088,5418.1649,1.1236
103021068,Parkes Surrounds,Sorghum,2023-24,3798,5418.1649,0.701
103021068,Parkes Surrounds,Sorghum,2024-25,8037,5418.1649,1.4833
113011258,Leeton,Oats,2022-23,1486,373.8747,3.9746
113011258,Leeton,Oats,2023-24,1559,373.8747,4.1698
113011258,Leeton,Oats,2024-25,3506,373.8747,9.3775
210021235,Romsey,Wheat,2023-24,1016,624.7097,1.6264
210021235,Romsey,Wheat,2024-25,4686,624.7097,7.5011
509021243,Northam,Barley,2022-23,20485,1431.2215,14.3129
509021243,Northam,Barley,2023-24,31876,1431.2215,22.2719
509021243,Northam,Barley,2024-25,31405,1431.2215,21.9428
113031263,Cootamundra,Barley,2022-23,4124,1656.1222,2.4902
113031263,Cootamundra,Barley,2023-24,4470,1656.1222,2.6991
113031263,Cootamundra,Barley,2024-25,6816,1656.1222,4.1156
215011387,Ararat Surrounds,Barley,2022-23,21171,4023.1983,5.2622
215011387,Ararat Surrounds,Barley,2023-24,6906,4023.1983,1.7165
215011387,Ararat Surrounds,Barley,2024-25,9800,4023.1983,2.4359
405031121,Peterborough - Mount Remarkable,Barley,2022-23,109099,9643.884,11.3128
405031121,Peterborough - Mount Remarkable,Barley,2023-24,54360,9643.884,5.6367
405031121,Peterborough - Mount Remarkable,Barley,2024-25,5900,9643.884,0.6118
405021116,Clare,Sorghum,2023-24,674,74.203,9.0832
407031161,Karoonda - Lameroo,Sorghum,2022-23,1003,10548.6359,0.0951
110041199,Gunnedah,Wheat,2022-23,1151,90.1551,12.7669
105031103,Dubbo Surrounds,Wheat,2022-23,37030,4128.5682,8.9692
105031103,Dubbo Surrounds,Wheat,2023-24,26111,4128.5682,6.3245
105031103,Dubbo Surrounds,Wheat,2024-25,57317,4128.5682,13.883
407021158,Wattle Range,Wheat,2022-23,6853,2281.8815,3.0032
407021158,Wattle Range,Wheat,2023-24,12331,2281.8815,5.4039
407021158,Wattle Range,Wheat,2024-25,12489,2281.8815,5.4731
509021242,Mukinbudin,Wheat,2022-23,1215311,50176.9809,24.2205
509021242,Mukinbudin,Wheat,2023-24,526189,50176.9809,10.4867
509021242,Mukinbudin,Wheat,2024-25,912879,50176.9809,18.1932
110041200,Gunnedah Surrounds,Barley,2022-23,46132,5765.8611,8.0009
110041200,Gunnedah Surrounds,Barley,2023-24,40640,5765.8611,7.0484
110041200,Gunnedah Surrounds,Barley,2024-25,108403,5765.8611,18.8008
110021191,Inverell,Barley,2022-23,648,207.6617,3.1205
110021191,Inverell,Barley,2023-24,1668,207.6617,8.0323
110021191,Inverell,Barley,2024-25,1452,207.6617,6.9921
307031189,Warwick,Sorghum,2023-24,856,158.7231,5.393
307031189,Warwick,Sorghum,2024-25,801,158.7231,5.0465
201021010,Creswick - Clunes,Barley,2022-23,2226,856.7892,2.5981
201021010,Creswick - Clunes,Barley,2024-25,1391,856.7892,1.6235
216031418,Shepparton Surrounds - East,Oats,2022-23,101,1055.5777,0.0957
216031418,Shepparton Surrounds - East,Oats,2023-24,283,1055.5777,0.2681
216031418,Shepparton Surrounds - East,Oats,2024-25,30,1055.5777,0.0284
109031184,Moama,Wheat,2022-23,17895,167.0068,107.1513
109031184,Moama,Wheat,2023-24,21881,167.0068,131.0186
109031184,Moama,Wheat,2024-25,16550,167.0068,99.0978
204011055,Euroa,Wheat,2022-23,14245,2057.9046,6.9221
204011055,Euroa,Wheat,2023-24,25050,2057.9046,12.1726
204011055,Euroa,Wheat,2024-25,22186,2057.9046,10.7809
216031419,Shepparton Surrounds - West,Wheat,2022-23,31858,1028.6793,30.9698
216031419,Shepparton Surrounds - West,Wheat,2023-24,42112,1028.6793,40.9379
216031419,Shepparton Surrounds - West,Wheat,2024-25,47632,1028.6793,46.304
103021067,Parkes (NSW),Barley,2022-23,7875,234.7555,33.5455
103021067,Parkes (NSW),Barley,2023-24,8590,234.7555,36.5913
103021067,Parkes (NSW),Barley,2024-25,6198,234.7555,26.4019
203011036,Winchelsea,Barley,2022-23,4888,903.2574,5.4115
203011036,Winchelsea,Barley,2023-24,1541,903.2574,1.706
203011036,Winchelsea,Barley,2024-25,1018,903.2574,1.127
217031474,Corangamite - North,Barley,2022-23,18893,2538.3285,7.4431
217031474,Corangamite - North,Barley,2023-24,21160,2538.3285,8.3362
217031474,Corangamite - North,Barley,2024-25,14612,2538.3285,5.7565
215031402,Kerang,Barley,2022-23,1479,146.6076,10.0882
215031402,Kerang,Barley,2023-24,1614,146.6076,11.009
215031402,Kerang,Barley,2024-25,4279,146.6076,29.1868
109031180,Corowa,Wheat,2022-23,9630,77.1283,124.8569
109031180,Corowa,Wheat,2023-24,10211,77.1283,132.3898
109031180,Corowa,Wheat,2024-25,10950,77.1283,141.9712
201031017,Maryborough Surrounds,Wheat,2022-23,29299,1627.5521,18.0019
201031017,Maryborough Surrounds,Wheat,2023-24,27978,1627.5521,17.1902
201031017,Maryborough Surrounds,Wheat,2024-25,29596,1627.5521,18.1844
215031404,Swan Hill,Wheat,2022-23,23909,126.5903,188.8691
215031404,Swan Hill,Wheat,2023-24,32382,126.5903,255.8016
215031404,Swan Hill,Wheat,2024-25,17453,126.5903,137.87
310021280,Lockyer Valley - East,Wheat,2022-23,3336,741.5888,4.4984
310021280,Lockyer Valley - East,Wheat,2023-24,1913,741.5888,2.5796
310021280,Lockyer Valley - East,Wheat,2024-25,2165,741.5888,2.9194
215031401,Gannawarra,Barley,2022-23,112147,3568.3246,31.4285
215031401,Gannawarra,Barley,2023-24,108718,3568.3246,30.4675
215031401,Gannawarra,Barley,2024-25,105217,3568.3246,29.4864
405021118,Goyder,Barley,2022-23,101867,6748.1529,15.0955
405021118,Goyder,Barley,2023-24,30979,6748.1529,4.5907
405021118,Goyder,Barley,2024-25,10681,6748.1529,1.5828
103021068,Parkes Surrounds,Barley,2022-23,17869,5418.1649,3.298
103021068,Parkes Surrounds,Barley,2023-24,29762,5418.1649,5.493
103021068,Parkes Surrounds,Barley,2024-25,54092,5418.1649,9.9835
603011065,Central Highlands,Barley,2023-24,1286,7185.4625,0.179
603011065,Central Highlands,Barley,2024-25,2293,7185.4625,0.3191
407031161,Karoonda - Lameroo,Oats,2022-23,3247,10548.6359,0.3078
407031161,Karoonda - Lameroo,Oats,2023-24,2647,10548.6359,0.2509
407031161,Karoonda - Lameroo,Oats,2024-25,1612,10548.6359,0.1528
103021062,Condobolin,Wheat,2022-23,710412,15858.8502,44.7959
103021062,Condobolin,Wheat,2023-24,393543,15858.8502,24.8154
103021062,Condobolin,Wheat,2024-25,769580,15858.8502,48.5268
110021193,Inverell Surrounds - West,Wheat,2022-23,128515,8283.6399,15.5143
110021193,Inverell Surrounds - West,Wheat,2023-24,53222,8283.6399,6.425
110021193,Inverell Surrounds - West,Wheat,2024-25,127700,8283.6399,15.4159
204021065,Rutherglen,Wheat,2022-23,20234,479.8352,42.1686
204021065,Rutherglen,Wheat,2023-24,16827,479.8352,35.0683
204021065,Rutherglen,Wheat,2024-25,22810,479.8352,47.5372
319021506,Kingaroy Surrounds - North,Oats,2022-23,2,4332.3354,0.0005
319021506,Kingaroy Surrounds - North,Oats,2024-25,2,4332.3354,0.0005
307021181,Millmerran,Oats,2022-23,5,4517.0062,0.0011
307021181,Millmerran,Oats,2023-24,27,4517.0062,0.006
307021181,Millmerran,Oats,2024-25,13,4517.0062,0.0029
509011230,Katanning,Oats,2022-23,26830,2647.0202,10.1359
509011230,Katanning,Oats,2023-24,17121,2647.0202,6.468
509011230,Katanning,Oats,2024-25,27030,2647.0202,10.2115
202031032,Bendigo Surrounds - North,Oats,2022-23,4253,1440.2175,2.953
202031032,Bendigo Surrounds - North,Oats,2023-24,2396,1440.2175,1.6636
202031032,Bendigo Surrounds - North,Oats,2024-25,1968,1440.2175,1.3665
109031181,Corowa Surrounds,Oats,2022-23,1469,4495.1557,0.3268
109031181,Corowa Surrounds,Oats,2023-24,930,4495.1557,0.2069
109031181,Corowa Surrounds,Oats,2024-25,2142,4495.1557,0.4765
215031405,Swan Hill Surrounds,Oats,2022-23,3294,5759.5788,0.5719
215031405,Swan Hill Surrounds,Oats,2023-24,728,5759.5788,0.1264
215031405,Swan Hill Surrounds,Oats,2024-25,465,5759.5788,0.0807
217011423,Southern Grampians,Oats,2022-23,2482,6562.6438,0.3782
217011423,Southern Grampians,Oats,2023-24,904,6562.6438,0.1377
217011423,Southern Grampians,Oats,2024-25,1556,6562.6438,0.2371
307011171,Balonne,Oats,2022-23,18,31104.0851,0.0006
307011171,Balonne,Oats,2023-24,52,31104.0851,0.0017
307011171,Balonne,Oats,2024-25,41,31104.0851,0.0013
407031170,Waikerie,Oats,2022-23,709,5557.8467,0.1276
407031170,Waikerie,Oats,2023-24,106,5557.8467,0.0191
407031170,Waikerie,Oats,2024-25,17,5557.8467,0.0031
101061543,Young,Oats,2022-23,282,505.753,0.5576
101061543,Young,Oats,2023-24,60,505.753,0.1186
101061543,Young,Oats,2024-25,253,505.753,0.5002
407011147,Strathalbyn Surrounds,Oats,2022-23,95,1517.7954,0.0626
407011147,Strathalbyn Surrounds,Oats,2023-24,58,1517.7954,0.0382
407011147,Strathalbyn Surrounds,Oats,2024-25,82,1517.7954,0.054
108021156,Kempsey Surrounds,Sorghum,2024-25,903,3627.2591,0.2489
402011026,Gawler - South,Oats,2023-24,0,76.7139,0.0
405031122,Port Pirie,Barley,2023-24,4876,75.2928,64.7605
315031410,Far Central West,Wheat,2022-23,1576,271272.549,0.0058
105031102,Dubbo - West,Barley,2022-23,646,69.436,9.3035
101061542,Yass Surrounds,Oats,2022-23,11,5680.5696,0.0019
215011394,Yarriambiack,Wheat,2022-23,601762,7139.5816,84.2853
215011394,Yarriambiack,Wheat,2023-24,603103,7139.5816,84.4732
215011394,Yarriambiack,Wheat,2024-25,470337,7139.5816,65.8774
215031403,Robinvale,Wheat,2022-23,3812,181.5961,20.9916
215031403,Robinvale,Wheat,2023-24,4346,181.5961,23.9322
215031403,Robinvale,Wheat,2024-25,2923,181.5961,16.0962
307021179,Crows Nest - Rosalie,Wheat,2022-23,17394,3250.6881,5.3509
307021179,Crows Nest - Rosalie,Wheat,2023-24,4865,3250.6881,1.4966
307021179,Crows Nest - Rosalie,Wheat,2024-25,5996,3250.6881,1.8445
307031185,Southern Downs - East,Wheat,2022-23,11700,1634.5787,7.1578
307031185,Southern Downs - East,Wheat,2023-24,4265,1634.5787,2.6092
307031185,Southern Downs - East,Wheat,2024-25,7336,1634.5787,4.488
509021240,Merredin,Wheat,2022-23,949197,9827.5053,96.5858
509021240,Merredin,Wheat,2023-24,503350,9827.5053,51.2185
509021240,Merredin,Wheat,2024-25,758198,9827.5053,77.1506
202021026,Bendigo Surrounds - South,Barley,2022-23,2836,796.8536,3.559
202021026,Bendigo Surrounds - South,Barley,2023-24,4209,796.8536,5.282
202021026,Bendigo Surrounds - South,Barley,2024-25,3016,796.8536,3.7849
215011388,Horsham,Barley,2022-23,1412,83.0691,16.9979
215011388,Horsham,Barley,2023-24,1435,83.0691,17.2748
215011388,Horsham,Barley,2024-25,1613,83.0691,19.4176
109021177,Hay,Barley,2022-23,3488,13922.8975,0.2505
109021177,Hay,Barley,2023-24,6909,13922.8975,0.4962
109021177,Hay,Barley,2024-25,5085,13922.8975,0.3652
307021183,Wambo,Barley,2022-23,68140,5700.3324,11.9537
307021183,Wambo,Barley,2023-24,69579,5700.3324,12.2061
307021183,Wambo,Barley,2024-25,152776,5700.3324,26.8012
105031104,Gilgandra,Barley,2022-23,24693,5393.4381,4.5783
105031104,Gilgandra,Barley,2023-24,23036,5393.4381,4.2711
105031104,Gilgandra,Barley,2024-25,61382,5393.4381,11.3809
405041127,Yorke Peninsula - North,Barley,2022-23,230146,3654.3884,62.978
405041127,Yorke Peninsula - North,Barley,2023-24,161645,3654.3884,44.2331
405041127,Yorke Peninsula - North,Barley,2024-25,100318,3654.3884,27.4514
212011547,Bunyip - Garfield,Barley,2022-23,97,365.9627,0.2651
212011547,Bunyip - Garfield,Barley,2023-24,783,365.9627,2.1396
212011547,Bunyip - Garfield,Barley,2024-25,1310,365.9627,3.5796
405011113,Mallala,Barley,2022-23,35108,847.8696,41.4073
405011113,Mallala,Barley,2023-24,29264,847.8696,34.5147
405011113,Mallala,Barley,2024-25,18709,847.8696,22.0659
407031168,Renmark Surrounds,Barley,2022-23,3313,901.7859,3.6738
407031168,Renmark Surrounds,Barley,2023-24,1233,901.7859,1.3673
407031168,Renmark Surrounds,Barley,2024-25,927,901.7859,1.028
317011449,Gowrie (Qld),Barley,2023-24,426,81.0101,5.2586
317011449,Gowrie (Qld),Barley,2024-25,693,81.0101,8.5545
202031033,Loddon,Wheat,2022-23,211556,6193.3066,34.1588
202031033,Loddon,Wheat,2023-24,225282,6193.3066,36.3751
202031033,Loddon,Wheat,2024-25,207593,6193.3066,33.5189
201011001,Alfredton,Wheat,2022-23,1305,52.7109,24.7577
201011001,Alfredton,Wheat,2023-24,2056,52.7109,39.0052
201011001,Alfredton,Wheat,2024-25,2302,52.7109,43.6722
105011096,Walgett - Lightning Ridge,Oats,2022-23,314,27011.1328,0.0116
105011096,Walgett - Lightning Ridge,Oats,2023-24,198,27011.1328,0.0073
105011096,Walgett - Lightning Ridge,Oats,2024-25,357,27011.1328,0.0132
406011134,West Coast (SA),Oats,2022-23,769,31877.8466,0.0241
406011134,West Coast (SA),Oats,2023-24,129,31877.8466,0.004
406011134,West Coast (SA),Oats,2024-25,26,31877.8466,0.0008
109021179,Wentworth-Balranald Region,Sorghum,2022-23,2596,49722.5286,0.0522
109021179,Wentworth-Balranald Region,Sorghum,2024-25,334,49722.5286,0.0067
307011174,Inglewood - Waggamba,Wheat,2022-23,322620,17523.0601,18.4112
307011174,Inglewood - Waggamba,Wheat,2023-24,117655,17523.0601,6.7143
307011174,Inglewood - Waggamba,Wheat,2024-25,275841,17523.0601,15.7416
209041224,Wallan,Wheat,2024-25,1382,507.7457,2.7218
110031195,Moree,Wheat,2022-23,5474,69.3971,78.8794
110031195,Moree,Wheat,2023-24,7201,69.3971,103.7651
110031195,Moree,Wheat,2024-25,5612,69.3971,80.8679
308011191,Central Highlands - West,Wheat,2022-23,447405,41551.251,10.7675
308011191,Central Highlands - West,Wheat,2023-24,160171,41551.251,3.8548
308011191,Central Highlands - West,Wheat,2024-25,113376,41551.251,2.7286
407021152,Millicent,Wheat,2022-23,3703,177.4315,20.87
407021152,Millicent,Wheat,2023-24,6422,177.4315,36.1942
407021152,Millicent,Wheat,2024-25,5076,177.4315,28.6082
308011190,Central Highlands - East,Sorghum,2022-23,26654,18635.1607,1.4303
308011190,Central Highlands - East,Sorghum,2023-24,26675,18635.1607,1.4314
308011190,Central Highlands - East,Sorghum,2024-25,29700,18635.1607,1.5938
312011338,Broadsound - Nebo,Sorghum,2022-23,56232,27991.3922,2.0089
312011338,Broadsound - Nebo,Sorghum,2023-24,37331,27991.3922,1.3337
312011338,Broadsound - Nebo,Sorghum,2024-25,30411,27991.3922,1.0864
105031099,Coonabarabran,Barley,2022-23,6886,10474.1331,0.6574
105031099,Coonabarabran,Barley,2023-24,3141,10474.1331,0.2999
105031099,Coonabarabran,Barley,2024-25,11756,10474.1331,1.1224
217041477,Moyne - East,Barley,2022-23,2169,3275.7989,0.6621
217041477,Moyne - East,Barley,2023-24,4094,3275.7989,1.2498
217041477,Moyne - East,Barley,2024-25,6854,3275.7989,2.0923
405021119,Wakefield - Barunga West,Barley,2022-23,330983,5231.2432,63.2704
405021119,Wakefield - Barunga West,Barley,2023-24,244945,5231.2432,46.8235
405021119,Wakefield - Barunga West,Barley,2024-25,124914,5231.2432,23.8785
319021507,Kingaroy Surrounds - South,Barley,2022-23,2093,2370.7257,0.8829
319021507,Kingaroy Surrounds - South,Barley,2023-24,603,2370.7257,0.2544
319021507,Kingaroy Surrounds - South,Barley,2024-25,1366,2370.7257,0.5762
405041125,Moonta,Barley,2022-23,22493,271.9202,82.7191
405041125,Moonta,Barley,2023-24,13216,271.9202,48.6025
405041125,Moonta,Barley,2024-25,8378,271.9202,30.8105
407021155,Naracoorte Surrounds,Barley,2022-23,4647,4404.485,1.0551
407021155,Naracoorte Surrounds,Barley,2023-24,2338,4404.485,0.5308
407021155,Naracoorte Surrounds,Barley,2024-25,2525,4404.485,0.5733
203031048,Clifton Springs,Barley,2024-25,545,65.1496,8.3654
203021045,Newcomb - Moolap,Barley,2024-25,635,43.2941,14.6671
113011258,Leeton,Wheat,2022-23,31524,373.8747,84.317
113011258,Leeton,Wheat,2023-24,21724,373.8747,58.105
113011258,Leeton,Wheat,2024-25,37671,373.8747,100.7584
319021507,Kingaroy Surrounds - South,Sorghum,2022-23,1144,2370.7257,0.4826
319021507,Kingaroy Surrounds - South,Sorghum,2023-24,1945,2370.7257,0.8204
319021507,Kingaroy Surrounds - South,Sorghum,2024-25,1059,2370.7257,0.4467
104021083,Bellingen,Barley,2024-25,4356,1001.0481,4.3514
405021117,Gilbert Valley,Oats,2022-23,1235,1675.3597,0.7372
405021117,Gilbert Valley,Oats,2023-24,306,1675.3597,0.1826
405021117,Gilbert Valley,Oats,2024-25,79,1675.3597,0.0472
103041079,Orange Surrounds,Wheat,2022-23,36091,4480.0956,8.0559
103041079,Orange Surrounds,Wheat,2023-24,21187,4480.0956,4.7291
103041079,Orange Surrounds,Wheat,2024-25,29341,4480.0956,6.5492
405021116,Clare,Wheat,2022-23,3851,74.203,51.8982
405021116,Clare,Wheat,2023-24,2355,74.203,31.7373
405021116,Clare,Wheat,2024-25,1930,74.203,26.0097
406021140,Quorn - Lake Gilles,Wheat,2022-23,6367,26107.329,0.2439
406021140,Quorn - Lake Gilles,Wheat,2023-24,4090,26107.329,0.1567
406021140,Quorn - Lake Gilles,Wheat,2024-25,1522,26107.329,0.0583
307031184,Clifton - Greenmount,Sorghum,2022-23,47633,1263.947,37.6859
307031184,Clifton - Greenmount,Sorghum,2023-24,49830,1263.947,39.4241
307031184,Clifton - Greenmount,Sorghum,2024-25,73799,1263.947,58.3877
307011178,Tara,Sorghum,2022-23,61605,13208.4392,4.6641
307011178,Tara,Sorghum,2023-24,76933,13208.4392,5.8245
307011178,Tara,Sorghum,2024-25,80929,13208.4392,6.1271
407011146,Strathalbyn,Oats,2023-24,24,155.7859,0.1541
407011146,Strathalbyn,Oats,2024-25,12,155.7859,0.077
104021083,Bellingen,Sorghum,2022-23,10,1001.0481,0.01
104021083,Bellingen,Sorghum,2024-25,2138,1001.0481,2.1358
110041201,Quirindi,Oats,2022-23,73,5077.8424,0.0144
110041201,Quirindi,Oats,2023-24,99,5077.8424,0.0195
110041201,Quirindi,Oats,2024-25,145,5077.8424,0.0286
201021009,Bacchus Marsh Surrounds,Oats,2022-23,1435,1038.8122,1.3814
201021009,Bacchus Marsh Surrounds,Oats,2024-25,494,1038.8122,0.4755
511041292,Northampton - Mullewa - Greenough,Oats,2022-23,669,26161.8873,0.0256
511041292,Northampton - Mullewa - Greenough,Oats,2023-24,180,26161.8873,0.0069
511041292,Northampton - Mullewa - Greenough,Oats,2024-25,1224,26161.8873,0.0468
113031266,Temora,Oats,2022-23,3638,3434.2619,1.0593
113031266,Temora,Oats,2023-24,4730,3434.2619,1.3773
113031266,Temora,Oats,2024-25,3735,3434.2619,1.0876
201031013,Avoca,Oats,2022-23,2789,1714.2397,1.627
201031013,Avoca,Oats,2023-24,2598,1714.2397,1.5155
201031013,Avoca,Oats,2024-25,3391,1714.2397,1.9781
405011110,Barossa - Angaston,Oats,2023-24,1,633.8622,0.0016
405011110,Barossa - Angaston,Oats,2024-25,2,633.8622,0.0032
402011025,Gawler - North,Oats,2023-24,2,145.5294,0.0137
402011025,Gawler - North,Oats,2024-25,882,145.5294,6.0606
106021615,Rutherford (North) - Aberglasslyn,Sorghum,2024-25,2747,136.1326,20.1789
216011409,Rochester,Sorghum,2023-24,39,351.6446,0.1109
319021509,Nanango,Oats,2022-23,0,1648.736,0.0
407011149,Yankalilla,Barley,2022-23,148,980.1341,0.151
307031188,Stanthorpe Surrounds,Wheat,2022-23,66,2657.148,0.0248
602031060,Longford,Barley,2022-23,1314,222.5429,5.9045
113011259,Narrandera,Oats,2022-23,3438,5409.2764,0.6356
113011259,Narrandera,Oats,2023-24,1311,5409.2764,0.2424
113011259,Narrandera,Oats,2024-25,2897,5409.2764,0.5356
215011392,Stawell,Wheat,2022-23,42187,2743.4313,15.3775
215011392,Stawell,Wheat,2023-24,36781,2743.4313,13.4069
215011392,Stawell,Wheat,2024-25,32547,2743.4313,11.8636
216021414,Yarrawonga,Wheat,2022-23,16714,94.6968,176.5002
216021414,Yarrawonga,Wheat,2023-24,27467,94.6968,290.052
216021414,Yarrawonga,Wheat,2024-25,32045,94.6968,338.3958
506061144,Serpentine - Jarrahdale,Wheat,2022-23,40,588.6193,0.068
506061144,Serpentine - Jarrahdale,Wheat,2024-25,949,588.6193,1.6122
103021065,Forbes,Wheat,2022-23,151980,4598.0438,33.0532
103021065,Forbes,Wheat,2023-24,185230,4598.0438,40.2845
103021065,Forbes,Wheat,2024-25,241359,4598.0438,52.4917
216021411,Cobram,Wheat,2022-23,2517,131.7229,19.1083
216021411,Cobram,Wheat,2023-24,2737,131.7229,20.7785
216021411,Cobram,Wheat,2024-25,9365,131.7229,71.0962
217031473,Colac Surrounds,Barley,2022-23,2707,1934.2762,1.3995
217031473,Colac Surrounds,Barley,2023-24,5825,1934.2762,3.0115
217031473,Colac Surrounds,Barley,2024-25,2287,1934.2762,1.1824
215011390,Nhill Region,Barley,2022-23,265987,11042.793,24.0869
215011390,Nhill Region,Barley,2023-24,255790,11042.793,23.1635
215011390,Nhill Region,Barley,2024-25,194457,11042.793,17.6094
103021063,Cowra,Barley,2022-23,766,242.201,3.1627
103021063,Cowra,Barley,2023-24,551,242.201,2.275
103021063,Cowra,Barley,2024-25,721,242.201,2.9769
113031264,Gundagai,Barley,2022-23,691,2362.5241,0.2925
113031264,Gundagai,Barley,2024-25,643,2362.5241,0.2722
405041126,Wallaroo,Barley,2022-23,9856,146.5314,67.262
405041126,Wallaroo,Barley,2023-24,7355,146.5314,50.194
405041126,Wallaroo,Barley,2024-25,6635,146.5314,45.2804
509011231,Kojonup,Barley,2022-23,266574,8554.5095,31.1618
509011231,Kojonup,Barley,2023-24,211642,8554.5095,24.7404
509011231,Kojonup,Barley,2024-25,315305,8554.5095,36.8583
317011449,Gowrie (Qld),Sorghum,2023-24,4493,81.0101,55.4622
317011449,Gowrie (Qld),Sorghum,2024-25,1004,81.0101,12.3935
104021086,Coramba - Nana Glen - Bucca,Wheat,2024-25,1595,363.909,4.383
213051468,Werribee - West,Barley,2024-25,2722,127.6631,21.3217
511041289,Irwin,Barley,2022-23,10154,2369.3298,4.2856
511041289,Irwin,Barley,2023-24,2443,2369.3298,1.0311
511041289,Irwin,Barley,2024-25,6777,2369.3298,2.8603
216011407,Kyabram,Wheat,2022-23,18912,738.862,25.5961
216011407,Kyabram,Wheat,2023-24,16093,738.862,21.7808
216011407,Kyabram,Wheat,2024-25,18046,738.862,24.424
407011144,Goolwa - Port Elliot,Wheat,2022-23,532,180.8689,2.9414
407011144,Goolwa - Port Elliot,Wheat,2023-24,138,180.8689,0.763
407011144,Goolwa - Port Elliot,Wheat,2024-25,143,180.8689,0.7906
113011259,Narrandera,Wheat,2022-23,223016,5409.2764,41.2284
113011259,Narrandera,Wheat,2023-24,199391,5409.2764,36.8609
113011259,Narrandera,Wheat,2024-25,234805,5409.2764,43.4078
203011034,Bannockburn,Wheat,2022-23,9787,192.052,50.9602
203011034,Bannockburn,Wheat,2023-24,7495,192.052,39.0259
203011034,Bannockburn,Wheat,2024-25,6418,192.052,33.418
307011175,Miles - Wandoan,Wheat,2022-23,216059,11841.615,18.2457
307011175,Miles - Wandoan,Wheat,2023-24,69038,11841.615,5.8301
307011175,Miles - Wandoan,Wheat,2024-25,108894,11841.615,9.1959
405031120,Jamestown,Wheat,2022-23,364512,3107.037,117.3182
405031120,Jamestown,Wheat,2023-24,229287,3107.037,73.796
405031120,Jamestown,Wheat,2024-25,79396,3107.037,25.5536
511011274,Esperance,Wheat,2022-23,12372,479.8669,25.7821
511011274,Esperance,Wheat,2023-24,6269,479.8669,13.064
511011274,Esperance,Wheat,2024-25,13662,479.8669,28.4704
113031268,Wagga Wagga - North,Wheat,2022-23,1403,53.6776,26.1375
113031268,Wagga Wagga - North,Wheat,2023-24,1222,53.6776,22.7655
113031268,Wagga Wagga - North,Wheat,2024-25,2587,53.6776,48.1952
201031015,Golden Plains - North,Wheat,2022-23,27306,922.0812,29.6134
201031015,Golden Plains - North,Wheat,2023-24,24172,922.0812,26.2146
201031015,Golden Plains - North,Wheat,2024-25,18192,922.0812,19.7293
205051102,Rosedale,Wheat,2022-23,3562,968.4597,3.678
205051102,Rosedale,Wheat,2023-24,1881,968.4597,1.9423
205051102,Rosedale,Wheat,2024-25,3652,968.4597,3.7709
319021503,Gayndah - Mundubbera,Wheat,2022-23,3565,8513.3532,0.4188
319021503,Gayndah - Mundubbera,Wheat,2023-24,2027,8513.3532,0.2381
319021503,Gayndah - Mundubbera,Wheat,2024-25,766,8513.3532,0.09
509031248,Murray,Wheat,2022-23,191,2746.4237,0.0695
509031248,Murray,Wheat,2023-24,52,2746.4237,0.0189
509031248,Murray,Wheat,2024-25,135,2746.4237,0.0492
307011175,Miles - Wandoan,Oats,2022-23,32,11841.615,0.0027
307011175,Miles - Wandoan,Oats,2023-24,247,11841.615,0.0209
307011175,Miles - Wandoan,Oats,2024-25,46,11841.615,0.0039
402011027,Lewiston - Two Wells,Oats,2022-23,15,84.6217,0.1773
402011027,Lewiston - Two Wells,Oats,2024-25,136,84.6217,1.6072
405031120,Jamestown,Oats,2022-23,363,3107.037,0.1168
405031120,Jamestown,Oats,2023-24,150,3107.037,0.0483
405031120,Jamestown,Oats,2024-25,53,3107.037,0.0171
110041205,Tamworth Surrounds,Wheat,2022-23,35745,8980.4841,3.9803
110041205,Tamworth Surrounds,Wheat,2023-24,15057,8980.4841,1.6766
110041205,Tamworth Surrounds,Wheat,2024-25,34681,8980.4841,3.8618
105011093,Cobar,Barley,2022-23,2058,45551.398,0.0452
105011093,Cobar,Barley,2023-24,3201,45551.398,0.0703
105011093,Cobar,Barley,2024-25,10516,45551.398,0.2309
405011111,Light,Barley,2022-23,58046,1111.6724,52.215
405011111,Light,Barley,2023-24,43269,1111.6724,38.9224
405011111,Light,Barley,2024-25,32498,1111.6724,29.2334
110031197,Narrabri,Wheat,2022-23,3713,180.363,20.5863
110031197,Narrabri,Wheat,2023-24,3135,180.363,17.3816
110031197,Narrabri,Wheat,2024-25,4772,180.363,26.4578
109011175,Albury Surrounds,Barley,2022-23,20288,5401.7533,3.7558
109011175,Albury Surrounds,Barley,2023-24,13521,5401.7533,2.5031
109011175,Albury Surrounds,Barley,2024-25,22431,5401.7533,4.1525
113031265,Junee,Barley,2022-23,24953,1970.8746,12.6609
113031265,Junee,Barley,2023-24,20090,1970.8746,10.1934
113031265,Junee,Barley,2024-25,36305,1970.8746,18.4208
202021029,Heathcote,Barley,2022-23,655,756.8174,0.8655
202021029,Heathcote,Barley,2024-25,914,756.8174,1.2077
105011092,Bourke - Brewarrina,Sorghum,2023-24,416,56841.5222,0.0073
105011092,Bourke - Brewarrina,Sorghum,2024-25,1538,56841.5222,0.0271
801041043,Hall,Wheat,2024-25,15638,2.8718,5445.3653
203011035,Golden Plains - South,Oats,2022-23,352,1484.5293,0.2371
203011035,Golden Plains - South,Oats,2023-24,4,1484.5293,0.0027
203011035,Golden Plains - South,Oats,2024-25,495,1484.5293,0.3334
511011275,Esperance Surrounds,Oats,2022-23,2403,55180.793,0.0435
511011275,Esperance Surrounds,Oats,2023-24,204,55180.793,0.0037
511011275,Esperance Surrounds,Oats,2024-25,2178,55180.793,0.0395
317011458,Toowoomba - West,Oats,2022-23,39,161.2951,0.2418
317011458,Toowoomba - West,Oats,2024-25,3,161.2951,0.0186
509021237,Cunderdin,Oats,2022-23,15344,6896.4975,2.2249
509021237,Cunderdin,Oats,2023-24,7969,6896.4975,1.1555
509021237,Cunderdin,Oats,2024-25,13033,6896.4975,1.8898
509031248,Murray,Oats,2022-23,5025,2746.4237,1.8297
509031248,Murray,Oats,2023-24,6088,2746.4237,2.2167
509031248,Murray,Oats,2024-25,9917,2746.4237,3.6109
201031015,Golden Plains - North,Oats,2023-24,597,922.0812,0.6474
201031015,Golden Plains - North,Oats,2024-25,1253,922.0812,1.3589
110041200,Gunnedah Surrounds,Sorghum,2022-23,101706,5765.8611,17.6393
110041200,Gunnedah Surrounds,Sorghum,2023-24,105879,5765.8611,18.3631
110041200,Gunnedah Surrounds,Sorghum,2024-25,148846,5765.8611,25.8151
109031185,Tocumwal - Finley - Jerilderie,Sorghum,2022-23,637,5011.159,0.1271
109031185,Tocumwal - Finley - Jerilderie,Sorghum,2023-24,1108,5011.159,0.2211
109031185,Tocumwal - Finley - Jerilderie,Sorghum,2024-25,730,5011.159,0.1457
307021180,Jondaryan,Sorghum,2022-23,151880,2130.3447,71.2936
307021180,Jondaryan,Sorghum,2023-24,194904,2130.3447,91.4894
307021180,Jondaryan,Sorghum,2024-25,198867,2130.3447,93.3497
113031271,Wagga Wagga Surrounds,Sorghum,2023-24,3793,9334.6874,0.4063
113031271,Wagga Wagga Surrounds,Sorghum,2024-25,1068,9334.6874,0.1144
110021191,Inverell,Sorghum,2022-23,963,207.6617,4.6374
110021191,Inverell,Sorghum,2023-24,2552,207.6617,12.2892
110021191,Inverell,Sorghum,2024-25,1259,207.6617,6.0627
201021012,Gordon (Vic.),Barley,2022-23,372,850.3137,0.4375
201021012,Gordon (Vic.),Barley,2023-24,1270,850.3137,1.4936
407031165,Murray Bridge,Wheat,2022-23,2801,97.5456,28.7148
407031165,Murray Bridge,Wheat,2023-24,3206,97.5456,32.8667
401021008,Mount Barker Surrounds,Barley,2022-23,826,395.6659,2.0876
312011339,Clermont,Oats,2022-23,7,27669.8883,0.0003
406011131,Kimba - Cleve - Franklin Harbour,Wheat,2022-23,931183,15184.3968,61.325
406011131,Kimba - Cleve - Franklin Harbour,Wheat,2023-24,466041,15184.3968,30.6921
406011131,Kimba - Cleve - Franklin Harbour,Wheat,2024-25,398432,15184.3968,26.2396
202021028,Castlemaine Surrounds,Wheat,2022-23,16913,1514.9804,11.1638
202021028,Castlemaine Surrounds,Wheat,2023-24,15208,1514.9804,10.0384
202021028,Castlemaine Surrounds,Wheat,2024-25,14642,1514.9804,9.6648
307011173,Goondiwindi,Wheat,2022-23,98892,830.4585,119.0812
307011173,Goondiwindi,Wheat,2023-24,108003,830.4585,130.0523
307011173,Goondiwindi,Wheat,2024-25,105118,830.4585,126.5783
509031249,Narrogin,Wheat,2022-23,33237,509.3037,65.2597
509031249,Narrogin,Wheat,2023-24,20020,509.3037,39.3086
509031249,Narrogin,Wheat,2024-25,29449,509.3037,57.8221
509031250,Wagin,Wheat,2022-23,186431,9400.051,19.833
509031250,Wagin,Wheat,2023-24,123351,9400.051,13.1224
509031250,Wagin,Wheat,2024-25,136365,9400.051,14.5068
215011394,Yarriambiack,Oats,2022-23,6261,7139.5816,0.8769
215011394,Yarriambiack,Oats,2023-24,4230,7139.5816,0.5925
215011394,Yarriambiack,Oats,2024-25,4193,7139.5816,0.5873
307021179,Crows Nest - Rosalie,Oats,2022-23,44,3250.6881,0.0135
307021179,Crows Nest - Rosalie,Oats,2023-24,32,3250.6881,0.0098
307021179,Crows Nest - Rosalie,Oats,2024-25,7,3250.6881,0.0022
307031185,Southern Downs - East,Oats,2022-23,483,1634.5787,0.2955
307031185,Southern Downs - East,Oats,2023-24,543,1634.5787,0.3322
307031185,Southern Downs - East,Oats,2024-25,370,1634.5787,0.2264
307011177,Roma Surrounds,Sorghum,2022-23,47438,58626.3627,0.8092
307011177,Roma Surrounds,Sorghum,2023-24,32532,58626.3627,0.5549
307011177,Roma Surrounds,Sorghum,2024-25,49988,58626.3627,0.8527
308011191,Central Highlands - West,Oats,2022-23,98,41551.251,0.0024
308011191,Central Highlands - West,Oats,2023-24,63,41551.251,0.0015
308011191,Central Highlands - West,Oats,2024-25,32,41551.251,0.0008
407031163,Loxton Surrounds,Oats,2024-25,35,4790.3357,0.0073
319021508,Monto - Eidsvold,Oats,2024-25,1,11156.4957,0.0001
107031140,Kiama Hinterland - Gerringong,Wheat,2024-25,1868,222.2611,8.4045
204011058,Nagambie,Barley,2022-23,354,1294.3498,0.2735
204011058,Nagambie,Barley,2023-24,328,1294.3498,0.2534
204011058,Nagambie,Barley,2024-25,220,1294.3498,0.17
307031189,Warwick,Barley,2022-23,701,158.7231,4.4165
307031189,Warwick,Barley,2023-24,1043,158.7231,6.5712
307031189,Warwick,Barley,2024-25,776,158.7231,4.889
105011095,Nyngan - Warren,Barley,2022-23,32526,21216.0023,1.5331
105011095,Nyngan - Warren,Barley,2023-24,14706,21216.0023,0.6932
105011095,Nyngan - Warren,Barley,2024-25,68403,21216.0023,3.2241
113031271,Wagga Wagga Surrounds,Barley,2022-23,140943,9334.6874,15.0988
113031271,Wagga Wagga Surrounds,Barley,2023-24,171129,9334.6874,18.3326
113031271,Wagga Wagga Surrounds,Barley,2024-25,189368,9334.6874,20.2865
216021412,Moira,Barley,2022-23,18468,1498.8283,12.3216
216021412,Moira,Barley,2023-24,25216,1498.8283,16.8238
216021412,Moira,Barley,2024-25,25127,1498.8283,16.7644
509021238,Dowerin,Barley,2022-23,278548,11490.3834,24.2418
509021238,Dowerin,Barley,2023-24,169407,11490.3834,14.7434
509021238,Dowerin,Barley,2024-25,311124,11490.3834,27.0769
103021069,West Wyalong,Barley,2022-23,110083,8317.473,13.2351
103021069,West Wyalong,Barley,2023-24,119691,8317.473,14.3903
103021069,West Wyalong,Barley,2024-25,213229,8317.473,25.6363
109031185,Tocumwal - Finley - Jerilderie,Barley,2022-23,74676,5011.159,14.9019
109031185,Tocumwal - Finley - Jerilderie,Barley,2023-24,68908,5011.159,13.7509
109031185,Tocumwal - Finley - Jerilderie,Barley,2024-25,88150,5011.159,17.5907
205021082,Bruthen - Omeo,Barley,2022-23,2379,7377.4172,0.3225
205021082,Bruthen - Omeo,Barley,2023-24,2717,7377.4172,0.3683
205021082,Bruthen - Omeo,Barley,2024-25,2237,7377.4172,0.3032
216011410,Rushworth,Barley,2022-23,12686,1633.8861,7.7643
216011410,Rushworth,Barley,2023-24,14622,1633.8861,8.9492
216011410,Rushworth,Barley,2024-25,16557,1633.8861,10.1335
110041201,Quirindi,Wheat,2022-23,203085,5077.8424,39.9943
110041201,Quirindi,Wheat,2023-24,127859,5077.8424,25.1798
110041201,Quirindi,Wheat,2024-25,280561,5077.8424,55.252
216031416,Shepparton - North,Wheat,2022-23,1773,65.6581,27.0035
216031416,Shepparton - North,Wheat,2023-24,1706,65.6581,25.9831
216031416,Shepparton - North,Wheat,2024-25,2469,65.6581,37.6039
405011110,Barossa - Angaston,Wheat,2022-23,6148,633.8622,9.6993
405011110,Barossa - Angaston,Wheat,2023-24,7222,633.8622,11.3936
405011110,Barossa - Angaston,Wheat,2024-25,5036,633.8622,7.9449
201021009,Bacchus Marsh Surrounds,Wheat,2022-23,19077,1038.8122,18.3642
201021009,Bacchus Marsh Surrounds,Wheat,2023-24,12395,1038.8122,11.9319
201021009,Bacchus Marsh Surrounds,Wheat,2024-25,4459,1038.8122,4.2924
402011025,Gawler - North,Wheat,2022-23,27379,145.5294,188.1338
402011025,Gawler - North,Wheat,2023-24,20923,145.5294,143.7716
402011025,Gawler - North,Wheat,2024-25,11339,145.5294,77.9155
511041292,Northampton - Mullewa - Greenough,Wheat,2022-23,1454352,26161.8873,55.5905
511041292,Northampton - Mullewa - Greenough,Wheat,2023-24,740224,26161.8873,28.294
511041292,Northampton - Mullewa - Greenough,Wheat,2024-25,1341458,26161.8873,51.2753
113031266,Temora,Wheat,2022-23,498583,3434.2619,145.1791
113031266,Temora,Wheat,2023-24,656740,3434.2619,191.2318
113031266,Temora,Wheat,2024-25,374470,3434.2619,109.0394
201031013,Avoca,Wheat,2022-23,22487,1714.2397,13.1178
201031013,Avoca,Wheat,2023-24,22807,1714.2397,13.3044
201031013,Avoca,Wheat,2024-25,21154,1714.2397,12.3402
203021486,Corio - Lovely Banks,Wheat,2022-23,478,74.351,6.429
203021486,Corio - Lovely Banks,Wheat,2023-24,287,74.351,3.8601
203021486,Corio - Lovely Banks,Wheat,2024-25,310,74.351,4.1694
309071254,Jacobs Well - Alberton,Wheat,2022-23,5684,153.7124,36.9781
309071254,Jacobs Well - Alberton,Wheat,2024-25,3987,153.7124,25.9381
110031198,Narrabri Surrounds,Sorghum,2022-23,47605,11965.644,3.9785
110031198,Narrabri Surrounds,Sorghum,2023-24,38718,11965.644,3.2358
110031198,Narrabri Surrounds,Sorghum,2024-25,83388,11965.644,6.969
509021244,Toodyay,Wheat,2022-23,51422,1691.6485,30.3976
509021244,Toodyay,Wheat,2023-24,32214,1691.6485,19.043
509021244,Toodyay,Wheat,2024-25,59257,1691.6485,35.0291
113011257,Griffith Surrounds,Sorghum,2022-23,9218,23020.2045,0.4004
113011257,Griffith Surrounds,Sorghum,2023-24,12334,23020.2045,0.5358
113011257,Griffith Surrounds,Sorghum,2024-25,5152,23020.2045,0.2238
203021043,Lara,Oats,2024-25,95,588.6012,0.1614
307021180,Jondaryan,Barley,2022-23,23518,2130.3447,11.0395
307021180,Jondaryan,Barley,2023-24,37260,2130.3447,17.4901
307021180,Jondaryan,Barley,2024-25,51512,2130.3447,24.1801
509011229,Gnowangerup,Barley,2022-23,489525,15012.8153,32.6071
509011229,Gnowangerup,Barley,2023-24,413825,15012.8153,27.5648
509011229,Gnowangerup,Barley,2024-25,648803,15012.8153,43.2166
110031196,Moree Surrounds,Barley,2022-23,464805,19807.3163,23.4663
110031196,Moree Surrounds,Barley,2023-24,244858,19807.3163,12.362
110031196,Moree Surrounds,Barley,2024-25,766719,19807.3163,38.7089
110031198,Narrabri Surrounds,Barley,2022-23,25307,11965.644,2.115
110031198,Narrabri Surrounds,Barley,2023-24,15544,11965.644,1.2991
110031198,Narrabri Surrounds,Barley,2024-25,64465,11965.644,5.3875
216021413,Numurkah,Barley,2022-23,18990,2320.6721,8.183
216021413,Numurkah,Barley,2023-24,20073,2320.6721,8.6496
216021413,Numurkah,Barley,2024-25,32364,2320.6721,13.946
407031169,The Coorong,Barley,2022-23,116597,8644.9956,13.4872
407031169,The Coorong,Barley,2023-24,98240,8644.9956,11.3638
407031169,The Coorong,Barley,2024-25,31505,8644.9956,3.6443
213041573,Eynesbury - Exford,Barley,2024-25,1459,69.4885,20.9963
406011130,Eyre Peninsula,Oats,2022-23,252,7228.3655,0.0349
406011130,Eyre Peninsula,Oats,2023-24,30,7228.3655,0.0042
406011130,Eyre Peninsula,Oats,2024-25,147,7228.3655,0.0203
109031183,Deniliquin Surrounds,Oats,2022-23,7942,18337.9454,0.4331
109031183,Deniliquin Surrounds,Oats,2023-24,3300,18337.9454,0.18
109031183,Deniliquin Surrounds,Oats,2024-25,10221,18337.9454,0.5574
204021067,Wangaratta Surrounds,Oats,2022-23,66,3587.526,0.0184
204021067,Wangaratta Surrounds,Oats,2024-25,44,3587.526,0.0123
308041528,Banana,Oats,2022-23,18,28531.2933,0.0006
308041528,Banana,Oats,2023-24,53,28531.2933,0.0019
308041528,Banana,Oats,2024-25,33,28531.2933,0.0012
307011174,Inglewood - Waggamba,Oats,2022-23,64,17523.0601,0.0037
307011174,Inglewood - Waggamba,Oats,2023-24,163,17523.0601,0.0093
307011174,Inglewood - Waggamba,Oats,2024-25,84,17523.0601,0.0048
407011145,Kangaroo Island,Oats,2022-23,204,4400.7382,0.0464
407011145,Kangaroo Island,Oats,2023-24,103,4400.7382,0.0234
407011145,Kangaroo Island,Oats,2024-25,64,4400.7382,0.0145
105011095,Nyngan - Warren,Sorghum,2022-23,130,21216.0023,0.0061
105011095,Nyngan - Warren,Sorghum,2023-24,355,21216.0023,0.0167
105011095,Nyngan - Warren,Sorghum,2024-25,280,21216.0023,0.0132
216021413,Numurkah,Sorghum,2024-25,576,2320.6721,0.2482
216011408,Lockington - Gunbower,Sorghum,2023-24,38,1646.4376,0.0231
103021063,Cowra,Sorghum,2022-23,588,242.201,2.4277
